CSI_DATA,AP,10:B4:1D:CC:60:E0,-17,11,0,0,0,0,0,0,0,0,0,-94,0,6,2,3125434,0,374,0,0,2.85919,128,[0 0 0 0 0 0 0 0 0 0 0 0 -16 6 -15 6 -15 6 -15 6 -15 6 -14 6 -14 6 -14 6 -13 6 -13 6 -13 6 -13 7 -12 6 -12 7 -12 7 -11 7 -11 7 -11 7 -11 7 -11 8 -11 8 -10 8 -11 8 -11 8 -11 8 -11 8 0 0 -11 8 -11 8 -11 8 -11 8 -11 8 -12 7 -12 7 -12 6 -12 6 -12 6 -11 6 -11 5 -11 4 -11 4 -11 4 -10 4 -11 3 -10 3 -10 2 -10 2 -10 1 -10 1 -9 1 -9 0 -9 0 -9 0 0 0 0 0 0 0 0 0 0 0 ]
CSI_DATA,AP,10:B4:1D:CC:60:E0,-17,11,0,0,0,0,0,0,0,0,0,-94,0,6,2,3197616,0,374,0,0,2.93316,128,[0 0 0 0 0 0 0 0 0 0 0 0 -17 2 -16 2 -16 2 -16 2 -15 3 -15 3 -15 3 -14 3 -14 3 -14 3 -14 3 -14 3 -14 4 -14 4 -13 4 -13 5 -13 5 -12 5 -12 5 -12 6 -13 5 -12 6 -12 6 -12 5 -12 6 -12 6 0 0 -13 6 -12 6 -12 6 -13 5 -13 5 -12 5 -13 5 -13 5 -12 4 -12 4 -13 3 -12 3 -12 3 -12 2 -11 2 -11 2 -11 1 -11 1 -10 1 -10 0 -10 0 -9 0 -9 -1 -9 -1 -9 -2 -8 -2 0 0 0 0 0 0 0 0 0 0 ]
CSI_DATA,AP,10:B4:1D:CC:60:E0,-18,11,0,0,0,0,0,0,0,0,0,-94,0,6,2,3269773,0,66,0,0,3.01888,128,[0 0 0 0 0 0 0 0 0 0 0 0 14 -9 14 -9 14 -9 14 -9 13 -9 13 -9 12 -9 12 -10 12 -9 11 -9 11 -9 11 -9 11 -10 10 -10 10 -10 10 -10 9 -10 9 -10 9 -10 8 -11 9 -11 9 -11 8 -11 9 -11 8 -11 9 -11 0 0 9 -11 9 -11 9 -11 9 -11 9 -11 9 -11 9 -10 9 -10 9 -10 9 -9 10 -9 9 -8 10 -8 9 -8 9 -7 9 -7 9 -6 9 -6 8 -6 8 -5 8 -5 8 -4 8 -4 8 -3 8 -3 8 -2 0 0 0 0 0 0 0 0 0 0 ]
CSI_DATA,AP,10:B4:1D:CC:60:E0,-18,11,0,0,0,0,0,0,0,0,0,-94,0,6,2,3763696,0,66,0,0,3.47317,128,[0 0 0 0 0 0 0 0 0 0 0 0 -15 8 -15 7 -15 8 -14 8 -14 8 -13 7 -13 8 -13 8 -13 8 -13 8 -12 8 -12 8 -12 8 -11 8 -11 8 -11 9 -10 8 -10 9 -10 9 -10 9 -10 9 -10 9 -10 10 -10 10 -10 10 -10 10 0 0 -10 10 -10 10 -10 9 -10 10 -10 9 -10 9 -10 9 -11 8 -11 8 -11 8 -11 8 -10 7 -10 6 -10 6 -10 6 -10 5 -10 5 -10 4 -10 4 -10 4 -9 4 -9 3 -9 3 -9 2 -9 1 -9 1 0 0 0 0 0 0 0 0 0 0 ]
CSI_DATA,AP,10:B4:1D:CC:60:E0,-18,11,0,0,0,0,0,0,0,0,0,-94,0,6,2,3963630,0,66,0,0,3.67309,128,[0 0 0 0 0 0 0 0 0 0 0 0 14 8 14 8 14 8 13 7 13 7 13 7 13 6 13 6 13 6 13 5 13 5 13 5 13 5 13 4 12 4 13 4 12 3 12 3 13 3 13 2 13 2 13 2 13 2 13 2 13 2 13 2 0 0 13 2 13 2 13 2 13 3 13 3 13 3 13 3 12 3 12 4 12 4 12 4 11 4 11 4 10 4 10 4 9 4 9 5 9 5 8 5 8 5 7 5 7 5 7 5 6 5 6 5 5 6 0 0 0 0 0 0 0 0 0 0 ]
CSI_DATA,AP,10:B4:1D:CC:60:E0,-18,11,0,0,0,0,0,0,0,0,0,-93,0,6,2,4642017,0,66,0,0,4.35149,128,[0 0 0 0 0 0 0 0 0 0 0 0 10 13 10 13 9 13 9 12 9 12 9 12 9 12 9 11 9 11 9 10 10 10 10 9 10 9 10 9 10 9 10 9 10 9 10 8 10 8 10 8 10 8 10 8 10 8 11 7 11 7 11 7 0 0 11 8 11 8 11 8 10 8 10 8 10 9 9 9 9 9 9 9 9 9 8 9 8 9 8 9 7 9 6 9 6 9 6 8 5 8 5 8 4 8 4 8 3 8 3 8 3 8 2 8 2 8 0 0 0 0 0 0 0 0 0 0 ]
CSI_DATA,AP,10:B4:1D:CC:60:E0,-18,11,0,0,0,0,0,0,0,0,0,-93,0,6,2,4669493,0,37,0,0,4.45441,128,[0 0 0 0 0 0 0 0 0 0 0 0 4 16 4 16 4 15 4 15 4 15 4 14 4 14 4 14 4 13 5 13 5 13 5 12 5 12 5 12 6 12 5 12 6 12 6 11 6 11 6 11 7 11 7 11 7 11 7 11 7 11 7 11 0 0 7 11 7 11 7 11 7 11 6 11 6 11 6 12 5 11 5 12 5 11 5 11 4 11 4 11 4 10 3 10 2 10 2 10 2 10 2 9 1 9 1 9 0 9 0 9 0 8 -1 8 -1 8 0 0 0 0 0 0 0 0 0 0 ]
CSI_DATA,AP,10:B4:1D:CC:60:E0,-24,11,1,7,1,1,1,0,0,0,1,-93,0,6,2,4669847,0,68,0,0,4.48916,384,[0 0 0 0 0 0 0 0 0 0 0 0 -10 5 -10 5 -10 5 -9 5 -9 5 -9 5 -9 5 -9 5 -9 5 -8 5 -8 5 -8 5 -7 6 -7 6 -7 6 -7 6 -7 6 -7 6 -6 6 -6 6 -6 6 -6 6 -6 6 -6 7 -6 7 -6 7 0 0 -6 7 -6 7 -6 6 -7 7 -6 6 -6 6 -7 6 -7 6 -7 6 -7 5 -7 5 -7 5 -7 5 -7 4 -7 4 -7 4 -6 4 -6 3 -6 3 -6 3 -6 2 -6 2 -6 2 -6 2 -6 1 -6 1 0 0 0 0 0 0 0 0 0 0 ]
CSI_DATA,AP,10:B4:1D:CC:60:E0,-18,11,0,0,0,0,0,0,0,0,0,-93,0,6,2,4670385,0,37,0,0,4.52462,128,[0 0 0 0 0 0 0 0 0 0 0 0 -10 14 -10 13 -10 14 -9 13 -9 13 -9 13 -8 13 -8 13 -8 13 -8 13 -7 12 -7 13 -7 13 -6 12 -6 12 -6 13 -5 12 -5 13 -5 12 -5 13 -4 13 -4 13 -4 13 -4 13 -4 13 -4 13 0 0 -4 13 -4 13 -4 13 -5 13 -5 13 -5 13 -5 13 -6 12 -6 12 -6 12 -6 11 -6 11 -6 10 -6 10 -6 10 -6 9 -7 9 -7 8 -6 8 -7 7 -7 7 -7 7 -7 6 -7 6 -7 5 -7 5 0 0 0 0 0 0 0 0 0 0 ]
CSI_DATA,AP,10:B4:1D:CC:60:E0,-24,11,1,7,1,1,1,0,0,0,1,-93,0,6,2,4739318,0,68,0,0,4.56372,384,[0 0 0 0 0 0 0 0 0 0 0 0 -10 -7 -9 -7 -9 -7 -9 -7 -9 -6 -9 -6 -9 -6 -9 -6 -9 -6 -9 -5 -9 -5 -9 -5 -9 -5 -9 -5 -9 -5 -9 -4 -9 -4 -9 -4 -9 -4 -9 -4 -9 -4 -9 -4 -9 -4 -9 -3 -9 -3 -9 -3 0 0 -9 -4 -9 -4 -9 -4 -9 -4 -9 -4 -9 -4 -9 -4 -9 -5 -8 -5 -8 -4 -8 -4 -8 -5 -7 -5 -7 -5 -7 -5 -7 -5 -6 -5 -6 -5 -6 -5 -5 -5 -5 -5 -5 -5 -5 -5 -4 -5 -4 -5 -4 -5 0 0 0 0 0 0 0 0 0 0 ]
CSI_DATA,AP,10:B4:1D:CC:60:E0,-23,11,1,7,1,1,1,0,0,0,1,-93,0,6,2,4829141,0,68,0,0,4.60356,384,[0 0 0 0 0 0 0 0 0 0 0 0 -9 -7 -9 -7 -9 -7 -9 -7 -9 -7 -9 -6 -9 -6 -9 -6 -9 -6 -9 -5 -9 -5 -9 -5 -9 -5 -9 -5 -9 -5 -9 -4 -9 -4 -9 -4 -9 -4 -9 -4 -9 -3 -9 -4 -9 -3 -9 -3 -9 -3 -9 -3 0 0 -9 -3 -9 -4 -9 -3 -9 -3 -9 -4 -9 -4 -9 -4 -9 -4 -9 -4 -8 -4 -8 -4 -8 -4 -8 -5 -7 -5 -7 -5 -7 -4 -6 -5 -6 -5 -6 -5 -6 -5 -5 -5 -5 -5 -5 -5 -4 -5 -4 -5 -4 -5 0 0 0 0 0 0 0 0 0 0 ]
CSI_DATA,AP,10:B4:1D:CC:60:E0,-24,11,1,7,1,1,1,0,0,0,1,-93,0,6,2,4919026,0,68,0,0,4.645,384,[0 0 0 0 0 0 0 0 0 0 0 0 -6 9 -6 9 -6 9 -5 9 -5 9 -5 9 -5 9 -5 8 -5 8 -4 9 -4 9 -4 8 -3 8 -3 8 -3 8 -3 8 -3 8 -3 8 -2 8 -3 8 -2 8 -2 8 -2 8 -2 9 -2 9 -2 9 0 0 -2 9 -2 9 -2 9 -2 9 -2 9 -3 9 -3 8 -3 8 -3 8 -3 8 -3 8 -3 7 -3 7 -4 7 -4 7 -4 6 -4 6 -4 6 -4 5 -4 5 -4 5 -5 4 -4 4 -4 4 -5 4 -5 3 0 0 0 0 0 0 0 0 0 0 ]
CSI_DATA,AP,10:B4:1D:CC:60:E0,-18,11,0,0,0,0,0,0,0,0,0,-93,0,6,2,4963613,0,66,0,0,4.6788,128,[0 0 0 0 0 0 0 0 0 0 0 0 -17 0 -17 0 -17 0 -17 1 -16 1 -16 1 -16 1 -16 2 -15 1 -15 2 -15 2 -14 2 -14 2 -14 2 -14 3 -14 3 -14 3 -13 3 -14 4 -13 4 -13 4 -13 4 -13 5 -13 4 -13 5 -14 5 0 0 -14 5 -13 4 -14 4 -13 4 -14 4 -14 4 -14 3 -14 3 -13 2 -13 3 -13 2 -13 2 -13 1 -12 1 -12 0 -12 0 -11 0 -11 0 -11 0 -10 -1 -10 -1 -10 -2 -9 -2 -9 -2 -9 -3 -8 -3 0 0 0 0 0 0 0 0 0 0 ]
CSI_DATA,AP,10:B4:1D:CC:60:E0,-24,11,1,7,1,1,1,1,0,0,1,-93,0,6,2,5009102,0,68,0,0,4.75706,384,[0 0 0 0 0 0 0 0 0 0 0 0 4 10 4 10 4 10 4 9 4 9 4 9 4 9 4 9 4 8 4 8 4 8 4 8 4 7 5 7 4 7 5 7 5 7 5 7 5 7 5 7 5 6 5 7 5 6 6 6 6 6 6 6 0 0 6 6 6 7 6 7 5 7 5 6 5 7 5 7 4 7 4 7 4 7 4 7 4 7 3 7 3 7 3 7 2 6 2 6 2 6 2 6 1 6 1 6 1 6 1 6 0 5 0 5 0 5 0 0 0 0 0 0 0 0 0 0 ]
CSI_DATA,AP,10:B4:1D:CC:60:E0,-23,11,1,5,1,1,1,1,0,0,0,-93,0,6,2,5091776,0,68,0,0,4.80119,384,[0 0 0 0 0 0 0 0 0 0 0 0 5 -10 5 -10 5 -10 5 -10 5 -10 4 -9 4 -9 4 -9 4 -9 3 -9 3 -9 3 -9 3 -9 2 -9 2 -9 2 -9 2 -9 2 -9 1 -9 1 -9 2 -9 1 -9 1 -9 1 -10 1 -10 1 -9 0 0 1 -9 1 -10 1 -9 1 -9 1 -9 1 -9 2 -9 2 -9 2 -9 2 -9 2 -9 2 -8 2 -8 2 -8 3 -8 3 -7 3 -7 3 -7 3 -6 3 -6 3 -6 3 -6 3 -5 3 -5 3 -5 3 -4 0 0 0 0 0 0 0 0 0 0 ]
CSI_DATA,AP,10:B4:1D:CC:60:E0,-24,11,1,7,1,1,1,1,0,0,1,-93,0,6,2,5099263,0,68,0,0,4.83113,384,[0 0 0 0 0 0 0 0 0 0 0 0 -12 0 -12 1 -11 1 -11 1 -11 1 -11 1 -11 1 -11 1 -10 1 -10 1 -10 2 -10 2 -10 2 -9 2 -9 2 -9 2 -9 3 -9 3 -9 3 -9 3 -9 3 -9 3 -9 3 -9 3 -9 3 -9 4 0 0 -9 3 -9 3 -9 3 -9 3 -9 3 -9 3 -9 2 -9 2 -9 2 -9 2 -9 2 -9 2 -9 1 -8 1 -8 1 -8 0 -8 0 -8 0 -7 0 -7 -1 -7 -1 -7 -1 -7 -1 -6 -1 -6 -1 -6 -2 0 0 0 0 0 0 0 0 0 0 ]
CSI_DATA,AP,10:B4:1D:CC:60:E0,-24,11,1,7,1,1,1,1,0,0,1,-93,0,6,2,5189044,0,68,0,0,4.89844,384,[0 0 0 0 0 0 0 0 0 0 0 0 11 -2 10 -2 11 -2 10 -2 10 -2 9 -2 9 -2 9 -2 9 -2 9 -2 9 -3 9 -3 8 -3 8 -3 8 -3 8 -3 8 -3 8 -4 8 -4 8 -4 8 -4 8 -4 8 -4 8 -4 8 -4 8 -4 0 0 8 -4 8 -4 8 -4 8 -4 8 -4 8 -3 8 -3 8 -3 8 -3 8 -2 8 -2 8 -2 7 -2 7 -1 7 -1 7 -1 7 -1 6 -1 6 0 6 0 6 0 6 0 6 0 5 1 5 1 5 1 0 0 0 0 0 0 0 0 0 0 ]
CSI_DATA,AP,10:B4:1D:CC:60:E0,-23,11,1,7,1,1,1,1,0,0,1,-93,0,6,2,5279141,0,68,0,0,4.98853,384,[0 0 0 0 0 0 0 0 0 0 0 0 1 -12 1 -11 1 -11 1 -11 1 -11 1 -11 1 -11 1 -10 1 -10 0 -10 0 -10 0 -10 -1 -10 -1 -10 -1 -10 -1 -10 -1 -10 -1 -9 -2 -10 -2 -9 -2 -9 -2 -9 -2 -9 -3 -10 -2 -9 -2 -9 0 0 -2 -10 -2 -10 -2 -10 -2 -10 -2 -10 -2 -10 -1 -10 -1 -10 -1 -9 -1 -9 -1 -9 -1 -9 -1 -9 0 -8 0 -8 0 -8 0 -8 0 -7 1 -7 1 -7 1 -7 1 -7 1 -6 1 -6 2 -6 2 -6 0 0 0 0 0 0 0 0 0 0 ]
CSI_DATA,AP,10:B4:1D:CC:60:E0,-24,11,1,7,1,1,1,1,0,0,1,-93,0,6,2,5369241,0,68,0,0,5.07863,384,[0 0 0 0 0 0 0 0 0 0 0 0 -9 -8 -9 -8 -9 -8 -8 -7 -9 -7 -8 -7 -8 -7 -8 -7 -8 -6 -8 -6 -8 -6 -8 -6 -8 -6 -8 -5 -8 -5 -9 -5 -8 -5 -9 -5 -9 -4 -9 -4 -9 -4 -9 -4 -9 -4 -9 -4 -9 -4 -9 -4 0 0 -9 -4 -9 -4 -9 -4 -9 -4 -9 -4 -9 -4 -9 -5 -8 -5 -8 -5 -8 -5 -8 -5 -7 -5 -7 -5 -7 -5 -7 -5 -6 -5 -6 -5 -6 -5 -6 -5 -5 -5 -5 -5 -5 -5 -4 -5 -4 -5 -4 -6 -3 -5 0 0 0 0 0 0 0 0 0 0 ]
CSI_DATA,AP,10:B4:1D:CC:60:E0,-24,11,1,7,1,1,1,1,0,0,1,-93,0,6,2,5459411,0,68,0,0,5.16882,384,[0 0 0 0 0 0 0 0 0 0 0 0 8 7 8 7 8 7 8 6 7 6 7 6 7 6 7 6 7 5 7 5 7 5 7 5 7 4 8 4 8 4 8 4 8 4 8 3 8 3 8 3 8 3 8 3 8 3 8 3 8 3 8 3 0 0 8 3 8 3 8 3 8 3 8 3 8 3 8 4 7 4 7 4 7 4 7 4 7 4 6 4 6 4 6 4 5 4 5 4 5 4 5 4 4 4 4 4 4 4 3 4 3 4 3 4 3 4 0 0 0 0 0 0 0 0 0 0 ]
CSI_DATA,AP,10:B4:1D:CC:60:E0,-24,11,1,7,1,1,1,1,0,0,1,-93,0,6,2,5549257,0,68,0,0,5.25865,384,[0 0 0 0 0 0 0 0 0 0 0 0 8 7 8 7 8 7 7 7 7 6 7 6 7 6 7 6 7 6 7 5 7 5 7 5 7 5 7 4 7 4 7 4 7 4 7 4 7 3 8 4 8 3 8 3 8 3 8 3 8 3 8 3 0 0 8 3 8 3 8 3 8 3 8 4 8 4 7 4 7 4 7 4 7 4 7 4 6 5 6 4 6 4 5 4 5 4 5 5 5 4 4 4 4 4 4 4 3 4 3 4 3 4 3 5 2 4 0 0 0 0 0 0 0 0 0 0 ]
CSI_DATA,AP,10:B4:1D:CC:60:E0,-24,11,1,7,1,1,1,1,0,0,1,-93,0,6,2,5639168,0,68,0,0,5.34856,384,[0 0 0 0 0 0 0 0 0 0 0 0 9 -7 8 -7 8 -7 8 -7 8 -7 8 -7 8 -7 7 -7 7 -7 7 -7 7 -7 6 -7 6 -7 6 -7 6 -7 6 -8 5 -7 5 -7 5 -8 5 -8 5 -8 5 -8 5 -8 5 -8 4 -8 5 -8 0 0 5 -8 5 -8 5 -8 5 -8 5 -8 5 -8 5 -8 5 -7 5 -7 6 -7 5 -7 5 -7 5 -6 5 -6 5 -6 5 -5 5 -5 5 -5 5 -4 5 -4 5 -4 5 -4 5 -3 5 -3 5 -3 5 -2 0 0 0 0 0 0 0 0 0 0 ]
CSI_DATA,AP,10:B4:1D:CC:60:E0,-24,11,1,7,1,1,1,1,0,0,1,-93,0,6,2,5729043,0,68,0,0,5.43843,384,[0 0 0 0 0 0 0 0 0 0 0 0 10 -4 10 -4 10 -4 10 -4 10 -4 10 -4 9 -4 9 -4 9 -4 8 -4 8 -5 8 -5 8 -5 8 -5 8 -5 7 -5 7 -5 7 -6 7 -6 7 -6 7 -6 7 -6 7 -6 7 -6 7 -6 7 -6 0 0 7 -6 7 -6 7 -6 7 -6 7 -6 7 -6 7 -5 8 -5 8 -5 7 -5 7 -5 7 -5 7 -4 7 -4 7 -3 7 -3 6 -3 6 -3 6 -2 6 -2 6 -2 6 -1 6 -1 6 -1 6 -1 5 0 0 0 0 0 0 0 0 0 0 0 ]
CSI_DATA,AP,10:B4:1D:CC:60:E0,-24,11,1,7,1,1,1,1,0,0,1,-93,0,6,2,5819109,0,68,0,0,5.5285,384,[0 0 0 0 0 0 0 0 0 0 0 0 6 9 6 8 6 8 6 8 6 8 6 8 6 7 6 7 6 7 6 7 6 7 6 6 6 6 6 6 6 6 6 5 6 5 7 5 7 5 7 5 7 5 7 5 7 5 7 5 7 5 7 5 0 0 7 5 7 5 7 5 7 5 7 5 7 5 6 5 6 5 6 5 6 6 6 6 5 6 5 5 5 6 4 5 4 5 4 5 4 5 3 5 3 5 3 5 2 5 2 5 2 5 2 5 1 5 0 0 0 0 0 0 0 0 0 0 ]
CSI_DATA,AP,10:B4:1D:CC:60:E0,-24,11,1,7,1,1,1,1,0,0,1,-93,0,6,2,5909198,0,68,0,0,5.61859,384,[0 0 0 0 0 0 0 0 0 0 0 0 10 -5 10 -5 9 -5 9 -5 9 -5 9 -5 9 -5 8 -5 8 -5 8 -5 8 -5 7 -5 7 -6 7 -6 7 -6 7 -6 7 -6 6 -6 6 -6 7 -6 6 -6 6 -6 6 -6 6 -7 6 -7 6 -7 0 0 7 -7 6 -6 6 -7 7 -6 7 -6 7 -6 7 -6 6 -6 7 -5 7 -5 7 -5 7 -5 7 -5 6 -4 6 -4 6 -3 6 -3 6 -3 6 -3 6 -2 6 -2 6 -2 5 -2 5 -2 5 -1 5 -1 0 0 0 0 0 0 0 0 0 0 ]
CSI_DATA,AP,10:B4:1D:CC:60:E0,-18,11,0,0,0,0,0,0,0,0,0,-93,0,6,2,5963687,0,66,0,0,5.67314,128,[0 0 0 0 0 0 0 0 0 0 0 0 13 10 13 10 12 9 13 9 12 9 12 8 12 8 12 7 12 7 12 7 12 7 12 6 12 6 12 6 12 6 12 5 12 5 12 5 12 4 12 4 12 4 12 4 12 4 12 4 13 4 13 4 0 0 13 4 13 4 12 4 12 4 12 5 12 5 12 5 12 5 12 5 11 5 11 6 10 6 10 6 10 6 9 6 9 6 8 6 8 6 7 6 7 6 7 6 6 6 6 6 5 6 5 6 4 6 0 0 0 0 0 0 0 0 0 0 ]
CSI_DATA,AP,10:B4:1D:CC:60:E0,-24,11,1,7,1,1,1,1,0,0,1,-93,0,6,2,5999068,0,68,0,0,5.70843,384,[0 0 0 0 0 0 0 0 0 0 0 0 -11 -5 -11 -4 -11 -4 -10 -4 -10 -4 -10 -4 -10 -4 -10 -4 -10 -3 -10 -3 -10 -3 -10 -3 -10 -2 -9 -2 -9 -2 -10 -2 -9 -2 -10 -1 -9 -1 -10 -1 -9 -1 -9 -1 -10 -1 -10 -1 -10 -1 -10 0 0 0 -10 -1 -10 -1 -9 -1 -10 -1 -10 -1 -10 -1 -10 -2 -9 -2 -9 -2 -9 -2 -9 -2 -9 -2 -8 -2 -8 -2 -8 -2 -8 -2 -7 -3 -7 -3 -7 -3 -7 -3 -6 -3 -6 -3 -6 -4 -6 -4 -5 -4 -5 -4 0 0 0 0 0 0 0 0 0 0 ]
CSI_DATA,AP,10:B4:1D:CC:60:E0,-23,11,1,7,1,1,1,1,0,0,1,-93,0,6,2,6089243,0,68,0,0,5.79863,384,[0 0 0 0 0 0 0 0 0 0 0 0 11 0 11 -1 10 -1 10 -1 10 -1 10 -1 10 -1 9 -1 9 -1 9 -2 9 -2 9 -2 9 -2 9 -2 9 -2 9 -3 8 -3 8 -3 8 -3 8 -3 8 -3 8 -3 8 -4 8 -4 8 -4 8 -4 0 0 8 -4 8 -4 8 -4 8 -4 8 -3 8 -3 8 -3 8 -3 8 -3 8 -2 8 -2 8 -2 8 -2 7 -1 7 -1 7 -1 7 -1 7 -1 6 0 6 0 6 0 6 0 6 0 5 0 5 1 5 1 0 0 0 0 0 0 0 0 0 0 ]
CSI_DATA,AP,10:B4:1D:CC:60:E0,-23,11,1,7,1,1,1,1,0,0,1,-93,0,6,2,6179174,0,68,0,0,5.88856,384,[0 0 0 0 0 0 0 0 0 0 0 0 -12 -3 -11 -3 -11 -3 -11 -3 -11 -3 -11 -2 -11 -3 -10 -2 -10 -2 -10 -2 -10 -2 -10 -1 -10 -1 -10 -1 -10 -1 -10 0 -9 0 -9 0 -10 0 -10 0 -9 0 -10 0 -10 0 -10 1 -10 1 -10 1 0 0 -10 0 -10 0 -10 0 -10 0 -10 0 -10 0 -10 0 -9 -1 -10 -1 -9 -1 -9 -1 -9 -1 -9 -1 -8 -2 -8 -2 -8 -2 -8 -2 -7 -2 -7 -2 -7 -3 -7 -3 -6 -3 -6 -3 -6 -3 -6 -3 -5 -4 0 0 0 0 0 0 0 0 0 0 ]
CSI_DATA,AP,10:B4:1D:CC:60:E0,-23,11,1,7,1,1,1,1,0,0,1,-93,0,6,2,6269172,0,68,0,0,5.97856,384,[0 0 0 0 0 0 0 0 0 0 0 0 0 -12 0 -11 0 -12 0 -11 0 -11 0 -11 0 -11 -1 -10 0 -10 -1 -10 -1 -10 -1 -10 -2 -10 -2 -10 -2 -10 -2 -10 -2 -10 -2 -9 -3 -9 -3 -9 -3 -9 -3 -9 -3 -9 -3 -9 -3 -9 -3 -9 0 0 -3 -9 -3 -10 -3 -10 -3 -9 -3 -9 -2 -10 -2 -10 -2 -9 -2 -9 -2 -9 -2 -9 -1 -9 -1 -9 -1 -8 0 -8 0 -8 0 -8 0 -7 0 -7 1 -7 1 -7 1 -7 1 -7 1 -6 1 -6 2 -6 0 0 0 0 0 0 0 0 0 0 ]
CSI_DATA,AP,10:B4:1D:CC:60:E0,-23,11,1,7,1,1,1,1,0,0,1,-93,0,6,2,6359261,0,68,0,0,6.06865,384,[0 0 0 0 0 0 0 0 0 0 0 0 -11 -4 -11 -4 -11 -4 -11 -4 -11 -3 -11 -3 -10 -3 -10 -3 -10 -3 -10 -3 -10 -2 -10 -2 -10 -2 -10 -2 -10 -2 -10 -1 -10 -1 -10 -1 -10 -1 -10 -1 -10 -1 -9 -1 -10 0 -10 0 -10 0 -10 0 0 0 -10 0 -10 -1 -10 -1 -10 -1 -10 -1 -10 -1 -10 -1 -9 -1 -9 -2 -9 -2 -9 -2 -9 -2 -8 -2 -8 -2 -8 -3 -8 -3 -7 -3 -7 -3 -7 -3 -7 -3 -6 -3 -6 -4 -6 -3 -6 -4 -5 -4 -5 -4 0 0 0 0 0 0 0 0 0 0 ]
CSI_DATA,AP,10:B4:1D:CC:60:E0,-23,11,1,7,1,1,1,1,0,0,1,-93,0,6,2,6449218,0,68,0,0,6.1586,384,[0 0 0 0 0 0 0 0 0 0 0 0 10 1 10 1 10 1 10 1 9 1 10 0 9 0 9 0 9 0 9 0 9 -1 9 -1 9 -1 8 -1 9 -1 8 -2 8 -2 8 -2 8 -2 8 -2 8 -2 8 -2 8 -2 8 -3 8 -3 8 -3 0 0 8 -3 8 -3 8 -3 8 -3 8 -3 8 -2 8 -2 8 -2 8 -1 8 -1 8 -1 8 -1 7 -1 7 -1 7 0 7 0 6 0 6 0 6 0 6 0 6 1 6 1 5 1 5 1 5 1 5 2 0 0 0 0 0 0 0 0 0 0 ]
CSI_DATA,AP,10:B4:1D:CC:60:E0,-23,11,1,7,1,1,1,1,0,0,1,-93,0,6,2,6539096,0,68,0,0,6.24848,384,[0 0 0 0 0 0 0 0 0 0 0 0 -4 -11 -4 -11 -4 -11 -4 -10 -5 -10 -4 -10 -4 -10 -4 -10 -4 -10 -5 -9 -5 -9 -5 -9 -5 -9 -5 -9 -5 -9 -5 -8 -5 -8 -5 -8 -6 -8 -6 -8 -5 -8 -6 -8 -6 -8 -6 -8 -6 -8 -6 -8 0 0 -6 -8 -6 -8 -6 -8 -6 -8 -5 -8 -5 -9 -5 -9 -5 -8 -5 -8 -4 -8 -4 -8 -4 -8 -4 -8 -3 -8 -3 -8 -3 -7 -2 -8 -2 -7 -2 -7 -2 -7 -1 -7 -1 -7 -1 -7 -1 -6 0 -6 0 -6 0 0 0 0 0 0 0 0 0 0 ]
CSI_DATA,AP,10:B4:1D:CC:60:E0,-23,11,1,7,1,1,1,1,0,0,1,-93,0,6,2,6629278,0,68,0,0,6.33867,384,[0 0 0 0 0 0 0 0 0 0 0 0 9 4 9 4 9 4 9 4 9 3 9 3 9 3 9 3 8 3 8 2 8 2 8 2 8 2 8 1 8 1 8 1 8 1 8 1 8 1 8 0 8 1 8 0 8 0 8 0 8 0 8 0 0 0 9 0 8 0 8 0 9 0 9 1 8 1 8 1 8 1 8 1 8 1 8 1 7 1 7 2 7 2 6 2 6 2 6 2 6 2 6 2 5 2 5 2 5 2 4 3 4 3 4 3 4 3 0 0 0 0 0 0 0 0 0 0 ]
CSI_DATA,AP,10:B4:1D:CC:60:E0,-23,11,1,7,1,1,1,1,0,0,1,-93,0,6,2,6719165,0,68,0,0,6.42856,384,[0 0 0 0 0 0 0 0 0 0 0 0 -7 -10 -7 -9 -7 -10 -7 -9 -7 -9 -7 -9 -6 -9 -6 -9 -6 -8 -7 -8 -7 -8 -7 -8 -7 -7 -7 -7 -7 -7 -7 -7 -7 -6 -7 -7 -7 -6 -8 -6 -7 -6 -7 -6 -8 -6 -8 -6 -8 -6 -8 -6 0 0 -8 -6 -8 -6 -8 -6 -8 -6 -7 -7 -7 -7 -7 -7 -7 -7 -7 -7 -6 -7 -6 -7 -6 -7 -6 -7 -5 -7 -5 -7 -5 -6 -5 -7 -4 -6 -4 -6 -4 -6 -3 -6 -3 -6 -3 -6 -2 -6 -2 -6 -2 -6 0 0 0 0 0 0 0 0 0 0 ]
CSI_DATA,AP,10:B4:1D:CC:60:E0,-21,11,1,7,0,1,1,1,0,0,1,-93,0,6,2,6811802,0,68,0,0,6.52119,256,[0 0 0 0 0 0 0 0 0 0 0 0 -8 -16 -8 -16 -8 -16 -8 -15 -8 -15 -8 -14 -9 -14 -8 -14 -9 -13 -9 -13 -9 -13 -9 -12 -9 -12 -9 -12 -9 -11 -10 -11 -10 -11 -10 -11 -10 -10 -10 -10 -10 -10 -11 -10 -11 -10 -11 -10 -11 -10 -11 -10 0 0 -11 -10 -11 -10 -11 -10 -11 -10 -11 -10 -10 -10 -10 -10 -10 -11 -10 -11 -9 -11 -9 -11 -8 -10 -8 -10 -8 -10 -7 -10 -7 -10 -6 -10 -6 -10 -6 -10 -5 -10 -5 -9 -4 -9 -4 -9 -3 -9 -3 -9 -2 -9 0 0 0 0 0 0 0 0 0 0 ]
CSI_DATA,AP,10:B4:1D:CC:60:E0,-23,11,1,7,1,1,1,1,0,0,1,-93,0,6,2,6899152,0,68,0,0,6.60854,384,[0 0 0 0 0 0 0 0 0 0 0 0 10 3 10 3 10 3 10 3 9 3 10 2 9 2 9 2 9 2 9 1 9 1 9 1 9 1 9 0 9 0 9 0 9 0 8 0 9 0 9 0 8 0 9 0 9 -1 9 -1 9 -1 9 -1 0 0 9 -1 9 -1 9 -1 9 -1 9 -1 9 0 9 0 8 0 8 0 8 0 8 0 8 0 7 1 7 1 7 1 7 1 6 1 6 1 6 1 6 2 6 2 5 2 5 2 5 2 5 2 4 3 0 0 0 0 0 0 0 0 0 0 ]
CSI_DATA,AP,10:B4:1D:CC:60:E0,-18,11,0,0,0,0,0,0,0,0,0,-93,0,6,2,6964380,0,66,0,0,6.67384,128,[0 0 0 0 0 0 0 0 0 0 0 0 14 -10 13 -10 13 -10 13 -10 12 -10 12 -10 12 -10 11 -10 11 -10 11 -10 11 -10 10 -10 10 -10 10 -10 9 -10 9 -11 9 -11 8 -11 8 -11 8 -11 8 -11 8 -11 8 -11 8 -12 8 -12 8 -12 0 0 8 -12 8 -12 8 -12 8 -12 8 -11 9 -11 9 -11 9 -10 9 -10 9 -10 9 -10 9 -9 9 -8 9 -8 8 -8 9 -7 8 -7 8 -6 8 -6 8 -6 8 -5 8 -5 8 -4 8 -4 8 -3 7 -3 0 0 0 0 0 0 0 0 0 0 ]
CSI_DATA,AP,10:B4:1D:CC:60:E0,-23,11,1,7,1,1,1,1,0,0,1,-93,0,6,2,6989158,0,68,0,0,6.70439,384,[0 0 0 0 0 0 0 0 0 0 0 0 0 11 0 11 0 11 0 10 0 10 0 10 0 10 0 10 0 9 1 9 1 9 1 9 1 9 1 9 1 9 1 8 2 8 2 8 2 8 2 8 2 8 2 8 2 8 2 8 2 8 3 8 0 0 2 8 2 8 2 8 2 8 2 8 2 9 1 9 1 8 1 8 0 8 1 8 0 8 0 8 0 7 0 7 -1 7 -1 7 -1 6 -1 6 -2 6 -2 6 -2 6 -2 5 -2 5 -3 5 -3 4 0 0 0 0 0 0 0 0 0 0 ]
CSI_DATA,AP,10:B4:1D:CC:60:E0,-23,11,1,7,1,1,1,1,0,0,1,-93,0,6,2,7079180,0,68,0,0,6.78858,384,[0 0 0 0 0 0 0 0 0 0 0 0 0 11 1 10 0 10 1 10 1 10 1 10 0 10 1 9 1 9 1 9 2 9 2 9 2 8 2 8 2 9 2 8 2 8 2 8 3 8 3 8 3 8 3 8 3 8 3 8 3 8 4 8 0 0 3 8 3 8 3 8 3 8 3 8 3 8 2 8 2 8 2 8 2 8 2 8 2 8 1 8 1 7 1 7 0 7 0 7 0 6 0 6 -1 6 -1 6 -1 6 -1 6 -1 6 -1 5 -2 5 0 0 0 0 0 0 0 0 0 0 ]
CSI_DATA,AP,10:B4:1D:CC:60:E0,-24,11,1,7,1,1,1,1,0,0,1,-93,0,6,2,7169225,0,68,0,0,6.87861,384,[0 0 0 0 0 0 0 0 0 0 0 0 -6 9 -7 9 -6 9 -6 9 -6 8 -6 9 -6 8 -5 8 -6 8 -5 8 -5 8 -4 8 -4 8 -4 8 -4 8 -4 8 -4 8 -3 8 -3 8 -3 8 -3 8 -3 8 -3 8 -2 8 -2 9 -3 9 0 0 -3 9 -3 9 -3 9 -3 8 -3 8 -3 8 -4 8 -4 8 -4 8 -4 8 -4 7 -4 7 -4 7 -4 7 -5 6 -5 6 -4 6 -4 5 -5 5 -5 5 -5 4 -5 4 -5 4 -5 4 -5 3 -5 3 0 0 0 0 0 0 0 0 0 0 ]
CSI_DATA,AP,10:B4:1D:CC:60:E0,-24,11,1,7,1,1,1,1,0,0,1,-93,0,6,2,7259052,0,68,0,0,6.96844,384,[0 0 0 0 0 0 0 0 0 0 0 0 -1 11 -1 10 0 11 0 10 0 10 0 10 0 10 0 10 0 9 0 9 0 9 0 9 1 9 1 8 1 8 1 9 1 8 2 8 2 8 2 8 2 8 2 8 2 8 2 8 2 8 2 8 0 0 2 8 2 8 2 8 2 9 2 8 1 8 1 9 1 8 1 8 1 8 1 8 0 8 0 8 0 7 0 7 -1 7 -1 7 -1 6 -1 6 -1 6 -2 6 -2 6 -2 5 -2 5 -2 5 -3 4 0 0 0 0 0 0 0 0 0 0 ]
CSI_DATA,AP,10:B4:1D:CC:60:E0,-24,11,1,7,1,1,1,1,0,0,1,-93,0,6,2,7349121,0,68,0,0,7.05851,384,[0 0 0 0 0 0 0 0 0 0 0 0 2 10 2 10 2 10 2 10 2 9 2 9 2 9 2 9 2 9 3 8 3 8 3 8 3 8 4 8 4 8 4 7 4 8 4 7 4 7 4 7 4 7 4 7 5 7 5 7 5 7 5 7 0 0 5 7 5 7 5 7 5 7 4 7 4 7 4 7 4 7 4 7 3 7 3 7 3 7 3 7 2 7 2 7 2 7 2 6 2 6 1 6 1 6 1 6 0 6 0 6 0 6 0 5 -1 5 0 0 0 0 0 0 0 0 0 0 ]
CSI_DATA,AP,10:B4:1D:CC:60:E0,-23,11,1,7,1,1,1,1,0,0,1,-93,0,6,2,7439084,0,68,0,0,7.14847,384,[0 0 0 0 0 0 0 0 0 0 0 0 -7 -9 -7 -9 -7 -9 -7 -9 -7 -9 -7 -9 -7 -8 -7 -8 -7 -8 -7 -8 -7 -8 -7 -7 -7 -7 -7 -7 -7 -7 -7 -6 -7 -6 -7 -6 -8 -6 -8 -6 -8 -6 -8 -6 -8 -6 -8 -5 -8 -6 -8 -5 0 0 -8 -6 -8 -6 -8 -6 -8 -6 -8 -6 -8 -6 -8 -6 -7 -6 -7 -6 -7 -6 -7 -6 -6 -7 -6 -6 -6 -7 -5 -6 -5 -6 -5 -6 -5 -6 -4 -6 -4 -6 -4 -6 -3 -6 -3 -6 -3 -6 -3 -6 -2 -6 0 0 0 0 0 0 0 0 0 0 ]
CSI_DATA,AP,10:B4:1D:CC:60:E0,-24,11,1,7,1,1,1,1,0,0,1,-93,0,6,2,7529087,0,68,0,0,7.23847,384,[0 0 0 0 0 0 0 0 0 0 0 0 9 -6 9 -6 9 -6 9 -6 8 -6 8 -6 8 -6 8 -6 8 -6 7 -6 7 -6 7 -6 7 -6 6 -6 6 -6 6 -7 6 -7 6 -7 6 -7 6 -7 6 -7 5 -7 6 -7 5 -7 5 -7 6 -8 0 0 6 -7 6 -7 6 -7 6 -7 6 -7 6 -7 6 -7 6 -6 6 -6 6 -6 6 -6 6 -6 6 -5 6 -5 6 -5 6 -4 6 -4 6 -4 6 -3 5 -3 6 -3 6 -3 5 -2 5 -2 5 -2 5 -1 0 0 0 0 0 0 0 0 0 0 ]
CSI_DATA,AP,10:B4:1D:CC:60:E0,-24,11,1,7,1,1,1,1,0,0,1,-93,0,6,2,7619145,0,68,0,0,7.32854,384,[0 0 0 0 0 0 0 0 0 0 0 0 10 -4 10 -4 10 -4 9 -4 9 -4 9 -4 9 -4 9 -4 9 -4 8 -5 8 -5 8 -5 7 -5 7 -5 7 -5 7 -5 7 -5 7 -5 7 -6 7 -6 7 -5 7 -6 7 -6 6 -6 6 -6 7 -6 0 0 7 -6 7 -6 7 -6 7 -6 7 -6 7 -6 7 -5 7 -5 7 -5 7 -5 7 -5 7 -4 7 -4 7 -4 7 -3 7 -3 6 -3 6 -3 6 -2 6 -2 6 -1 6 -1 5 -1 5 -1 5 -1 5 0 0 0 0 0 0 0 0 0 0 0 ]
CSI_DATA,AP,10:B4:1D:CC:60:E0,-24,11,1,7,1,1,1,1,0,0,1,-93,0,6,2,7709303,0,68,0,0,7.41869,384,[0 0 0 0 0 0 0 0 0 0 0 0 -9 7 -8 7 -8 7 -8 7 -8 7 -8 7 -7 7 -7 7 -7 7 -7 7 -7 7 -7 7 -6 7 -6 7 -6 7 -5 7 -5 7 -5 7 -5 7 -5 7 -5 7 -5 7 -5 8 -5 8 -5 7 -5 8 0 0 -5 8 -5 8 -5 7 -5 8 -5 7 -5 7 -5 7 -5 7 -6 7 -6 7 -6 6 -6 6 -6 6 -6 5 -6 5 -5 5 -6 5 -6 4 -6 4 -6 4 -6 3 -6 3 -6 3 -6 2 -6 2 -6 1 0 0 0 0 0 0 0 0 0 0 ]
CSI_DATA,AP,10:B4:1D:CC:60:E0,-24,11,1,7,1,1,1,1,0,0,1,-93,0,6,2,7799234,0,68,0,0,7.50862,384,[0 0 0 0 0 0 0 0 0 0 0 0 -2 -12 -2 -11 -2 -11 -2 -11 -2 -11 -2 -11 -2 -10 -3 -10 -3 -10 -3 -10 -3 -10 -3 -9 -4 -9 -4 -9 -4 -9 -4 -9 -4 -9 -4 -8 -5 -9 -5 -9 -5 -8 -5 -9 -5 -8 -5 -8 -5 -8 -5 -8 0 0 -5 -9 -5 -8 -5 -9 -5 -8 -5 -9 -5 -9 -4 -9 -4 -9 -4 -9 -4 -9 -4 -8 -3 -8 -3 -8 -3 -8 -2 -8 -2 -8 -2 -7 -2 -8 -2 -7 -1 -7 -1 -7 -1 -7 -1 -7 0 -6 0 -6 0 -6 0 0 0 0 0 0 0 0 0 0 ]
CSI_DATA,AP,10:B4:1D:CC:60:E0,-24,11,1,7,1,1,1,1,0,0,1,-93,0,6,2,7889233,0,68,0,0,7.59862,384,[0 0 0 0 0 0 0 0 0 0 0 0 6 -9 6 -9 6 -9 6 -9 6 -9 6 -9 5 -9 5 -9 5 -9 4 -9 4 -9 4 -9 4 -9 4 -9 4 -9 3 -9 3 -9 3 -9 3 -9 3 -9 3 -9 2 -9 2 -9 2 -9 2 -9 2 -9 0 0 2 -9 2 -9 2 -9 3 -9 3 -9 3 -9 3 -9 3 -9 3 -8 3 -8 3 -8 3 -8 3 -8 3 -7 4 -7 4 -7 4 -6 4 -6 4 -6 4 -5 4 -5 4 -5 4 -5 4 -4 4 -4 4 -4 0 0 0 0 0 0 0 0 0 0 ]
CSI_DATA,AP,10:B4:1D:CC:60:E0,-24,11,1,7,1,1,1,1,0,0,1,-93,0,6,2,7979143,0,68,0,0,7.68853,384,[0 0 0 0 0 0 0 0 0 0 0 0 -7 8 -7 9 -7 8 -7 8 -6 8 -6 8 -6 8 -6 8 -6 8 -5 8 -5 8 -5 8 -5 8 -4 8 -4 8 -4 8 -4 8 -4 8 -3 8 -3 8 -3 8 -3 8 -3 8 -3 8 -3 8 -3 8 0 0 -3 8 -3 8 -3 8 -3 8 -3 8 -4 8 -4 8 -4 8 -4 8 -4 7 -4 7 -4 7 -4 7 -4 6 -5 6 -5 6 -5 5 -5 5 -5 5 -5 4 -5 4 -5 4 -5 4 -5 4 -5 3 -5 3 0 0 0 0 0 0 0 0 0 0 ]
CSI_DATA,AP,10:B4:1D:CC:60:E0,-24,11,1,7,1,1,1,1,0,0,1,-93,0,6,2,8069237,0,68,0,0,7.77863,384,[0 0 0 0 0 0 0 0 0 0 0 0 9 6 9 5 9 5 8 5 8 5 8 5 8 5 8 4 8 4 8 4 8 4 8 4 8 3 8 3 8 3 8 3 8 3 8 2 8 2 8 2 8 2 8 2 8 2 8 2 8 2 8 1 0 0 8 2 9 2 8 2 8 2 8 2 8 2 8 3 8 3 8 3 8 3 7 3 7 3 7 3 6 3 6 3 6 3 5 4 5 4 5 4 5 4 4 4 4 4 4 4 3 4 3 4 3 4 0 0 0 0 0 0 0 0 0 0 ]
CSI_DATA,AP,10:B4:1D:CC:60:E0,-24,11,1,7,1,1,1,1,0,0,1,-93,0,6,2,8159212,0,68,0,0,7.8686,384,[0 0 0 0 0 0 0 0 0 0 0 0 -11 3 -11 3 -11 3 -10 3 -10 3 -10 4 -10 4 -10 4 -9 4 -9 4 -9 4 -9 4 -9 4 -8 4 -8 4 -8 4 -8 5 -8 5 -8 5 -8 5 -7 5 -7 5 -7 6 -7 5 -7 5 -7 6 0 0 -8 6 -7 6 -7 5 -8 6 -8 5 -8 5 -8 5 -8 5 -8 5 -8 4 -8 4 -8 4 -7 4 -7 3 -7 3 -7 3 -7 3 -7 2 -7 2 -7 2 -7 2 -7 1 -6 1 -6 1 -6 0 -6 0 0 0 0 0 0 0 0 0 0 0 ]
CSI_DATA,AP,10:B4:1D:CC:60:E0,-24,11,1,7,1,1,1,1,0,0,1,-93,0,6,2,8249219,0,68,0,0,7.95861,384,[0 0 0 0 0 0 0 0 0 0 0 0 -2 -12 -1 -11 -2 -11 -2 -11 -2 -11 -2 -11 -2 -10 -2 -10 -2 -10 -2 -10 -3 -10 -3 -10 -3 -10 -3 -9 -3 -9 -3 -9 -4 -9 -4 -9 -4 -9 -4 -9 -4 -9 -4 -9 -4 -9 -5 -9 -5 -9 -5 -9 0 0 -4 -9 -5 -9 -5 -9 -4 -9 -4 -9 -4 -9 -4 -9 -4 -9 -3 -9 -3 -9 -3 -8 -3 -9 -3 -8 -2 -8 -2 -8 -2 -8 -2 -8 -1 -7 -1 -7 -1 -7 -1 -7 0 -7 0 -7 0 -6 0 -6 1 -6 0 0 0 0 0 0 0 0 0 0 ]
CSI_DATA,AP,10:B4:1D:CC:60:E0,-24,11,1,7,1,1,1,1,0,0,1,-93,0,6,2,8339159,0,68,0,0,8.04855,384,[0 0 0 0 0 0 0 0 0 0 0 0 -10 5 -10 5 -10 5 -9 5 -9 5 -9 5 -9 5 -9 5 -9 5 -8 5 -8 5 -8 6 -8 6 -7 6 -7 6 -7 6 -7 6 -7 6 -6 6 -7 6 -7 6 -6 6 -6 6 -6 7 -6 7 -6 7 0 0 -6 6 -6 7 -6 6 -7 7 -6 6 -7 6 -7 6 -7 6 -7 5 -7 5 -7 5 -7 5 -7 5 -7 4 -7 4 -7 3 -7 3 -6 3 -7 3 -6 2 -6 2 -6 2 -6 2 -6 1 -6 1 -6 1 0 0 0 0 0 0 0 0 0 0 ]
CSI_DATA,AP,10:B4:1D:CC:60:E0,-24,11,1,7,1,1,1,1,0,0,1,-93,0,6,2,8429122,0,68,0,0,8.13851,384,[0 0 0 0 0 0 0 0 0 0 0 0 10 3 10 3 10 2 10 3 9 2 10 2 9 2 9 2 9 2 9 1 9 1 9 1 9 1 9 1 9 0 9 0 9 0 8 0 8 0 8 0 8 -1 8 0 8 -1 9 -1 9 -1 9 -1 0 0 9 -1 9 -1 9 -1 9 0 9 0 9 0 8 0 8 0 8 0 8 1 8 1 8 1 7 1 7 1 7 1 7 2 6 2 6 2 6 2 6 2 5 2 5 2 5 2 5 3 4 3 4 3 0 0 0 0 0 0 0 0 0 0 ]
CSI_DATA,AP,10:B4:1D:CC:60:E0,-24,11,1,7,1,1,1,1,0,0,1,-93,0,6,2,8519165,0,68,0,0,8.22856,384,[0 0 0 0 0 0 0 0 0 0 0 0 -10 6 -10 6 -9 6 -9 5 -9 5 -9 6 -9 6 -9 5 -8 5 -8 5 -7 6 -7 6 -7 6 -7 6 -7 6 -7 6 -7 6 -6 6 -6 7 -6 7 -6 6 -6 7 -6 6 -6 7 -6 7 -6 7 0 0 -6 7 -6 7 -6 7 -6 7 -6 7 -6 7 -6 6 -6 6 -6 6 -6 6 -6 6 -6 5 -6 5 -6 5 -6 5 -6 4 -6 4 -6 4 -6 3 -6 3 -6 3 -6 2 -6 3 -6 2 -6 2 -6 1 0 0 0 0 0 0 0 0 0 0 ]
CSI_DATA,AP,10:B4:1D:CC:60:E0,-24,11,1,7,1,1,1,1,0,0,1,-93,0,6,2,8609190,0,68,0,0,8.31859,384,[0 0 0 0 0 0 0 0 0 0 0 0 9 -6 9 -6 9 -6 9 -6 8 -6 8 -6 8 -6 8 -6 8 -6 7 -6 7 -6 7 -6 7 -6 7 -6 6 -7 6 -7 6 -7 6 -7 6 -7 6 -7 6 -7 5 -7 6 -7 5 -7 5 -7 5 -8 0 0 6 -7 5 -7 5 -7 6 -7 6 -7 6 -7 6 -7 6 -7 6 -7 6 -6 6 -6 6 -6 6 -5 6 -5 6 -5 6 -4 6 -4 6 -4 6 -4 5 -3 5 -3 5 -3 5 -3 5 -2 5 -2 5 -1 0 0 0 0 0 0 0 0 0 0 ]
CSI_DATA,AP,10:B4:1D:CC:60:E0,-24,11,1,7,1,1,1,1,0,0,1,-93,0,6,2,8699043,0,68,0,0,8.40843,384,[0 0 0 0 0 0 0 0 0 0 0 0 -3 10 -3 10 -3 10 -3 10 -3 10 -3 10 -3 9 -3 9 -3 9 -2 9 -2 9 -2 9 -2 9 -2 9 -1 9 -1 8 -1 9 -1 9 0 9 0 8 0 9 0 8 0 8 0 9 0 9 0 9 0 0 0 9 0 9 0 9 -1 9 -1 9 -1 9 -1 9 -1 8 -1 8 -2 8 -2 8 -2 8 -2 7 -2 7 -2 7 -3 7 -3 6 -3 6 -3 6 -3 5 -3 5 -3 5 -4 5 -4 5 -4 4 -4 4 0 0 0 0 0 0 0 0 0 0 ]
CSI_DATA,AP,10:B4:1D:CC:60:E0,-24,11,1,7,1,1,1,1,0,0,1,-93,0,6,2,8789300,0,68,0,0,8.49869,384,[0 0 0 0 0 0 0 0 0 0 0 0 7 -8 7 -8 7 -8 7 -8 7 -8 6 -8 6 -8 6 -8 6 -8 5 -8 5 -8 5 -8 5 -8 5 -8 5 -8 5 -8 4 -8 4 -8 4 -9 4 -8 4 -8 4 -8 4 -8 3 -9 3 -9 3 -9 0 0 4 -9 4 -8 4 -9 4 -9 4 -9 4 -8 4 -8 5 -8 5 -8 5 -7 4 -7 5 -7 5 -7 5 -6 5 -6 5 -6 5 -5 5 -5 5 -5 5 -4 5 -4 5 -4 5 -4 5 -4 5 -3 5 -2 0 0 0 0 0 0 0 0 0 0 ]
CSI_DATA,AP,10:B4:1D:CC:60:E0,-24,11,1,7,1,1,1,1,0,0,1,-93,0,6,2,8879216,0,68,0,0,8.58861,384,[0 0 0 0 0 0 0 0 0 0 0 0 10 -3 10 -2 10 -2 10 -2 10 -2 10 -3 9 -3 9 -2 9 -3 9 -3 9 -3 8 -4 8 -4 8 -4 8 -4 8 -4 8 -4 8 -4 7 -5 8 -5 8 -4 7 -5 7 -5 7 -5 7 -5 8 -5 0 0 8 -5 8 -5 7 -5 8 -5 8 -5 8 -5 8 -4 7 -4 8 -4 8 -4 7 -4 7 -4 7 -3 7 -3 7 -2 7 -2 6 -2 7 -2 6 -1 6 -1 6 -1 6 -1 6 -1 5 0 5 0 5 0 0 0 0 0 0 0 0 0 0 0 ]
CSI_DATA,AP,10:B4:1D:CC:60:E0,-23,11,1,7,1,1,1,1,0,0,1,-93,0,6,2,8969092,0,68,0,0,8.67848,384,[0 0 0 0 0 0 0 0 0 0 0 0 -1 11 0 10 0 10 0 10 0 10 0 10 0 10 0 9 0 9 1 9 1 9 1 9 1 9 2 9 1 8 2 8 2 8 2 8 2 8 3 8 3 8 2 8 3 8 3 8 3 8 3 8 0 0 3 8 3 8 3 8 3 8 3 8 2 8 2 8 2 8 2 8 1 8 2 8 1 8 1 7 1 7 1 7 0 7 0 7 0 6 0 6 0 6 -1 6 -1 6 -1 6 -1 5 -1 5 -2 5 0 0 0 0 0 0 0 0 0 0 ]
CSI_DATA,AP,10:B4:1D:CC:60:E0,-24,11,1,7,1,1,1,1,0,0,1,-93,0,6,2,9059076,0,68,0,0,8.76847,384,[0 0 0 0 0 0 0 0 0 0 0 0 11 1 10 1 10 0 10 0 10 0 10 0 10 0 10 0 9 0 9 -1 9 -1 9 -1 9 -1 9 -1 9 -2 9 -2 9 -2 8 -2 8 -2 8 -2 8 -3 8 -3 8 -3 8 -3 8 -3 8 -3 0 0 8 -3 8 -3 8 -3 9 -3 8 -3 8 -2 8 -2 8 -2 8 -2 8 -1 8 -1 8 -1 8 -1 7 -1 7 0 7 0 7 0 7 0 6 0 6 0 6 1 6 1 5 1 5 1 5 1 5 2 0 0 0 0 0 0 0 0 0 0 ]
CSI_DATA,AP,10:B4:1D:CC:60:E0,-24,11,1,7,1,1,1,1,0,0,1,-93,0,6,2,9149213,0,68,0,0,8.8586,384,[0 0 0 0 0 0 0 0 0 0 0 0 9 6 8 6 9 6 8 5 8 5 8 5 8 5 8 5 8 4 8 4 8 4 8 4 8 3 8 3 8 3 8 3 8 3 8 3 8 2 8 2 8 2 8 2 8 2 8 2 8 2 8 2 0 0 8 2 8 2 8 2 9 2 8 2 8 3 8 3 8 3 8 3 7 3 7 3 7 3 7 3 6 3 6 3 6 3 6 4 5 3 5 4 5 4 4 4 4 4 4 4 3 4 3 4 3 4 0 0 0 0 0 0 0 0 0 0 ]
CSI_DATA,AP,10:B4:1D:CC:60:E0,-24,11,1,7,1,1,1,1,0,0,1,-93,0,6,2,9239139,0,68,0,0,8.94853,384,[0 0 0 0 0 0 0 0 0 0 0 0 8 7 8 7 8 7 8 6 7 6 7 6 7 6 7 6 7 6 7 5 7 5 7 5 7 4 7 4 7 4 7 4 7 4 8 4 8 4 8 4 8 3 8 3 8 3 8 3 8 3 8 3 0 0 8 3 8 3 8 3 8 3 8 4 7 4 7 4 7 4 7 4 7 4 6 4 6 4 6 4 6 4 5 4 5 4 5 4 4 4 4 4 4 4 4 4 3 5 3 4 3 4 2 5 2 5 0 0 0 0 0 0 0 0 0 0 ]
CSI_DATA,AP,10:B4:1D:CC:60:E0,-24,11,1,7,1,1,1,1,0,0,1,-93,0,6,2,9329113,0,68,0,0,9.0385,384,[0 0 0 0 0 0 0 0 0 0 0 0 10 3 10 3 10 3 9 3 10 3 9 3 9 2 9 2 9 2 9 2 9 1 9 1 9 1 9 1 8 1 9 0 8 0 9 0 8 0 8 0 8 0 8 0 9 0 9 -1 8 -1 9 -1 0 0 9 -1 9 -1 8 0 9 -1 9 0 9 0 9 0 8 0 8 1 8 1 8 1 8 1 7 1 7 1 7 1 7 1 6 2 6 2 6 2 6 2 5 2 5 2 5 2 5 3 4 3 4 3 0 0 0 0 0 0 0 0 0 0 ]
CSI_DATA,AP,10:B4:1D:CC:60:E0,-24,11,1,7,1,1,1,1,0,0,1,-93,0,6,2,9419077,0,68,0,0,9.12846,384,[0 0 0 0 0 0 0 0 0 0 0 0 7 7 7 7 7 7 7 7 7 7 7 7 7 6 7 6 7 6 7 6 7 5 7 5 7 5 7 5 7 5 7 4 7 4 7 4 7 4 7 4 7 4 7 4 7 4 8 3 8 3 8 3 0 0 8 4 8 4 8 4 8 4 8 4 7 4 7 5 7 5 7 4 7 4 6 4 6 4 6 5 6 5 5 5 5 5 4 5 4 5 4 5 4 5 3 5 3 5 3 4 2 4 2 5 2 5 0 0 0 0 0 0 0 0 0 0 ]
CSI_DATA,AP,10:B4:1D:CC:60:E0,-24,11,1,7,1,1,1,1,0,0,1,-93,0,6,2,9509053,0,68,0,0,9.21846,384,[0 0 0 0 0 0 0 0 0 0 0 0 9 6 8 6 8 6 8 6 8 5 8 5 8 5 8 5 8 4 8 4 8 4 8 4 8 3 8 3 8 3 8 3 8 3 8 3 8 2 8 2 8 2 8 2 8 2 8 2 8 2 9 1 0 0 8 2 8 2 8 2 8 2 8 2 8 2 8 2 8 2 8 3 7 3 7 3 7 3 7 3 7 3 6 3 6 3 6 3 5 3 5 3 5 3 5 3 4 4 4 4 4 3 3 4 3 4 0 0 0 0 0 0 0 0 0 0 ]
CSI_DATA,AP,10:B4:1D:CC:60:E0,-24,11,1,7,1,1,1,1,0,0,1,-93,0,6,2,9599126,0,68,0,0,9.30852,384,[0 0 0 0 0 0 0 0 0 0 0 0 -7 -10 -7 -10 -7 -9 -7 -9 -7 -9 -7 -9 -6 -8 -7 -8 -6 -8 -7 -8 -7 -7 -7 -7 -7 -7 -7 -7 -7 -7 -7 -7 -7 -6 -7 -6 -8 -6 -8 -6 -7 -6 -8 -6 -8 -6 -8 -6 -8 -6 -8 -6 0 0 -8 -6 -8 -6 -8 -6 -8 -6 -8 -6 -8 -6 -7 -7 -7 -6 -7 -7 -7 -6 -7 -6 -6 -6 -6 -7 -6 -7 -5 -6 -5 -6 -5 -6 -5 -6 -4 -6 -4 -6 -4 -6 -3 -6 -3 -6 -3 -6 -3 -6 -2 -6 0 0 0 0 0 0 0 0 0 0 ]
CSI_DATA,AP,10:B4:1D:CC:60:E0,-24,11,1,7,1,1,1,1,0,0,1,-93,0,6,2,9689083,0,68,0,0,9.39847,384,[0 0 0 0 0 0 0 0 0 0 0 0 0 -12 0 -11 0 -11 0 -11 0 -11 0 -11 0 -11 0 -10 -1 -10 -1 -10 -1 -10 -1 -10 -1 -10 -2 -10 -2 -9 -2 -10 -2 -9 -2 -9 -3 -9 -3 -9 -3 -9 -3 -9 -3 -9 -3 -9 -3 -9 -3 -9 0 0 -3 -9 -3 -9 -3 -9 -3 -9 -3 -9 -2 -10 -2 -10 -2 -9 -2 -9 -1 -9 -1 -9 -1 -9 -1 -9 -1 -8 0 -8 0 -8 0 -8 0 -7 0 -7 0 -7 1 -7 1 -7 1 -6 1 -6 1 -6 2 -5 0 0 0 0 0 0 0 0 0 0 ]
CSI_DATA,AP,10:B4:1D:CC:60:E0,-24,11,1,7,1,1,1,1,0,0,1,-93,0,6,2,9781437,0,68,0,0,9.49083,384,[0 0 0 0 0 0 0 0 0 0 0 0 -11 3 -11 3 -11 3 -10 2 -10 3 -10 3 -10 3 -10 3 -10 3 -9 3 -9 3 -9 3 -9 3 -9 4 -9 4 -8 4 -8 4 -8 4 -8 4 -8 4 -8 4 -8 4 -8 5 -8 5 -8 5 -8 5 0 0 -8 5 -8 5 -8 5 -8 5 -8 4 -8 4 -8 4 -8 4 -8 3 -8 3 -8 3 -8 3 -8 3 -8 2 -8 2 -8 2 -7 2 -7 1 -7 1 -7 1 -7 0 -7 0 -7 0 -6 0 -6 0 -6 -1 0 0 0 0 0 0 0 0 0 0 ]
CSI_DATA,AP,10:B4:1D:CC:60:E0,-24,11,1,7,1,1,1,1,0,0,1,-93,0,6,2,9869125,0,68,0,0,9.57851,384,[0 0 0 0 0 0 0 0 0 0 0 0 -11 4 -11 4 -10 4 -10 4 -10 4 -10 4 -10 4 -9 4 -9 4 -9 4 -9 4 -9 4 -8 4 -8 5 -8 5 -8 5 -8 5 -8 5 -8 5 -7 5 -7 5 -7 5 -7 5 -7 6 -7 6 -7 6 0 0 -7 6 -7 5 -7 6 -8 5 -7 5 -8 5 -8 5 -8 4 -8 4 -8 4 -8 4 -8 4 -7 3 -8 3 -8 3 -7 2 -7 2 -7 2 -7 2 -7 1 -7 1 -7 1 -6 1 -6 1 -6 0 -6 -1 0 0 0 0 0 0 0 0 0 0 ]
CSI_DATA,AP,10:B4:1D:CC:60:E0,-24,11,1,7,1,1,1,1,0,0,1,-93,0,6,2,9959371,0,68,0,0,9.66876,384,[0 0 0 0 0 0 0 0 0 0 0 0 -7 9 -7 9 -6 9 -6 8 -6 8 -6 8 -6 8 -6 8 -5 8 -5 8 -5 8 -5 8 -4 8 -4 8 -4 8 -4 8 -3 8 -3 8 -3 8 -3 8 -3 8 -3 8 -3 8 -2 8 -2 8 -2 8 0 0 -2 9 -2 9 -2 8 -3 9 -2 8 -3 8 -3 8 -3 8 -3 8 -3 8 -3 7 -3 7 -3 7 -4 7 -4 6 -4 6 -4 6 -4 6 -4 5 -4 5 -4 5 -4 5 -4 4 -4 4 -5 4 -5 3 0 0 0 0 0 0 0 0 0 0 ]
CSI_DATA,AP,10:B4:1D:CC:60:E0,-24,11,1,7,1,1,1,1,0,0,1,-93,0,6,2,10049165,0,68,0,0,9.75855,384,[0 0 0 0 0 0 0 0 0 0 0 0 -5 10 -5 9 -5 9 -5 9 -5 9 -5 9 -4 9 -4 9 -4 9 -4 9 -4 9 -3 9 -3 8 -3 8 -3 9 -2 8 -2 8 -2 8 -2 8 -2 8 -2 8 -1 9 -1 8 -1 9 -1 9 -1 9 0 0 -2 9 -1 9 -2 9 -2 9 -2 9 -2 9 -2 9 -2 8 -2 8 -2 8 -3 7 -3 7 -3 7 -3 7 -3 7 -3 6 -3 6 -3 6 -4 5 -3 5 -4 5 -4 5 -4 5 -4 4 -4 4 -4 4 0 0 0 0 0 0 0 0 0 0 ]
CSI_DATA,AP,10:B4:1D:CC:60:E0,-24,11,1,7,1,1,1,1,0,0,1,-93,0,6,2,10139242,0,68,0,0,9.84863,384,[0 0 0 0 0 0 0 0 0 0 0 0 3 10 3 10 3 9 3 9 3 9 3 9 4 8 4 8 3 8 4 8 4 8 4 7 4 8 4 7 5 7 5 7 5 7 5 6 5 6 5 6 5 6 5 6 5 6 6 6 6 6 6 6 0 0 6 6 6 6 6 6 6 6 5 6 5 7 5 7 5 6 5 6 4 6 4 6 4 6 4 7 4 6 3 6 3 6 3 6 3 6 2 6 2 6 2 5 1 5 1 5 1 5 1 5 0 5 0 0 0 0 0 0 0 0 0 0 ]
CSI_DATA,AP,10:B4:1D:CC:60:E0,-24,11,1,7,1,1,1,1,0,0,1,-93,0,6,2,10229077,0,68,0,0,9.93846,384,[0 0 0 0 0 0 0 0 0 0 0 0 11 -1 11 -1 10 -1 10 -1 10 -1 10 -2 9 -2 9 -2 9 -2 9 -2 9 -2 9 -3 9 -3 8 -3 8 -3 8 -3 8 -3 8 -3 8 -4 8 -4 8 -4 8 -4 8 -4 8 -4 8 -4 8 -4 0 0 8 -4 8 -4 8 -4 8 -4 8 -4 8 -4 8 -4 8 -3 8 -3 8 -2 8 -2 8 -2 8 -2 7 -2 7 -1 7 -1 7 -1 7 -1 6 -1 6 0 6 0 6 0 5 0 5 0 5 1 5 1 0 0 0 0 0 0 0 0 0 0 ]
CSI_DATA,AP,10:B4:1D:CC:60:E0,-24,11,1,7,1,1,1,1,0,0,1,-93,0,6,2,10319218,0,68,0,0,10.0286,384,[0 0 0 0 0 0 0 0 0 0 0 0 -11 2 -11 2 -11 2 -11 2 -10 2 -11 2 -10 2 -10 2 -10 2 -9 2 -10 3 -9 3 -9 3 -9 3 -9 3 -9 3 -9 3 -9 4 -9 4 -8 4 -8 4 -8 4 -8 4 -8 4 -8 4 -8 4 0 0 -9 4 -8 4 -8 4 -9 4 -9 4 -9 4 -9 3 -9 3 -9 3 -9 3 -9 2 -8 2 -8 2 -8 2 -8 2 -8 1 -8 1 -8 1 -7 1 -7 0 -7 0 -7 0 -7 0 -6 -1 -6 -1 -6 -1 0 0 0 0 0 0 0 0 0 0 ]
CSI_DATA,AP,10:B4:1D:CC:60:E0,-24,11,1,7,1,1,1,1,0,0,1,-93,0,6,2,10409032,0,68,0,0,10.1184,384,[0 0 0 0 0 0 0 0 0 0 0 0 -7 9 -7 9 -6 8 -6 8 -6 8 -6 9 -6 8 -6 8 -6 8 -5 8 -5 8 -5 8 -4 8 -4 8 -4 8 -4 8 -4 8 -3 8 -3 8 -3 8 -3 8 -3 8 -3 8 -3 8 -3 8 -3 8 0 0 -3 9 -3 8 -3 8 -3 8 -3 8 -4 8 -4 8 -4 8 -4 8 -4 7 -4 7 -4 7 -4 7 -4 7 -4 6 -4 6 -4 6 -4 5 -5 5 -5 4 -5 4 -5 4 -5 4 -5 4 -5 3 -5 3 0 0 0 0 0 0 0 0 0 0 ]
CSI_DATA,AP,10:B4:1D:CC:60:E0,-24,11,1,7,1,1,1,1,0,0,1,-93,0,6,2,10499116,0,68,0,0,10.2085,384,[0 0 0 0 0 0 0 0 0 0 0 0 5 9 5 9 5 9 5 8 5 8 5 8 5 8 5 8 5 8 5 7 5 7 5 7 5 7 5 7 6 6 6 6 6 6 6 6 6 6 6 6 6 6 6 6 6 5 6 6 6 6 7 5 0 0 6 6 6 6 6 6 6 6 6 6 6 6 6 6 5 6 5 6 5 6 5 6 4 6 4 6 4 6 4 6 3 6 3 6 3 6 3 5 2 5 2 5 2 5 1 5 1 5 1 5 0 5 0 0 0 0 0 0 0 0 0 0 ]
CSI_DATA,AP,10:B4:1D:CC:60:E0,-24,11,1,7,1,1,1,1,0,0,1,-93,0,6,2,10589129,0,68,0,0,10.2985,384,[0 0 0 0 0 0 0 0 0 0 0 0 -10 6 -10 6 -9 6 -9 6 -9 5 -9 6 -9 5 -9 5 -8 5 -8 6 -8 6 -7 6 -7 6 -7 6 -7 6 -6 6 -6 6 -6 6 -6 7 -6 6 -6 6 -6 7 -6 7 -5 7 -5 7 -6 7 0 0 -6 7 -6 7 -6 7 -6 7 -6 7 -6 6 -7 6 -7 6 -7 6 -6 6 -6 6 -6 5 -6 5 -6 5 -6 4 -6 4 -6 4 -6 4 -6 3 -6 3 -6 3 -6 2 -6 2 -6 2 -6 2 -6 1 0 0 0 0 0 0 0 0 0 0 ]
CSI_DATA,AP,10:B4:1D:CC:60:E0,-24,11,1,7,1,1,1,1,0,0,1,-93,0,6,2,10679180,0,68,0,0,10.3886,384,[0 0 0 0 0 0 0 0 0 0 0 0 -11 -5 -11 -4 -11 -4 -10 -4 -10 -4 -10 -4 -10 -4 -10 -4 -10 -3 -10 -3 -10 -3 -10 -3 -9 -3 -9 -3 -9 -2 -10 -2 -9 -2 -10 -2 -9 -2 -10 -1 -9 -1 -9 -1 -10 -1 -10 -1 -9 -1 -10 -1 0 0 -10 -1 -10 -1 -10 -1 -10 -1 -10 -1 -10 -2 -9 -2 -9 -2 -9 -2 -9 -3 -9 -3 -8 -3 -8 -3 -8 -3 -8 -3 -7 -3 -7 -3 -7 -3 -7 -3 -6 -3 -6 -4 -6 -4 -6 -4 -5 -4 -5 -4 -4 -4 0 0 0 0 0 0 0 0 0 0 ]
CSI_DATA,AP,10:B4:1D:CC:60:E0,-24,11,1,7,1,1,1,1,0,0,1,-93,0,6,2,10769256,0,68,0,0,10.4786,384,[0 0 0 0 0 0 0 0 0 0 0 0 -7 -9 -7 -9 -7 -9 -7 -9 -7 -9 -7 -8 -7 -8 -7 -8 -7 -8 -7 -7 -7 -7 -7 -7 -7 -7 -8 -6 -8 -6 -8 -6 -8 -6 -8 -6 -8 -6 -8 -6 -8 -5 -8 -6 -8 -5 -8 -5 -8 -5 -9 -5 0 0 -8 -5 -8 -5 -8 -6 -8 -5 -8 -6 -8 -6 -8 -6 -8 -6 -7 -6 -7 -6 -7 -6 -7 -6 -7 -6 -6 -6 -6 -6 -5 -6 -5 -6 -5 -6 -5 -6 -4 -6 -4 -6 -4 -6 -4 -6 -3 -6 -3 -6 -3 -6 0 0 0 0 0 0 0 0 0 0 ]
CSI_DATA,AP,10:B4:1D:CC:60:E0,-24,11,1,7,1,1,1,1,0,0,1,-93,0,6,2,10859181,0,68,0,0,10.5686,384,[0 0 0 0 0 0 0 0 0 0 0 0 -11 4 -11 4 -11 4 -10 3 -10 4 -10 4 -10 4 -10 4 -10 4 -9 4 -9 4 -9 4 -9 4 -9 4 -9 4 -8 5 -8 5 -8 5 -8 5 -8 5 -8 5 -8 5 -8 5 -7 6 -7 6 -8 6 0 0 -8 6 -8 6 -8 6 -8 5 -8 5 -8 5 -8 5 -8 4 -8 4 -8 4 -8 4 -8 4 -8 3 -8 3 -8 3 -8 2 -7 2 -7 2 -7 1 -7 1 -7 1 -7 1 -7 0 -6 0 -7 0 -6 -1 0 0 0 0 0 0 0 0 0 0 ]
CSI_DATA,AP,10:B4:1D:CC:60:E0,-23,11,1,7,1,1,1,1,0,0,1,-93,0,6,2,10949051,0,68,0,0,10.6584,384,[0 0 0 0 0 0 0 0 0 0 0 0 -11 2 -11 2 -11 2 -11 2 -11 2 -11 2 -10 2 -10 2 -10 2 -9 2 -10 2 -9 3 -9 3 -9 3 -9 3 -9 3 -9 3 -9 4 -8 4 -8 4 -8 4 -8 4 -8 4 -8 4 -8 4 -8 4 0 0 -9 4 -8 4 -9 4 -8 4 -9 4 -9 4 -9 3 -9 3 -9 3 -8 3 -8 3 -8 3 -8 2 -8 2 -8 2 -8 1 -7 1 -8 1 -7 0 -7 0 -7 0 -7 0 -6 0 -6 0 -6 -1 -6 -1 0 0 0 0 0 0 0 0 0 0 ]
CSI_DATA,AP,10:B4:1D:CC:60:E0,-24,11,1,7,1,1,1,1,0,0,1,-93,0,6,2,11039173,0,68,0,0,10.7486,384,[0 0 0 0 0 0 0 0 0 0 0 0 -12 1 -11 1 -11 1 -11 1 -11 1 -11 1 -11 1 -10 1 -10 1 -10 1 -10 2 -10 2 -9 2 -9 2 -9 2 -9 2 -9 3 -9 3 -9 3 -9 3 -9 3 -9 3 -9 3 -9 3 -9 4 -9 3 0 0 -9 3 -9 3 -9 3 -9 3 -9 3 -9 3 -9 2 -9 2 -9 2 -9 2 -9 2 -8 1 -8 1 -8 1 -8 1 -8 0 -8 0 -8 0 -7 0 -7 -1 -7 -1 -7 -1 -7 -1 -6 -1 -6 -2 -6 -2 0 0 0 0 0 0 0 0 0 0 ]
CSI_DATA,AP,10:B4:1D:CC:60:E0,-24,11,1,7,1,1,1,1,0,0,1,-93,0,6,2,11129299,0,68,0,0,10.8387,384,[0 0 0 0 0 0 0 0 0 0 0 0 -12 -2 -11 -2 -11 -2 -11 -2 -11 -1 -11 -1 -11 -1 -10 -1 -10 -1 -10 0 -10 0 -10 0 -10 0 -10 0 -10 0 -10 1 -9 1 -10 1 -9 1 -9 1 -9 1 -9 1 -9 2 -9 2 -9 2 -9 2 0 0 -10 2 -9 2 -9 2 -10 1 -9 1 -10 1 -9 1 -9 1 -9 0 -9 0 -9 0 -9 0 -9 0 -8 -1 -8 -1 -8 -1 -8 -1 -7 -1 -7 -1 -7 -1 -7 -2 -7 -2 -6 -2 -6 -2 -6 -2 -6 -3 0 0 0 0 0 0 0 0 0 0 ]
CSI_DATA,AP,10:B4:1D:CC:60:E0,-23,11,1,7,1,1,1,1,0,0,1,-93,0,6,2,11219114,0,68,0,0,10.9285,384,[0 0 0 0 0 0 0 0 0 0 0 0 6 -10 6 -10 5 -10 5 -9 5 -9 5 -10 5 -9 5 -9 4 -9 4 -9 4 -9 3 -9 3 -9 3 -9 3 -9 3 -9 2 -9 2 -9 2 -9 2 -9 2 -9 2 -9 2 -9 1 -10 1 -9 1 -10 0 0 1 -9 1 -10 1 -10 2 -9 2 -9 2 -9 2 -9 2 -9 2 -9 3 -9 2 -9 3 -8 3 -8 3 -8 3 -7 3 -7 3 -7 3 -7 3 -6 3 -6 3 -6 3 -5 3 -5 3 -5 4 -5 4 -4 0 0 0 0 0 0 0 0 0 0 ]
CSI_DATA,AP,10:B4:1D:CC:60:E0,-24,11,1,7,1,1,1,1,0,0,1,-93,0,6,2,11309019,0,68,0,0,11.0184,384,[0 0 0 0 0 0 0 0 0 0 0 0 1 -12 1 -12 0 -11 0 -11 0 -11 0 -11 0 -10 0 -10 0 -10 -1 -10 -1 -10 -1 -10 -1 -10 -1 -10 -1 -10 -1 -9 -1 -10 -2 -9 -2 -10 -2 -10 -2 -9 -2 -9 -2 -9 -3 -9 -3 -10 -3 -10 0 0 -2 -10 -2 -10 -2 -10 -2 -9 -2 -10 -2 -10 -1 -10 -1 -9 -1 -9 -1 -9 -1 -9 -1 -9 -1 -9 0 -9 0 -8 0 -8 0 -7 0 -7 1 -7 1 -7 1 -7 1 -6 1 -6 1 -6 2 -6 2 -6 0 0 0 0 0 0 0 0 0 0 ]
CSI_DATA,AP,10:B4:1D:CC:60:E0,-24,11,1,7,1,1,1,1,0,0,1,-93,0,6,2,11399219,0,68,0,0,11.1086,384,[0 0 0 0 0 0 0 0 0 0 0 0 -11 2 -11 2 -11 2 -10 2 -11 3 -10 3 -10 3 -10 3 -10 3 -10 3 -9 3 -9 3 -9 3 -9 3 -9 3 -9 4 -8 4 -8 4 -8 4 -8 4 -8 4 -8 4 -8 5 -8 5 -8 5 -8 5 0 0 -8 5 -8 5 -8 5 -8 5 -8 4 -8 4 -8 4 -8 4 -8 4 -8 3 -8 3 -8 3 -8 3 -8 3 -8 2 -7 2 -7 2 -7 1 -7 1 -7 1 -7 1 -7 0 -7 0 -6 0 -6 0 -6 -1 0 0 0 0 0 0 0 0 0 0 ]
CSI_DATA,AP,10:B4:1D:CC:60:E0,-24,11,1,7,1,1,1,1,0,0,1,-93,0,6,2,11489072,0,68,0,0,11.1985,384,[0 0 0 0 0 0 0 0 0 0 0 0 -1 -12 -2 -11 -2 -11 -2 -11 -2 -11 -2 -11 -2 -10 -2 -10 -2 -10 -2 -10 -2 -10 -2 -10 -3 -10 -3 -9 -3 -9 -3 -9 -3 -9 -4 -9 -4 -9 -4 -9 -4 -9 -4 -9 -4 -9 -4 -9 -4 -9 -4 -9 0 0 -4 -9 -4 -9 -4 -9 -4 -9 -4 -9 -3 -9 -3 -9 -3 -9 -3 -9 -2 -9 -3 -9 -2 -9 -2 -9 -2 -8 -1 -8 -1 -8 -1 -8 -1 -7 0 -7 0 -7 0 -7 0 -7 0 -7 1 -6 1 -6 1 -6 0 0 0 0 0 0 0 0 0 0 ]
CSI_DATA,AP,10:B4:1D:CC:60:E0,-24,11,1,7,1,1,1,1,0,0,1,-93,0,6,2,11579218,0,68,0,0,11.2886,384,[0 0 0 0 0 0 0 0 0 0 0 0 3 -11 3 -11 3 -11 3 -10 3 -10 3 -10 3 -10 3 -10 3 -10 2 -10 2 -10 1 -10 1 -10 1 -10 1 -10 1 -9 0 -9 0 -9 0 -9 0 -10 0 -9 0 -10 0 -9 -1 -10 -1 -10 -1 -10 0 0 0 -10 0 -10 0 -10 0 -10 0 -10 0 -10 0 -10 1 -9 1 -9 1 -9 1 -9 1 -9 1 -9 1 -8 1 -8 2 -8 2 -8 2 -7 2 -7 2 -7 2 -6 2 -6 2 -6 2 -6 3 -5 3 -5 0 0 0 0 0 0 0 0 0 0 ]
CSI_DATA,AP,10:B4:1D:CC:60:E0,-24,11,1,7,1,1,1,1,0,0,1,-93,0,6,2,11669025,0,68,0,0,11.3784,384,[0 0 0 0 0 0 0 0 0 0 0 0 -10 6 -10 6 -9 6 -9 5 -9 5 -9 5 -9 5 -8 6 -8 5 -8 6 -8 6 -8 6 -7 6 -7 6 -7 6 -7 6 -7 6 -6 6 -6 6 -6 7 -6 7 -6 7 -6 7 -6 7 -6 7 -6 7 0 0 -6 7 -6 7 -6 7 -6 7 -6 7 -6 7 -6 6 -6 6 -7 6 -7 6 -6 5 -6 5 -6 5 -6 5 -7 4 -6 4 -6 4 -6 3 -6 3 -6 3 -6 3 -6 2 -6 2 -6 2 -6 1 -6 1 0 0 0 0 0 0 0 0 0 0 ]
CSI_DATA,AP,10:B4:1D:CC:60:E0,-23,11,1,7,1,1,1,1,0,0,1,-93,0,6,2,11759424,0,68,0,0,11.4688,384,[0 0 0 0 0 0 0 0 0 0 0 0 -11 4 -11 4 -11 4 -10 4 -10 4 -10 4 -10 4 -10 4 -10 4 -9 4 -9 4 -9 4 -9 5 -8 5 -8 5 -8 5 -8 5 -8 5 -8 5 -8 5 -7 5 -8 5 -8 6 -7 6 -7 6 -8 6 0 0 -8 6 -7 6 -7 6 -8 6 -7 6 -8 5 -8 5 -8 5 -8 5 -8 4 -8 4 -7 4 -8 4 -7 3 -7 3 -7 3 -7 3 -7 2 -7 2 -7 2 -7 1 -7 1 -7 1 -6 1 -6 0 -6 0 0 0 0 0 0 0 0 0 0 0 ]
CSI_DATA,AP,10:B4:1D:CC:60:E0,-24,11,1,7,1,1,1,1,0,0,1,-93,0,6,2,11849179,0,68,0,0,11.5586,384,[0 0 0 0 0 0 0 0 0 0 0 0 -6 9 -5 9 -5 9 -5 9 -5 9 -5 9 -5 9 -5 8 -4 8 -4 8 -4 8 -4 9 -3 8 -3 8 -3 8 -3 8 -3 8 -3 8 -2 8 -3 8 -2 8 -2 8 -2 8 -2 9 -2 8 -2 8 0 0 -2 8 -2 8 -2 9 -2 8 -2 8 -3 8 -3 8 -3 8 -3 8 -4 8 -4 7 -4 7 -4 7 -4 7 -4 6 -4 6 -4 6 -4 5 -4 5 -4 5 -5 4 -5 4 -5 4 -5 4 -5 3 -5 3 0 0 0 0 0 0 0 0 0 0 ]
CSI_DATA,AP,10:B4:1D:CC:60:E0,-24,11,1,7,1,1,1,1,0,0,1,-93,0,6,2,11939168,0,68,0,0,11.6486,384,[0 0 0 0 0 0 0 0 0 0 0 0 -4 10 -4 10 -3 10 -4 10 -3 10 -3 9 -3 9 -3 9 -3 9 -2 9 -2 9 -2 9 -2 9 -1 9 -1 9 -2 9 -1 8 -1 9 -1 9 -1 9 -1 8 -1 9 0 9 0 9 0 9 0 9 0 0 0 9 -1 9 -1 9 -1 9 -1 9 -1 9 -1 9 -1 8 -2 8 -2 8 -2 8 -2 8 -2 8 -2 7 -3 7 -3 6 -3 6 -3 6 -3 6 -3 5 -3 5 -4 5 -4 5 -4 5 -4 4 -4 4 0 0 0 0 0 0 0 0 0 0 ]
CSI_DATA,AP,10:B4:1D:CC:60:E0,-24,11,1,7,1,1,1,1,0,0,1,-93,0,6,2,12029197,0,68,0,0,11.7386,384,[0 0 0 0 0 0 0 0 0 0 0 0 4 10 4 9 4 9 4 9 4 9 4 9 4 8 4 8 4 8 4 8 5 8 4 7 5 7 5 7 5 7 5 7 5 7 5 6 5 6 5 6 5 6 6 6 5 6 6 6 6 6 6 6 0 0 6 6 6 6 6 6 6 6 6 7 5 7 5 7 5 7 5 6 4 7 4 6 4 7 4 7 3 6 3 6 3 6 3 6 2 6 2 6 2 6 2 6 1 5 1 5 1 5 0 5 0 5 0 0 0 0 0 0 0 0 0 0 ]
CSI_DATA,AP,10:B4:1D:CC:60:E0,-24,11,1,7,1,1,1,1,0,0,1,-93,0,6,2,12119275,0,68,0,0,11.8287,384,[0 0 0 0 0 0 0 0 0 0 0 0 8 -7 8 -7 8 -7 8 -7 8 -7 7 -7 7 -7 7 -7 7 -7 7 -7 6 -7 6 -7 6 -7 6 -7 5 -7 5 -8 5 -7 5 -8 5 -8 5 -8 5 -8 4 -8 5 -8 4 -8 4 -8 5 -8 0 0 5 -8 4 -8 4 -8 5 -8 4 -8 5 -8 5 -8 5 -7 5 -7 5 -7 5 -7 5 -7 5 -6 5 -6 5 -6 5 -5 5 -5 5 -5 5 -4 5 -4 5 -4 5 -4 5 -3 5 -3 5 -3 5 -2 0 0 0 0 0 0 0 0 0 0 ]
CSI_DATA,AP,10:B4:1D:CC:60:E0,-24,11,1,7,1,1,1,1,0,0,1,-93,0,6,2,12209401,0,68,0,0,11.9188,384,[0 0 0 0 0 0 0 0 0 0 0 0 -10 5 -10 5 -10 5 -10 5 -9 5 -9 5 -9 5 -9 5 -9 5 -8 5 -8 5 -8 5 -8 5 -8 5 -8 5 -7 5 -7 5 -7 6 -7 6 -7 6 -7 6 -7 6 -7 6 -7 6 -7 6 -7 6 0 0 -7 6 -7 6 -7 6 -7 6 -7 6 -7 6 -7 6 -7 5 -7 5 -7 5 -7 5 -7 4 -7 4 -7 4 -7 3 -7 3 -7 3 -7 3 -7 2 -6 2 -7 2 -6 2 -6 1 -6 1 -6 1 -6 0 0 0 0 0 0 0 0 0 0 0 ]
CSI_DATA,AP,10:B4:1D:CC:60:E0,-24,11,1,7,1,1,1,1,0,0,1,-93,0,6,2,12299271,0,68,0,0,12.0087,384,[0 0 0 0 0 0 0 0 0 0 0 0 5 9 5 9 6 9 5 9 5 9 5 8 5 8 5 8 5 8 6 7 5 7 6 7 6 7 6 6 6 6 6 6 6 6 6 6 6 6 6 6 6 6 6 6 7 5 7 5 7 5 7 5 0 0 7 6 7 6 6 6 7 6 6 6 6 6 6 6 6 6 5 6 5 6 5 6 5 6 4 6 4 6 4 6 4 6 3 6 3 6 3 6 2 5 2 6 2 5 2 5 1 5 1 5 1 5 0 0 0 0 0 0 0 0 0 0 ]
CSI_DATA,AP,10:B4:1D:CC:60:E0,-24,11,1,6,1,1,1,1,0,0,0,-93,0,6,2,12393505,0,68,0,0,12.1029,384,[0 0 0 0 0 0 0 0 0 0 0 0 4 10 4 9 4 9 4 9 4 9 4 8 4 8 4 8 4 8 4 8 5 7 5 7 5 7 5 7 5 7 5 7 5 6 5 6 5 6 5 6 5 6 6 6 6 6 6 6 6 6 6 6 0 0 6 6 6 6 6 6 6 6 6 6 5 7 5 7 5 6 5 7 5 7 4 6 4 6 4 6 3 6 3 6 3 6 3 6 2 6 2 6 2 5 1 6 1 6 1 5 1 5 1 5 0 5 0 0 0 0 0 0 0 0 0 0 ]
CSI_DATA,AP,10:B4:1D:CC:60:E0,-24,11,1,7,1,1,1,1,0,0,1,-93,0,6,2,12479235,0,68,0,0,12.1886,384,[0 0 0 0 0 0 0 0 0 0 0 0 -2 -12 -2 -11 -2 -11 -2 -11 -3 -11 -3 -11 -2 -10 -2 -10 -3 -10 -3 -10 -3 -10 -3 -9 -3 -9 -4 -9 -4 -9 -4 -9 -4 -9 -4 -9 -4 -8 -4 -9 -4 -9 -4 -9 -4 -9 -5 -9 -5 -9 -5 -8 0 0 -4 -9 -4 -9 -4 -9 -4 -9 -4 -9 -4 -9 -3 -9 -3 -9 -3 -9 -3 -9 -3 -9 -3 -8 -2 -8 -2 -8 -2 -8 -1 -8 -1 -8 -1 -7 -1 -7 0 -7 0 -7 0 -7 0 -7 0 -6 1 -6 1 -6 0 0 0 0 0 0 0 0 0 0 ]
CSI_DATA,AP,10:B4:1D:CC:60:E0,-24,11,1,7,1,1,1,1,0,0,1,-93,0,6,2,12569132,0,68,0,0,12.2785,384,[0 0 0 0 0 0 0 0 0 0 0 0 -9 7 -9 7 -8 7 -8 6 -8 7 -8 7 -8 7 -8 6 -7 6 -7 7 -7 7 -7 7 -6 7 -6 7 -6 7 -6 7 -6 7 -5 7 -5 7 -5 7 -5 7 -5 7 -5 7 -5 8 -4 7 -5 8 0 0 -5 7 -5 8 -5 8 -5 8 -5 7 -5 7 -5 7 -5 7 -6 6 -6 6 -5 6 -5 6 -5 6 -5 5 -6 5 -6 5 -6 5 -6 4 -6 4 -6 4 -6 3 -6 3 -5 3 -5 3 -5 3 -6 2 0 0 0 0 0 0 0 0 0 0 ]
CSI_DATA,AP,10:B4:1D:CC:60:E0,-24,11,1,7,1,1,1,1,0,0,1,-93,0,6,2,12659123,0,68,0,0,12.3685,384,[0 0 0 0 0 0 0 0 0 0 0 0 -9 -9 -8 -8 -8 -8 -8 -8 -8 -8 -8 -8 -8 -8 -8 -7 -8 -7 -8 -7 -8 -7 -8 -6 -8 -6 -8 -6 -8 -6 -8 -6 -8 -5 -8 -5 -9 -5 -9 -5 -8 -5 -9 -5 -9 -5 -9 -5 -9 -5 -9 -5 0 0 -9 -5 -9 -5 -9 -5 -9 -5 -9 -5 -8 -6 -8 -6 -8 -6 -8 -6 -8 -6 -7 -6 -7 -6 -7 -6 -6 -6 -6 -6 -6 -6 -5 -6 -5 -6 -5 -6 -5 -6 -4 -6 -4 -6 -4 -6 -3 -6 -3 -6 -3 -6 0 0 0 0 0 0 0 0 0 0 ]
CSI_DATA,AP,10:B4:1D:CC:60:E0,-24,11,1,7,1,1,1,1,0,0,1,-93,0,6,2,12751056,0,68,0,0,12.4604,384,[0 0 0 0 0 0 0 0 0 0 0 0 -10 -7 -10 -7 -9 -7 -9 -7 -9 -7 -9 -6 -9 -6 -9 -6 -9 -6 -9 -5 -9 -5 -9 -5 -9 -5 -9 -4 -9 -4 -9 -4 -9 -4 -9 -4 -9 -3 -9 -4 -9 -3 -9 -3 -9 -3 -9 -3 -9 -3 -10 -3 0 0 -10 -3 -9 -3 -9 -3 -10 -3 -9 -3 -9 -4 -9 -4 -9 -4 -9 -4 -9 -4 -8 -4 -8 -4 -8 -4 -8 -4 -7 -4 -7 -5 -7 -5 -7 -5 -6 -5 -6 -5 -6 -5 -5 -5 -5 -5 -4 -5 -4 -5 -4 -5 0 0 0 0 0 0 0 0 0 0 ]
CSI_DATA,AP,10:B4:1D:CC:60:E0,-24,11,1,7,1,1,1,1,0,0,1,-93,0,6,2,12839207,0,68,0,0,12.5486,384,[0 0 0 0 0 0 0 0 0 0 0 0 6 -9 6 -9 6 -9 6 -9 5 -9 5 -9 5 -9 5 -9 5 -9 4 -9 4 -9 4 -9 4 -9 3 -9 3 -9 3 -9 3 -9 3 -9 2 -9 2 -9 2 -9 2 -9 2 -9 2 -9 2 -9 2 -9 0 0 2 -9 2 -9 2 -9 2 -9 2 -9 3 -9 3 -9 3 -9 3 -9 3 -8 3 -8 3 -8 3 -8 3 -7 3 -7 4 -7 3 -7 4 -6 4 -6 3 -5 4 -5 4 -5 4 -5 4 -4 4 -4 4 -4 0 0 0 0 0 0 0 0 0 0 ]
CSI_DATA,AP,10:B4:1D:CC:60:E0,-24,11,1,7,1,1,1,1,0,0,1,-93,0,6,2,12929203,0,68,0,0,12.6386,384,[0 0 0 0 0 0 0 0 0 0 0 0 6 8 6 8 6 8 6 8 6 8 6 7 6 7 6 7 6 7 6 7 6 6 6 6 6 6 6 6 6 6 6 5 6 5 7 5 6 5 7 5 7 5 7 5 7 5 7 5 7 5 7 5 0 0 7 5 7 5 7 5 7 5 7 5 6 6 6 6 6 6 6 6 6 6 5 5 5 6 5 6 4 6 4 6 4 5 3 6 3 5 3 5 3 5 2 5 2 5 2 5 2 5 1 5 1 5 0 0 0 0 0 0 0 0 0 0 ]
CSI_DATA,AP,10:B4:1D:CC:60:E0,-24,11,1,7,1,1,1,1,0,0,1,-93,0,6,2,13019187,0,68,0,0,12.7286,384,[0 0 0 0 0 0 0 0 0 0 0 0 -6 -11 -6 -10 -6 -10 -5 -10 -6 -10 -6 -9 -6 -9 -6 -9 -6 -9 -6 -9 -6 -9 -6 -8 -6 -8 -6 -8 -7 -8 -6 -8 -6 -7 -7 -7 -7 -7 -7 -7 -7 -7 -7 -7 -7 -7 -7 -7 -7 -7 -7 -7 0 0 -7 -7 -7 -7 -7 -7 -7 -7 -7 -7 -7 -8 -6 -8 -6 -7 -6 -8 -6 -8 -6 -7 -5 -7 -5 -8 -5 -7 -5 -7 -4 -7 -4 -7 -4 -7 -3 -7 -3 -6 -3 -7 -2 -7 -2 -6 -2 -6 -2 -6 -1 -6 0 0 0 0 0 0 0 0 0 0 ]
CSI_DATA,AP,10:B4:1D:CC:60:E0,-24,11,1,7,1,1,1,1,0,0,1,-93,0,6,2,13109312,0,68,0,0,12.8187,384,[0 0 0 0 0 0 0 0 0 0 0 0 -4 -11 -4 -11 -4 -11 -4 -10 -4 -10 -4 -10 -4 -10 -4 -10 -5 -10 -5 -9 -5 -9 -5 -9 -5 -9 -5 -9 -5 -8 -6 -8 -5 -8 -6 -8 -6 -8 -6 -8 -6 -8 -6 -8 -6 -8 -6 -8 -6 -8 -6 -7 0 0 -6 -8 -6 -8 -6 -8 -6 -8 -6 -8 -6 -8 -6 -8 -5 -8 -5 -8 -5 -8 -5 -8 -4 -8 -4 -8 -4 -8 -4 -7 -4 -7 -3 -8 -3 -7 -3 -7 -2 -7 -2 -7 -2 -7 -1 -7 -1 -6 -1 -6 -1 -6 0 0 0 0 0 0 0 0 0 0 ]
CSI_DATA,AP,10:B4:1D:CC:60:E0,-24,11,1,7,1,1,1,1,0,0,1,-93,0,6,2,13199070,0,68,0,0,12.9085,384,[0 0 0 0 0 0 0 0 0 0 0 0 6 8 6 8 6 8 6 8 6 7 6 7 6 7 6 7 6 7 6 6 6 6 6 6 7 6 7 5 7 6 7 5 7 5 7 5 7 5 7 5 7 5 7 5 7 4 7 4 7 4 7 4 0 0 7 5 7 5 7 5 7 5 7 5 7 5 7 5 6 5 6 5 6 5 6 5 6 5 5 5 5 5 5 5 4 5 4 5 4 5 4 5 3 5 3 5 3 5 2 5 2 5 2 5 1 5 0 0 0 0 0 0 0 0 0 0 ]
CSI_DATA,AP,10:B4:1D:CC:60:E0,-24,11,1,7,1,1,1,1,0,0,1,-93,0,6,2,13289171,0,68,0,0,12.9986,384,[0 0 0 0 0 0 0 0 0 0 0 0 0 11 0 10 0 10 0 10 0 10 0 10 0 9 0 9 0 9 1 9 1 9 1 9 1 9 2 8 2 8 2 8 2 8 2 8 3 8 2 8 2 8 3 8 3 8 3 8 3 8 3 8 0 0 3 8 3 8 3 8 3 8 3 8 2 8 2 8 2 8 2 8 1 8 1 8 1 8 1 7 1 7 0 7 0 7 0 7 0 7 0 6 -1 6 -1 6 -1 6 -1 5 -1 5 -2 5 -2 5 0 0 0 0 0 0 0 0 0 0 ]
CSI_DATA,AP,10:B4:1D:CC:60:E0,-24,11,1,7,1,1,1,1,0,0,1,-93,0,6,2,13379304,0,68,0,0,13.0887,384,[0 0 0 0 0 0 0 0 0 0 0 0 -7 8 -7 8 -7 8 -7 8 -6 8 -6 8 -6 8 -6 8 -6 8 -5 8 -5 8 -5 8 -5 8 -5 8 -4 8 -4 8 -4 8 -4 8 -3 8 -3 8 -3 8 -3 8 -3 8 -3 8 -3 8 -3 8 0 0 -3 9 -3 8 -3 8 -3 8 -3 8 -3 8 -4 8 -4 8 -4 8 -4 7 -4 7 -4 7 -4 7 -4 7 -4 6 -4 6 -4 5 -4 5 -4 5 -4 5 -5 4 -5 4 -4 4 -5 4 -5 3 -5 3 0 0 0 0 0 0 0 0 0 0 ]
CSI_DATA,AP,10:B4:1D:CC:60:E0,-24,11,1,7,1,1,1,1,0,0,1,-93,0,6,2,13469076,0,68,0,0,13.1785,384,[0 0 0 0 0 0 0 0 0 0 0 0 10 3 10 3 10 3 10 3 9 3 9 2 9 2 9 2 9 2 9 2 9 1 9 1 9 1 8 1 8 1 9 0 8 0 9 0 8 0 9 0 8 0 8 0 9 -1 9 -1 9 -1 9 -1 0 0 9 -1 9 -1 9 -1 9 -1 9 -1 9 0 9 0 8 0 8 0 8 0 8 0 8 1 7 1 7 1 7 1 7 1 6 1 6 1 6 2 6 2 5 2 5 2 5 2 5 2 4 2 4 3 0 0 0 0 0 0 0 0 0 0 ]
CSI_DATA,AP,10:B4:1D:CC:60:E0,-24,11,1,7,1,1,1,1,0,0,1,-93,0,6,2,13559158,0,68,0,0,13.2685,384,[0 0 0 0 0 0 0 0 0 0 0 0 -12 2 -12 2 -11 2 -11 2 -11 2 -11 2 -11 2 -10 2 -10 2 -10 2 -10 2 -10 2 -9 3 -9 3 -9 3 -9 3 -9 3 -9 3 -9 4 -9 3 -9 4 -9 4 -9 4 -9 4 -8 4 -9 4 0 0 -9 4 -9 4 -9 4 -9 4 -9 3 -9 3 -9 3 -9 3 -9 2 -9 2 -9 2 -9 2 -9 2 -8 1 -8 1 -8 1 -8 1 -8 0 -7 0 -7 0 -7 0 -7 -1 -7 -1 -6 -1 -6 -1 -6 -2 0 0 0 0 0 0 0 0 0 0 ]
CSI_DATA,AP,10:B4:1D:CC:60:E0,-24,11,1,7,1,1,1,1,0,0,1,-93,0,6,2,13649034,0,68,0,0,13.3584,384,[0 0 0 0 0 0 0 0 0 0 0 0 -4 -11 -4 -11 -5 -11 -4 -11 -4 -10 -4 -10 -4 -10 -4 -10 -4 -10 -5 -9 -5 -9 -5 -9 -5 -9 -5 -9 -5 -9 -5 -8 -5 -8 -6 -8 -6 -8 -6 -8 -6 -8 -6 -8 -6 -8 -6 -8 -6 -8 -6 -8 0 0 -6 -8 -6 -8 -6 -8 -6 -8 -6 -8 -5 -8 -5 -9 -5 -8 -5 -8 -5 -8 -4 -8 -4 -8 -4 -8 -4 -8 -3 -8 -3 -8 -3 -8 -3 -7 -2 -7 -2 -7 -2 -7 -1 -7 -1 -7 -1 -7 -1 -6 0 -6 0 0 0 0 0 0 0 0 0 0 ]
CSI_DATA,AP,10:B4:1D:CC:60:E0,-24,11,1,7,1,1,1,1,0,0,1,-93,0,6,2,13739207,0,68,0,0,13.4486,384,[0 0 0 0 0 0 0 0 0 0 0 0 6 8 6 8 6 8 6 8 6 8 6 8 6 8 6 7 6 7 6 7 6 7 6 6 6 6 6 6 6 6 6 5 6 5 6 5 7 5 7 5 6 5 7 5 7 5 7 5 7 5 7 5 0 0 7 5 7 5 7 5 7 5 7 5 7 5 6 5 6 5 6 5 6 5 6 5 5 5 5 5 5 5 4 5 4 5 4 5 4 5 3 5 3 5 3 5 2 5 2 5 2 5 2 5 1 5 0 0 0 0 0 0 0 0 0 0 ]
CSI_DATA,AP,10:B4:1D:CC:60:E0,-24,11,1,7,1,1,1,1,0,0,1,-93,0,6,2,13829152,0,68,0,0,13.5385,384,[0 0 0 0 0 0 0 0 0 0 0 0 10 4 10 4 9 4 9 4 9 3 9 3 9 3 9 3 9 3 9 2 9 2 8 2 9 2 8 1 8 1 8 1 8 1 8 1 8 1 8 1 8 1 8 1 8 0 9 0 9 0 9 0 0 0 9 0 9 0 9 0 9 0 9 1 8 1 8 1 8 1 8 1 8 1 8 1 7 1 7 2 7 2 7 2 7 2 6 2 6 2 6 2 5 2 5 3 5 3 5 3 4 3 4 3 4 3 0 0 0 0 0 0 0 0 0 0 ]
CSI_DATA,AP,10:B4:1D:CC:60:E0,-24,11,1,7,1,1,1,1,0,0,1,-93,0,6,2,13919089,0,68,0,0,13.6285,384,[0 0 0 0 0 0 0 0 0 0 0 0 9 5 9 6 8 5 9 5 8 5 9 5 8 5 8 4 8 4 8 4 8 3 8 3 8 3 8 3 8 3 8 2 8 2 8 2 8 2 8 2 8 2 8 2 8 1 8 1 8 1 8 1 0 0 9 1 8 2 8 2 9 2 9 2 8 2 8 2 8 2 8 2 8 2 7 2 7 3 7 3 7 3 6 3 6 3 6 3 6 3 5 3 5 3 5 3 4 3 4 3 4 3 4 4 3 4 0 0 0 0 0 0 0 0 0 0 ]
CSI_DATA,AP,10:B4:1D:CC:60:E0,-24,11,1,7,1,1,1,1,0,0,1,-93,0,6,2,14009055,0,68,0,0,13.7184,384,[0 0 0 0 0 0 0 0 0 0 0 0 10 -5 10 -5 9 -5 9 -4 9 -5 9 -5 9 -5 9 -5 8 -5 8 -5 8 -5 8 -5 7 -5 7 -6 7 -6 7 -6 7 -6 7 -6 6 -6 6 -6 6 -6 6 -6 6 -7 6 -7 6 -7 6 -7 0 0 6 -7 6 -7 6 -7 6 -7 6 -6 6 -7 6 -6 6 -6 7 -6 7 -6 7 -5 6 -5 6 -5 6 -4 6 -4 6 -4 6 -4 6 -3 6 -3 6 -3 6 -2 5 -2 5 -2 5 -2 5 -2 5 -1 0 0 0 0 0 0 0 0 0 0 ]
CSI_DATA,AP,10:B4:1D:CC:60:E0,-23,11,1,7,1,1,1,1,0,0,1,-93,0,6,2,14099231,0,68,0,0,13.8086,384,[0 0 0 0 0 0 0 0 0 0 0 0 7 -9 7 -9 7 -9 6 -9 6 -8 6 -9 6 -8 6 -8 5 -8 5 -8 5 -8 5 -8 5 -8 4 -8 4 -8 4 -8 4 -8 4 -8 3 -9 3 -9 3 -8 3 -9 3 -9 3 -9 3 -9 3 -9 0 0 3 -9 3 -9 3 -9 3 -9 4 -9 4 -9 4 -9 4 -8 4 -8 4 -8 4 -8 4 -7 4 -7 4 -7 4 -6 4 -6 4 -6 4 -5 4 -5 5 -5 5 -4 4 -4 4 -4 4 -4 5 -3 5 -3 0 0 0 0 0 0 0 0 0 0 ]
CSI_DATA,AP,10:B4:1D:CC:60:E0,-24,11,1,7,1,1,1,1,0,0,1,-93,0,6,2,14189138,0,68,0,0,13.8985,384,[0 0 0 0 0 0 0 0 0 0 0 0 3 -11 3 -11 3 -11 3 -10 2 -11 2 -10 2 -10 2 -10 2 -10 1 -10 1 -10 1 -10 1 -10 1 -10 1 -10 0 -10 0 -9 0 -10 0 -9 0 -10 0 -9 0 -9 0 -10 -1 -10 -1 -10 -1 -9 0 0 0 -10 -1 -10 -1 -10 0 -10 0 -10 0 -10 0 -10 1 -9 1 -9 1 -9 1 -9 1 -9 1 -8 1 -8 2 -8 2 -7 2 -7 2 -7 2 -7 2 -6 2 -6 3 -6 3 -6 3 -5 3 -5 3 -5 0 0 0 0 0 0 0 0 0 0 ]
CSI_DATA,AP,10:B4:1D:CC:60:E0,-24,11,1,7,1,1,1,1,0,0,1,-93,0,6,2,14279064,0,68,0,0,13.9885,384,[0 0 0 0 0 0 0 0 0 0 0 0 3 -11 3 -11 3 -11 2 -11 2 -11 2 -10 2 -10 2 -10 2 -10 1 -10 1 -10 1 -10 1 -10 0 -10 0 -10 0 -10 0 -9 0 -10 -1 -9 -1 -10 -1 -9 -1 -9 -1 -10 -1 -10 -1 -9 -1 -10 0 0 -1 -10 -1 -10 -1 -9 -1 -10 -1 -10 -1 -10 -1 -10 -1 -9 0 -9 0 -9 0 -9 0 -9 0 -8 0 -8 1 -8 1 -8 1 -8 1 -7 1 -7 1 -7 1 -6 2 -7 2 -6 2 -6 2 -6 2 -5 0 0 0 0 0 0 0 0 0 0 ]
CSI_DATA,AP,10:B4:1D:CC:60:E0,-24,11,1,7,1,1,1,1,0,0,1,-93,0,6,2,14369151,0,68,0,0,14.0785,384,[0 0 0 0 0 0 0 0 0 0 0 0 4 10 4 10 4 9 4 9 4 9 4 9 4 8 4 8 4 8 5 8 5 8 5 7 5 7 5 7 5 7 5 7 5 6 5 6 6 6 6 6 6 6 6 6 6 6 6 6 6 6 6 6 0 0 6 6 6 6 6 6 6 6 6 6 6 6 5 7 5 6 5 7 5 6 4 6 4 7 4 6 4 6 3 6 3 6 3 6 3 6 2 6 2 6 2 6 1 5 1 5 1 5 1 5 0 5 0 0 0 0 0 0 0 0 0 0 ]
CSI_DATA,AP,10:B4:1D:CC:60:E0,-23,11,1,7,1,1,1,1,0,0,1,-93,0,6,2,14459321,0,68,0,0,14.1687,384,[0 0 0 0 0 0 0 0 0 0 0 0 -8 8 -8 8 -8 8 -7 8 -7 7 -7 7 -7 7 -7 7 -7 7 -6 7 -6 7 -6 7 -5 7 -5 7 -5 7 -5 7 -5 8 -5 8 -4 8 -4 8 -4 8 -4 8 -4 8 -4 8 -4 8 -4 8 0 0 -4 8 -4 8 -4 8 -4 8 -4 8 -4 8 -5 8 -5 7 -5 7 -5 7 -5 7 -5 7 -5 6 -5 6 -5 6 -5 5 -5 5 -5 5 -5 4 -5 4 -5 4 -5 4 -5 4 -5 3 -5 3 -5 2 0 0 0 0 0 0 0 0 0 0 ]
CSI_DATA,AP,10:B4:1D:CC:60:E0,-23,11,1,7,1,1,1,1,0,0,1,-93,0,6,2,14549223,0,68,0,0,14.2586,384,[0 0 0 0 0 0 0 0 0 0 0 0 5 -10 5 -10 4 -10 4 -10 4 -10 4 -10 4 -10 4 -10 4 -9 3 -10 3 -9 2 -9 2 -10 2 -9 2 -10 2 -9 2 -10 1 -9 1 -10 1 -9 1 -9 1 -9 1 -10 0 -10 0 -10 0 -10 0 0 1 -10 1 -10 1 -10 1 -10 1 -10 1 -10 2 -10 2 -9 2 -9 2 -9 2 -9 2 -9 2 -8 2 -8 3 -8 3 -7 3 -7 3 -7 3 -6 3 -6 3 -6 3 -6 3 -6 3 -5 3 -5 3 -4 0 0 0 0 0 0 0 0 0 0 ]
CSI_DATA,AP,10:B4:1D:CC:60:E0,-23,11,1,7,1,1,1,1,0,0,1,-93,0,6,2,14639243,0,68,0,0,14.3486,384,[0 0 0 0 0 0 0 0 0 0 0 0 2 -11 2 -11 2 -11 2 -11 2 -11 2 -11 1 -10 2 -10 1 -10 1 -10 1 -10 1 -10 0 -10 0 -10 0 -10 -1 -10 -1 -9 -1 -10 -1 -10 -1 -10 -1 -9 -1 -10 -1 -10 -2 -10 -2 -10 -2 -10 0 0 -1 -10 -1 -10 -2 -10 -1 -10 -1 -10 -1 -10 -1 -10 -1 -10 0 -9 0 -9 0 -9 0 -9 0 -9 1 -8 1 -8 1 -8 1 -8 1 -7 1 -7 1 -7 2 -7 2 -6 2 -6 2 -6 2 -6 2 -5 0 0 0 0 0 0 0 0 0 0 ]
CSI_DATA,AP,10:B4:1D:CC:60:E0,-24,11,1,7,1,1,1,1,0,0,1,-93,0,6,2,14729156,0,68,0,0,14.4385,384,[0 0 0 0 0 0 0 0 0 0 0 0 3 10 3 10 3 10 3 9 3 10 3 9 3 9 3 9 3 9 3 9 3 8 4 8 4 8 4 8 4 8 4 8 4 7 4 7 5 7 5 7 5 7 5 7 5 7 5 7 5 7 5 7 0 0 5 7 5 7 5 7 5 7 5 7 4 7 4 7 4 7 4 7 4 7 3 7 3 7 3 7 3 7 2 7 2 6 2 7 2 6 1 6 1 6 1 6 0 6 0 6 0 5 0 5 -1 5 0 0 0 0 0 0 0 0 0 0 ]
CSI_DATA,AP,10:B4:1D:CC:60:E0,-24,11,1,7,1,1,1,1,0,0,1,-93,0,6,2,14819086,0,68,0,0,14.5285,384,[0 0 0 0 0 0 0 0 0 0 0 0 -8 -9 -8 -8 -8 -8 -8 -8 -8 -8 -8 -8 -8 -8 -8 -7 -8 -7 -8 -7 -8 -7 -8 -7 -8 -6 -8 -6 -8 -6 -8 -5 -8 -5 -8 -5 -8 -5 -8 -5 -8 -5 -8 -5 -8 -5 -9 -5 -9 -5 -9 -5 0 0 -9 -5 -9 -5 -9 -5 -9 -5 -9 -5 -8 -5 -8 -5 -8 -5 -8 -5 -8 -6 -7 -5 -7 -6 -7 -6 -6 -6 -6 -6 -6 -6 -6 -6 -6 -6 -5 -6 -5 -5 -5 -6 -4 -6 -4 -6 -4 -6 -3 -6 -3 -6 0 0 0 0 0 0 0 0 0 0 ]
CSI_DATA,AP,10:B4:1D:CC:60:E0,-23,11,1,7,1,1,1,1,0,0,1,-93,0,6,2,14909195,0,68,0,0,14.6186,384,[0 0 0 0 0 0 0 0 0 0 0 0 -4 10 -4 10 -4 10 -4 10 -4 10 -4 9 -4 9 -3 9 -3 9 -3 9 -3 9 -2 9 -2 9 -2 9 -2 9 -2 9 -1 9 -1 9 -1 9 -1 9 -1 8 -1 9 -1 9 0 9 0 9 0 9 0 0 -1 9 0 9 -1 9 0 9 -1 9 -1 9 -1 9 -1 8 -2 8 -2 8 -2 8 -2 8 -2 8 -2 7 -3 7 -2 7 -3 6 -3 6 -3 6 -3 5 -3 5 -3 5 -3 5 -4 5 -4 4 -4 4 0 0 0 0 0 0 0 0 0 0 ]
CSI_DATA,AP,10:B4:1D:CC:60:E0,-24,11,1,7,1,1,1,1,0,0,1,-93,0,6,2,14999177,0,68,0,0,14.7086,384,[0 0 0 0 0 0 0 0 0 0 0 0 -12 -3 -11 -3 -11 -3 -11 -3 -11 -3 -10 -3 -11 -3 -10 -3 -10 -2 -10 -2 -10 -2 -10 -2 -10 -1 -10 -1 -10 -1 -10 -1 -9 -1 -10 -1 -10 0 -10 0 -9 0 -9 0 -10 0 -10 0 -10 0 -9 0 0 0 -10 0 -10 0 -9 0 -10 0 -10 0 -10 0 -10 -1 -9 -1 -9 -1 -9 -1 -9 -1 -9 -1 -8 -1 -8 -2 -8 -2 -8 -2 -8 -2 -7 -2 -7 -2 -7 -3 -6 -3 -6 -3 -6 -3 -6 -3 -6 -3 -5 -4 0 0 0 0 0 0 0 0 0 0 ]
CSI_DATA,AP,10:B4:1D:CC:60:E0,-24,11,1,7,1,1,1,1,0,0,1,-93,0,6,2,15089285,0,68,0,0,14.7987,384,[0 0 0 0 0 0 0 0 0 0 0 0 -5 10 -5 10 -5 9 -5 9 -4 9 -5 9 -4 9 -4 9 -4 9 -3 9 -3 9 -3 9 -3 8 -2 9 -2 9 -2 8 -2 8 -2 8 -2 9 -1 8 -1 8 -1 9 -1 8 -1 9 -1 9 -1 9 0 0 -1 9 -1 9 -1 9 -1 9 -1 9 -1 9 -2 9 -2 8 -2 8 -2 8 -2 8 -2 8 -3 7 -3 7 -3 7 -3 6 -3 6 -3 6 -3 6 -3 5 -3 5 -4 5 -4 5 -4 5 -4 4 -4 4 0 0 0 0 0 0 0 0 0 0 ]
CSI_DATA,AP,10:B4:1D:CC:60:E0,-24,11,1,7,1,1,1,1,0,0,1,-93,0,6,2,15179218,0,68,0,0,14.8886,384,[0 0 0 0 0 0 0 0 0 0 0 0 10 -5 9 -5 9 -5 9 -5 9 -5 9 -5 8 -5 8 -5 8 -5 8 -5 8 -6 7 -5 7 -6 7 -6 7 -6 7 -6 6 -6 7 -6 6 -7 6 -7 6 -6 6 -7 6 -7 6 -7 6 -7 6 -7 0 0 6 -7 6 -7 6 -7 6 -7 6 -7 6 -7 6 -6 6 -6 6 -6 7 -6 6 -5 6 -5 6 -5 6 -4 6 -4 6 -4 6 -4 6 -4 6 -3 6 -3 6 -3 5 -3 5 -2 5 -2 5 -1 5 -1 0 0 0 0 0 0 0 0 0 0 ]
CSI_DATA,AP,10:B4:1D:CC:60:E0,-24,11,1,7,1,1,1,1,0,0,1,-93,0,6,2,15269174,0,68,0,0,14.9786,384,[0 0 0 0 0 0 0 0 0 0 0 0 -12 1 -11 2 -11 2 -11 1 -11 1 -11 1 -10 2 -10 2 -10 2 -9 2 -10 2 -10 2 -9 2 -9 2 -9 2 -9 3 -9 3 -9 3 -9 3 -9 3 -9 3 -9 3 -9 3 -9 4 -9 3 -9 4 0 0 -9 3 -9 3 -9 3 -9 3 -9 3 -9 3 -9 2 -9 2 -9 2 -9 2 -9 2 -8 1 -8 1 -8 1 -8 0 -8 0 -8 0 -7 0 -7 -1 -7 -1 -7 -1 -7 -1 -7 -1 -6 -1 -6 -2 -6 -2 0 0 0 0 0 0 0 0 0 0 ]
CSI_DATA,AP,10:B4:1D:CC:60:E0,-24,11,1,7,1,1,1,1,0,0,1,-93,0,6,2,15359219,0,68,0,0,15.0686,384,[0 0 0 0 0 0 0 0 0 0 0 0 -2 -12 -2 -11 -2 -11 -2 -11 -2 -11 -2 -11 -2 -10 -2 -10 -2 -10 -3 -10 -3 -10 -3 -9 -3 -9 -4 -9 -3 -9 -4 -9 -4 -9 -4 -9 -4 -9 -4 -9 -4 -9 -4 -9 -5 -8 -5 -9 -5 -9 -5 -9 0 0 -5 -9 -5 -9 -5 -9 -5 -9 -4 -9 -4 -9 -4 -9 -4 -9 -3 -9 -3 -9 -3 -9 -3 -9 -3 -8 -2 -8 -2 -8 -2 -8 -2 -8 -2 -7 -1 -7 -1 -7 -1 -7 0 -7 0 -7 0 -6 0 -6 1 -6 0 0 0 0 0 0 0 0 0 0 ]
CSI_DATA,AP,10:B4:1D:CC:60:E0,-24,11,1,7,1,1,1,1,0,0,1,-93,0,6,2,15449091,0,68,0,0,15.1585,384,[0 0 0 0 0 0 0 0 0 0 0 0 1 -12 1 -11 1 -11 0 -11 0 -11 0 -11 0 -11 0 -10 0 -10 -1 -10 -1 -10 -1 -10 -1 -10 -1 -10 -1 -10 -1 -10 -2 -9 -2 -9 -2 -9 -2 -9 -2 -9 -2 -9 -2 -9 -3 -9 -3 -9 -3 -9 0 0 -2 -9 -3 -10 -2 -9 -2 -10 -2 -10 -2 -10 -2 -10 -2 -9 -1 -9 -1 -9 -1 -9 -1 -9 0 -9 0 -8 0 -8 0 -8 0 -8 0 -8 0 -7 1 -7 1 -7 1 -7 1 -6 1 -6 2 -6 2 -5 0 0 0 0 0 0 0 0 0 0 ]
CSI_DATA,AP,10:B4:1D:CC:60:E0,-24,11,1,7,1,1,1,1,0,0,1,-93,0,6,2,15539184,0,68,0,0,15.2486,384,[0 0 0 0 0 0 0 0 0 0 0 0 7 -9 7 -9 7 -8 7 -8 6 -8 6 -8 6 -8 6 -8 6 -8 5 -8 6 -8 5 -8 5 -8 5 -8 4 -8 4 -8 4 -8 4 -8 4 -8 4 -8 4 -9 3 -9 4 -9 3 -9 3 -9 3 -9 0 0 4 -9 3 -9 3 -9 4 -9 4 -9 4 -9 4 -9 4 -8 4 -8 5 -8 4 -7 4 -7 4 -7 4 -7 5 -6 5 -6 5 -6 5 -5 4 -5 4 -5 5 -5 5 -4 4 -4 5 -4 5 -3 5 -3 0 0 0 0 0 0 0 0 0 0 ]
CSI_DATA,AP,10:B4:1D:CC:60:E0,-24,11,1,7,1,1,1,1,0,0,1,-93,0,6,2,15629300,0,68,0,0,15.3387,384,[0 0 0 0 0 0 0 0 0 0 0 0 8 -7 8 -7 8 -7 8 -7 7 -7 7 -7 7 -7 7 -7 7 -7 6 -7 6 -7 6 -7 6 -7 6 -7 5 -7 5 -7 5 -8 5 -8 5 -8 5 -8 4 -8 4 -8 5 -8 4 -8 4 -8 4 -8 0 0 5 -8 4 -8 4 -8 5 -8 5 -8 5 -8 5 -8 5 -8 5 -7 5 -7 5 -7 5 -6 5 -6 5 -6 5 -5 5 -5 5 -5 5 -5 5 -4 5 -4 5 -4 5 -4 5 -4 5 -3 5 -3 5 -2 0 0 0 0 0 0 0 0 0 0 ]
CSI_DATA,AP,10:B4:1D:CC:60:E0,-24,11,1,7,1,1,1,1,0,0,1,-93,0,6,2,15720664,0,68,0,0,15.4301,384,[0 0 0 0 0 0 0 0 0 0 0 0 -8 -8 -8 -8 -8 -8 -8 -8 -8 -8 -8 -8 -8 -7 -8 -7 -8 -7 -8 -7 -8 -7 -8 -6 -8 -6 -8 -6 -8 -6 -8 -6 -8 -5 -8 -5 -8 -5 -8 -5 -8 -5 -8 -5 -8 -5 -9 -5 -8 -5 -9 -5 0 0 -9 -5 -8 -5 -8 -5 -8 -5 -8 -5 -8 -6 -8 -6 -8 -6 -7 -6 -7 -6 -7 -6 -7 -6 -6 -6 -6 -6 -6 -6 -6 -6 -5 -6 -5 -6 -5 -6 -4 -6 -4 -6 -4 -6 -4 -6 -3 -6 -3 -6 -3 -6 0 0 0 0 0 0 0 0 0 0 ]
CSI_DATA,AP,10:B4:1D:CC:60:E0,-24,11,1,7,1,1,1,1,0,0,1,-93,0,6,2,15809156,0,68,0,0,15.5185,384,[0 0 0 0 0 0 0 0 0 0 0 0 0 -12 0 -12 0 -11 0 -11 -1 -11 0 -11 0 -11 -1 -10 -1 -10 -1 -10 -1 -10 -1 -10 -2 -10 -2 -10 -2 -10 -2 -9 -2 -9 -2 -9 -3 -9 -3 -9 -2 -9 -3 -9 -3 -9 -3 -9 -3 -9 -3 -9 0 0 -3 -9 -3 -9 -3 -9 -3 -9 -3 -10 -2 -10 -2 -9 -2 -9 -2 -9 -2 -9 -2 -9 -1 -9 -1 -9 -1 -9 0 -8 0 -8 0 -8 0 -7 0 -7 1 -7 1 -7 1 -7 1 -6 1 -6 1 -6 2 -6 0 0 0 0 0 0 0 0 0 0 ]
CSI_DATA,AP,10:B4:1D:CC:60:E0,-24,11,1,7,1,1,1,1,0,0,1,-93,0,6,2,15899033,0,68,0,0,15.6084,384,[0 0 0 0 0 0 0 0 0 0 0 0 11 0 11 0 10 0 10 0 10 0 10 0 10 0 9 -1 9 -1 9 -1 9 -1 9 -2 9 -2 9 -2 9 -2 8 -2 8 -2 8 -2 8 -3 8 -3 8 -3 8 -3 8 -3 8 -3 8 -3 8 -4 0 0 9 -3 8 -3 8 -3 8 -3 8 -3 8 -3 8 -3 8 -2 8 -2 8 -2 8 -2 8 -2 8 -1 7 -1 7 -1 7 -1 7 -1 6 0 6 0 6 0 6 0 6 0 5 0 5 1 5 1 5 1 0 0 0 0 0 0 0 0 0 0 ]
CSI_DATA,AP,10:B4:1D:CC:60:E0,-24,11,1,7,1,1,1,1,0,0,1,-93,0,6,2,15989197,0,68,0,0,15.6986,384,[0 0 0 0 0 0 0 0 0 0 0 0 10 3 10 3 10 3 9 3 9 3 9 3 9 2 9 2 9 2 9 2 9 2 9 2 9 1 9 1 9 1 9 0 8 0 9 0 8 0 8 0 8 0 8 0 9 -1 8 -1 8 -1 9 -1 0 0 9 -1 9 -1 9 -1 9 -1 9 0 9 0 8 0 8 0 8 0 8 0 8 0 8 1 7 1 7 1 7 1 7 1 6 2 6 2 6 2 6 2 5 2 5 2 5 2 5 2 5 2 4 3 0 0 0 0 0 0 0 0 0 0 ]
CSI_DATA,AP,10:B4:1D:CC:60:E0,-24,11,1,7,1,1,1,1,0,0,1,-93,0,6,2,16079129,0,68,0,0,15.7885,384,[0 0 0 0 0 0 0 0 0 0 0 0 0 11 0 11 1 10 0 10 1 10 1 10 1 10 1 10 1 9 1 9 2 9 2 9 2 9 2 9 2 9 2 8 2 8 2 8 3 8 3 8 3 8 3 8 3 8 4 8 4 8 4 8 0 0 3 8 3 8 3 8 3 8 3 8 3 8 3 8 2 8 2 8 2 8 2 8 2 8 1 8 1 8 1 7 1 7 0 7 0 7 0 6 0 6 -1 6 -1 6 -1 6 -1 6 -1 5 -2 5 0 0 0 0 0 0 0 0 0 0 ]
CSI_DATA,AP,10:B4:1D:CC:60:E0,-24,11,1,7,1,1,1,1,0,0,1,-93,0,6,2,16169177,0,68,0,0,15.8786,384,[0 0 0 0 0 0 0 0 0 0 0 0 10 -5 9 -5 9 -5 9 -5 9 -5 9 -5 9 -5 8 -5 8 -5 8 -5 8 -6 7 -6 7 -6 7 -6 7 -6 7 -6 7 -6 6 -6 6 -6 6 -6 6 -6 6 -6 6 -7 6 -7 6 -7 6 -7 0 0 6 -7 6 -7 6 -7 6 -7 6 -7 7 -6 7 -6 7 -6 7 -6 7 -5 6 -5 6 -5 6 -5 6 -4 6 -4 6 -4 6 -4 6 -3 6 -3 6 -3 6 -3 6 -2 5 -2 5 -2 5 -1 5 -1 0 0 0 0 0 0 0 0 0 0 ]
CSI_DATA,AP,10:B4:1D:CC:60:E0,-24,11,1,7,1,1,1,1,0,0,1,-93,0,6,2,16259166,0,68,0,0,15.9686,384,[0 0 0 0 0 0 0 0 0 0 0 0 4 -11 4 -11 4 -10 4 -10 4 -10 4 -10 3 -10 3 -10 3 -10 3 -9 2 -10 2 -9 2 -9 2 -9 2 -9 1 -9 1 -9 1 -9 1 -10 1 -9 1 -9 1 -9 1 -9 0 -10 0 -10 1 -10 0 0 1 -10 1 -10 1 -10 1 -10 1 -10 1 -10 1 -9 1 -9 2 -9 2 -9 2 -9 2 -8 2 -8 2 -8 2 -7 3 -7 3 -7 2 -7 3 -6 3 -6 3 -6 3 -6 3 -5 3 -5 3 -5 3 -4 0 0 0 0 0 0 0 0 0 0 ]
CSI_DATA,AP,10:B4:1D:CC:60:E0,-24,11,1,7,1,1,1,1,0,0,1,-93,0,6,2,16349101,0,68,0,0,16.0585,384,[0 0 0 0 0 0 0 0 0 0 0 0 10 -3 10 -3 10 -3 10 -3 10 -3 10 -3 9 -3 9 -3 9 -3 9 -3 9 -3 8 -3 8 -4 8 -4 8 -4 8 -4 7 -4 8 -4 7 -5 7 -5 7 -5 7 -5 7 -5 7 -5 7 -5 7 -5 0 0 8 -5 8 -5 7 -5 8 -5 8 -5 8 -4 8 -4 7 -4 8 -4 8 -3 7 -3 7 -3 7 -3 7 -3 7 -2 7 -2 7 -2 6 -1 6 -1 6 -1 6 -1 6 -1 5 0 5 0 5 0 5 1 0 0 0 0 0 0 0 0 0 0 ]
CSI_DATA,AP,10:B4:1D:CC:60:E0,-24,11,1,7,1,1,1,1,0,0,1,-93,0,6,2,16439062,0,68,0,0,16.1485,384,[0 0 0 0 0 0 0 0 0 0 0 0 10 3 10 2 10 2 10 2 10 2 10 2 9 2 9 2 9 1 9 1 9 1 9 1 9 0 9 0 9 0 9 0 9 0 9 0 8 -1 8 -1 8 -1 8 -1 9 -1 9 -1 9 -1 9 -1 0 0 9 -1 9 -1 8 -1 9 -1 9 -1 9 -1 9 0 8 0 9 0 8 0 8 0 8 0 7 1 7 1 7 1 7 1 7 1 6 1 6 1 6 2 5 2 5 2 5 2 5 2 5 2 4 3 0 0 0 0 0 0 0 0 0 0 ]
CSI_DATA,AP,10:B4:1D:CC:60:E0,-24,11,1,7,1,1,1,1,0,0,1,-93,0,6,2,16529171,0,68,0,0,16.2386,384,[0 0 0 0 0 0 0 0 0 0 0 0 -11 -4 -11 -4 -11 -4 -10 -4 -11 -4 -10 -3 -10 -4 -10 -3 -10 -3 -10 -3 -10 -2 -10 -2 -10 -2 -10 -2 -10 -2 -10 -1 -9 -1 -10 -1 -9 -1 -10 -1 -9 -1 -10 -1 -10 0 -10 0 -10 0 -10 0 0 0 -10 0 -10 0 -9 0 -10 0 -9 -1 -10 -1 -9 -1 -9 -1 -10 -1 -9 -2 -9 -1 -9 -2 -8 -2 -8 -2 -8 -2 -8 -2 -7 -3 -7 -3 -7 -3 -7 -3 -7 -3 -6 -3 -6 -3 -6 -3 -6 -4 -5 -4 0 0 0 0 0 0 0 0 0 0 ]
CSI_DATA,AP,10:B4:1D:CC:60:E0,-24,11,1,7,1,1,1,1,0,0,1,-93,0,6,2,16619083,0,68,0,0,16.3285,384,[0 0 0 0 0 0 0 0 0 0 0 0 9 -6 9 -6 9 -6 9 -6 8 -6 9 -6 8 -6 8 -6 8 -6 7 -6 7 -6 7 -6 7 -6 7 -6 7 -6 6 -6 6 -7 6 -7 6 -7 6 -7 6 -7 6 -7 6 -7 5 -7 5 -7 6 -8 0 0 6 -7 5 -7 6 -7 6 -7 6 -7 6 -7 6 -7 6 -7 6 -6 6 -6 6 -6 6 -6 6 -5 6 -5 6 -5 6 -4 6 -4 6 -4 6 -3 5 -3 6 -3 5 -3 5 -3 5 -2 5 -2 5 -1 0 0 0 0 0 0 0 0 0 0 ]
CSI_DATA,AP,10:B4:1D:CC:60:E0,-24,11,1,7,1,1,1,1,0,0,1,-93,0,6,2,16709351,0,68,0,0,16.4187,384,[0 0 0 0 0 0 0 0 0 0 0 0 4 -11 4 -11 3 -11 3 -11 3 -11 3 -10 3 -10 3 -10 3 -10 2 -10 2 -10 2 -10 1 -10 1 -10 1 -10 1 -10 1 -10 1 -10 0 -10 0 -10 0 -10 0 -10 0 -10 0 -10 -1 -10 0 -10 0 0 0 -10 0 -10 0 -10 0 -10 0 -10 0 -10 0 -10 1 -10 1 -9 1 -9 1 -9 1 -9 1 -9 2 -8 2 -8 2 -8 2 -8 2 -7 2 -7 2 -6 3 -6 2 -6 3 -6 3 -6 3 -5 3 -5 0 0 0 0 0 0 0 0 0 0 ]
CSI_DATA,AP,10:B4:1D:CC:60:E0,-24,11,1,7,1,1,1,1,0,0,1,-93,0,6,2,16799148,0,68,0,0,16.5085,384,[0 0 0 0 0 0 0 0 0 0 0 0 4 -11 4 -11 3 -11 3 -10 3 -11 3 -10 3 -10 3 -10 3 -10 2 -10 2 -10 2 -10 2 -10 1 -10 1 -10 1 -10 1 -9 1 -9 1 -9 0 -10 0 -9 0 -10 0 -10 0 -10 0 -10 0 -10 0 0 0 -10 0 -10 0 -10 0 -10 1 -10 1 -10 1 -10 1 -9 1 -9 2 -9 2 -9 2 -9 2 -8 2 -8 2 -8 2 -7 2 -7 2 -7 3 -6 3 -6 3 -6 3 -6 3 -6 3 -5 3 -5 3 -4 0 0 0 0 0 0 0 0 0 0 ]
CSI_DATA,AP,10:B4:1D:CC:60:E0,-25,11,1,7,1,1,1,1,0,0,1,-93,0,6,2,16889126,0,68,0,0,16.5985,384,[0 0 0 0 0 0 0 0 0 0 0 0 10 -3 10 -3 10 -3 9 -3 9 -3 9 -3 9 -3 9 -3 9 -3 8 -3 8 -4 8 -4 8 -4 8 -4 8 -4 8 -4 7 -4 7 -5 7 -5 7 -5 7 -5 7 -5 7 -5 7 -5 7 -6 7 -6 0 0 7 -5 7 -5 7 -5 7 -5 7 -5 7 -5 7 -5 7 -5 7 -4 7 -4 7 -4 7 -4 7 -3 7 -3 7 -3 7 -3 6 -3 6 -2 6 -2 6 -2 6 -1 6 -1 5 -1 5 -1 5 0 5 0 0 0 0 0 0 0 0 0 0 0 ]
CSI_DATA,AP,10:B4:1D:CC:60:E0,-25,11,1,7,1,1,1,1,0,0,1,-93,0,6,2,16979107,0,68,0,0,16.6885,384,[0 0 0 0 0 0 0 0 0 0 0 0 4 10 4 10 4 9 4 9 4 9 4 9 4 9 4 8 4 8 4 8 4 8 4 8 5 7 5 7 5 7 5 7 5 7 5 6 5 7 5 7 5 6 5 6 6 6 6 6 6 6 6 6 0 0 6 7 6 6 6 6 6 6 6 7 6 7 5 7 5 7 5 7 5 7 5 7 4 7 4 7 3 7 3 6 3 6 3 6 3 6 2 6 2 6 2 6 1 6 1 6 1 6 1 5 0 5 0 0 0 0 0 0 0 0 0 0 ]
CSI_DATA,AP,10:B4:1D:CC:60:E0,-25,11,1,7,1,1,1,1,0,0,1,-93,0,6,2,17069098,0,68,0,0,16.7785,384,[0 0 0 0 0 0 0 0 0 0 0 0 -8 8 -8 8 -8 8 -8 7 -7 7 -7 7 -7 7 -7 7 -7 7 -6 7 -6 8 -6 7 -6 8 -5 8 -5 8 -5 8 -5 8 -4 8 -4 8 -4 8 -4 8 -4 8 -4 8 -3 9 -3 8 -4 8 0 0 -4 9 -4 8 -4 9 -4 9 -4 9 -4 8 -4 8 -5 8 -5 8 -5 8 -5 7 -5 7 -5 7 -5 7 -5 6 -5 6 -5 6 -5 5 -5 5 -5 5 -5 4 -5 4 -5 4 -5 4 -5 3 -5 3 0 0 0 0 0 0 0 0 0 0 ]
CSI_DATA,AP,10:B4:1D:CC:60:E0,-25,11,1,7,1,1,1,1,0,0,1,-93,0,6,2,17159233,0,68,0,0,16.8686,384,[0 0 0 0 0 0 0 0 0 0 0 0 10 3 10 3 10 3 10 2 10 2 9 2 9 2 9 2 9 1 9 1 9 1 9 1 9 1 8 0 9 0 9 0 9 0 9 0 8 -1 9 -1 8 -1 9 -1 8 -1 9 -1 8 -1 9 -1 0 0 9 -1 9 -1 9 -1 9 -1 9 -1 9 -1 9 -1 9 -1 8 -1 8 0 8 0 8 0 8 0 7 0 7 0 7 1 7 1 7 1 6 1 6 1 6 1 6 2 5 2 5 2 5 2 4 2 0 0 0 0 0 0 0 0 0 0 ]
CSI_DATA,AP,10:B4:1D:CC:60:E0,-24,11,1,7,1,1,1,1,0,0,1,-93,0,6,2,17250414,0,68,0,0,16.9598,384,[0 0 0 0 0 0 0 0 0 0 0 0 -12 2 -11 2 -11 2 -11 2 -11 2 -11 2 -11 2 -10 2 -10 2 -10 3 -10 3 -10 3 -9 3 -9 3 -9 3 -9 4 -9 3 -9 4 -9 4 -9 4 -9 4 -9 4 -9 4 -8 4 -8 4 -9 4 0 0 -9 4 -9 4 -9 4 -9 4 -9 4 -9 4 -9 4 -9 3 -9 3 -9 3 -9 3 -9 2 -9 2 -8 2 -9 1 -8 1 -8 1 -8 1 -8 0 -7 0 -7 0 -7 0 -7 0 -7 -1 -7 -1 -6 -2 0 0 0 0 0 0 0 0 0 0 ]
CSI_DATA,AP,10:B4:1D:CC:60:E0,-24,11,1,7,1,1,1,1,0,0,1,-93,0,6,2,17339108,0,68,0,0,17.0485,384,[0 0 0 0 0 0 0 0 0 0 0 0 -11 -3 -11 -3 -11 -3 -11 -3 -11 -3 -11 -3 -10 -2 -10 -2 -10 -2 -10 -2 -10 -1 -10 -1 -10 -1 -10 -1 -10 -1 -10 0 -10 0 -10 0 -10 0 -10 0 -10 0 -10 1 -10 1 -10 1 -10 1 -10 1 0 0 -10 1 -10 1 -10 1 -10 1 -10 1 -10 0 -10 0 -10 0 -10 0 -10 0 -9 0 -9 0 -9 -1 -9 -1 -9 -1 -9 -1 -8 -1 -8 -2 -7 -2 -7 -2 -7 -2 -7 -3 -7 -2 -6 -3 -6 -3 -6 -3 0 0 0 0 0 0 0 0 0 0 ]
CSI_DATA,AP,10:B4:1D:CC:60:E0,-24,11,1,7,1,1,1,1,0,0,1,-93,0,6,2,17429105,0,68,0,0,17.1385,384,[0 0 0 0 0 0 0 0 0 0 0 0 10 2 10 2 10 2 10 2 10 2 9 2 9 1 9 1 9 1 9 1 9 0 9 0 9 0 9 0 9 0 9 -1 8 -1 9 -1 9 -1 9 -1 8 -1 9 -1 9 -2 9 -2 9 -2 9 -2 0 0 9 -2 9 -2 9 -2 9 -2 9 -1 9 -1 9 -1 9 -1 9 -1 9 -1 9 -1 8 0 8 0 8 0 8 1 7 1 7 1 7 1 7 1 6 1 6 2 6 2 6 2 5 2 5 2 5 2 0 0 0 0 0 0 0 0 0 0 ]
CSI_DATA,AP,10:B4:1D:CC:60:E0,-25,11,1,7,1,1,1,1,0,0,1,-93,0,6,2,17519153,0,68,0,0,17.2286,384,[0 0 0 0 0 0 0 0 0 0 0 0 -9 7 -8 7 -8 7 -8 7 -8 7 -8 7 -7 7 -7 7 -7 7 -6 7 -6 7 -6 7 -6 7 -6 7 -6 7 -6 7 -5 7 -5 8 -5 8 -5 8 -5 8 -5 8 -4 8 -4 8 -4 8 -4 8 0 0 -5 8 -4 8 -5 8 -5 8 -5 8 -5 8 -5 8 -5 8 -5 7 -6 7 -6 7 -5 7 -6 6 -6 6 -6 6 -6 5 -6 5 -6 5 -6 4 -6 4 -6 4 -6 4 -6 3 -6 3 -6 2 -6 2 0 0 0 0 0 0 0 0 0 0 ]
CSI_DATA,AP,10:B4:1D:CC:60:E0,-25,11,1,7,1,1,1,1,0,0,1,-93,0,6,2,17609162,0,68,0,0,17.3186,384,[0 0 0 0 0 0 0 0 0 0 0 0 9 -6 9 -6 9 -6 8 -6 9 -6 8 -6 8 -6 8 -6 8 -6 8 -6 8 -6 7 -7 7 -7 7 -7 7 -7 6 -7 6 -7 6 -7 6 -7 6 -7 6 -7 6 -7 6 -8 6 -8 5 -8 5 -8 0 0 6 -8 6 -8 6 -8 6 -8 6 -8 6 -8 6 -7 6 -7 7 -7 7 -7 7 -6 6 -6 6 -6 6 -5 7 -5 6 -5 6 -5 6 -4 6 -4 6 -4 6 -3 6 -3 6 -3 6 -2 6 -2 5 -1 0 0 0 0 0 0 0 0 0 0 ]
