CSI_DATA,AP,10:B4:1D:CC:60:E0,-18,11,0,0,0,0,0,0,0,0,0,-93,0,6,2,3124055,0,374,0,0,2.84914,128,[0 0 0 0 0 0 0 0 0 0 0 0 5 14 5 14 5 14 5 13 6 13 6 13 6 12 6 12 6 12 6 11 7 11 7 11 7 11 7 11 7 11 8 10 8 10 8 10 8 10 8 9 9 9 9 9 9 9 9 9 9 9 10 9 0 0 10 10 10 9 9 10 9 10 9 10 9 10 9 10 9 10 8 10 8 10 8 10 7 10 7 10 6 10 6 10 6 10 5 9 5 9 5 9 4 9 4 9 3 9 3 9 2 9 2 9 1 9 0 0 0 0 0 0 0 0 0 0 ]
CSI_DATA,AP,10:B4:1D:CC:60:E0,-18,11,0,0,0,0,0,0,0,0,0,-93,0,6,2,3182113,0,374,0,0,2.91677,128,[0 0 0 0 0 0 0 0 0 0 0 0 -16 2 -16 2 -16 2 -16 2 -15 2 -15 2 -15 2 -15 3 -14 3 -14 3 -14 4 -13 4 -13 4 -13 5 -13 5 -13 5 -13 5 -13 5 -13 5 -13 6 -12 6 -13 6 -12 6 -12 7 -12 7 -12 7 0 0 -13 7 -13 7 -13 7 -13 7 -13 6 -13 6 -13 6 -13 6 -14 5 -13 5 -13 5 -13 5 -13 4 -13 4 -12 3 -12 3 -12 2 -12 2 -11 2 -11 1 -11 1 -11 0 -10 0 -10 0 -10 0 -10 -1 0 0 0 0 0 0 0 0 0 0 ]
CSI_DATA,AP,10:B4:1D:CC:60:E0,-18,11,0,0,0,0,0,0,0,0,0,-93,0,6,2,3253330,0,66,0,0,3.00444,128,[0 0 0 0 0 0 0 0 0 0 0 0 -14 8 -14 8 -13 8 -13 8 -13 8 -12 8 -12 8 -12 8 -12 8 -11 8 -11 9 -11 9 -11 9 -10 9 -10 9 -10 9 -9 9 -10 9 -9 10 -9 10 -9 10 -9 10 -9 10 -9 11 -9 11 -9 11 0 0 -9 11 -9 11 -9 11 -10 11 -10 11 -10 10 -10 10 -10 10 -11 9 -10 9 -10 9 -10 8 -10 8 -10 8 -10 7 -10 7 -10 6 -10 6 -10 5 -10 5 -10 5 -10 4 -10 4 -10 3 -9 3 -9 2 0 0 0 0 0 0 0 0 0 0 ]
CSI_DATA,AP,10:B4:1D:CC:60:E0,-18,11,0,0,0,0,0,0,0,0,0,-93,0,6,2,3750167,0,66,0,0,3.45964,128,[0 0 0 0 0 0 0 0 0 0 0 0 -2 -16 -2 -16 -2 -15 -2 -16 -2 -15 -3 -15 -3 -15 -3 -14 -3 -14 -4 -14 -4 -14 -4 -14 -4 -14 -5 -13 -5 -13 -5 -13 -5 -13 -5 -13 -6 -13 -6 -12 -6 -13 -6 -12 -7 -12 -7 -13 -7 -12 -7 -13 0 0 -7 -13 -7 -13 -7 -13 -7 -13 -7 -13 -7 -13 -6 -13 -6 -13 -6 -13 -5 -13 -5 -13 -5 -13 -4 -13 -4 -13 -3 -12 -3 -12 -3 -12 -3 -12 -2 -11 -2 -11 -2 -11 -1 -11 -1 -10 -1 -10 0 -10 1 -10 0 0 0 0 0 0 0 0 0 0 ]
CSI_DATA,AP,10:B4:1D:CC:60:E0,-18,11,0,0,0,0,0,0,0,0,0,-93,0,6,2,3950092,0,66,0,0,3.65955,128,[0 0 0 0 0 0 0 0 0 0 0 0 13 -9 12 -9 12 -9 12 -9 12 -9 11 -9 11 -9 11 -9 10 -9 10 -9 10 -10 10 -10 9 -10 9 -10 9 -10 9 -10 8 -10 8 -11 8 -11 8 -11 8 -11 7 -11 8 -11 8 -12 7 -12 8 -12 0 0 8 -12 8 -12 8 -12 8 -12 8 -12 8 -12 8 -11 9 -11 9 -11 9 -10 9 -10 9 -10 9 -9 9 -9 9 -8 9 -8 9 -7 9 -7 8 -7 9 -6 8 -6 8 -5 8 -5 8 -4 8 -4 8 -3 0 0 0 0 0 0 0 0 0 0 ]
CSI_DATA,AP,10:B4:1D:CC:60:E0,-18,11,0,0,0,0,0,0,0,0,0,-92,0,6,2,4636418,0,66,0,0,4.34589,128,[0 0 0 0 0 0 0 0 0 0 0 0 -9 -14 -9 -14 -9 -14 -9 -13 -9 -13 -9 -13 -9 -13 -9 -12 -9 -12 -9 -12 -9 -11 -10 -11 -10 -11 -10 -11 -10 -10 -10 -10 -10 -10 -10 -10 -10 -9 -11 -9 -11 -9 -11 -9 -11 -9 -12 -9 -12 -9 -12 -9 0 0 -12 -9 -12 -9 -12 -9 -12 -10 -12 -10 -11 -10 -11 -10 -11 -10 -10 -10 -10 -10 -10 -10 -10 -10 -9 -10 -8 -10 -8 -10 -7 -10 -7 -10 -7 -10 -6 -10 -6 -10 -5 -10 -5 -10 -5 -10 -4 -10 -4 -10 -3 -9 0 0 0 0 0 0 0 0 0 0 ]
CSI_DATA,AP,10:B4:1D:CC:60:E0,-18,11,0,0,0,0,0,0,0,0,0,-92,0,6,2,4675321,0,37,0,0,4.45893,128,[0 0 0 0 0 0 0 0 0 0 0 0 15 0 15 -1 15 -1 14 -1 15 -1 14 -1 14 -1 14 -1 14 -2 13 -2 13 -2 13 -3 13 -3 13 -3 12 -3 13 -4 12 -4 12 -4 12 -4 12 -5 12 -5 12 -5 12 -5 12 -6 12 -6 12 -6 0 0 12 -6 13 -6 12 -6 13 -6 13 -5 13 -5 13 -5 13 -5 13 -4 13 -4 13 -4 12 -3 12 -3 12 -3 12 -2 11 -2 11 -2 11 -1 11 -1 10 -1 10 0 10 0 9 0 9 1 9 1 8 2 0 0 0 0 0 0 0 0 0 0 ]
CSI_DATA,AP,10:B4:1D:CC:60:E0,-18,11,0,0,0,0,0,0,0,0,0,-92,0,6,2,4676745,0,37,0,0,4.49773,128,[0 0 0 0 0 0 0 0 0 0 0 0 15 -1 15 -1 15 -1 15 -1 15 -1 14 -1 14 -1 14 -2 14 -2 13 -2 13 -2 13 -3 13 -3 13 -3 13 -3 13 -4 12 -4 12 -4 12 -4 12 -5 12 -5 12 -5 12 -5 12 -6 12 -6 13 -6 0 0 13 -6 13 -6 13 -5 13 -5 13 -5 13 -5 13 -4 13 -4 13 -4 13 -4 13 -3 12 -3 12 -3 12 -2 11 -2 12 -2 11 -1 11 -1 10 -1 10 0 10 0 10 0 9 1 9 1 9 2 8 2 0 0 0 0 0 0 0 0 0 0 ]
CSI_DATA,AP,10:B4:1D:CC:60:E0,-24,11,1,7,1,1,1,0,0,0,1,-92,0,6,2,4677026,0,68,0,0,4.53656,384,[0 0 0 0 0 0 0 0 0 0 0 0 -12 -3 -12 -3 -11 -3 -11 -3 -11 -3 -11 -2 -11 -2 -11 -2 -11 -2 -11 -2 -11 -1 -10 -1 -10 -1 -10 -1 -10 -1 -10 0 -10 0 -10 0 -10 0 -10 1 -10 0 -10 1 -10 1 -10 1 -10 1 -11 1 0 0 -11 1 -11 1 -11 1 -11 1 -11 1 -11 1 -11 0 -11 0 -11 0 -10 0 -11 0 -10 -1 -10 -1 -10 -1 -9 -1 -9 -2 -9 -2 -9 -2 -8 -2 -8 -2 -8 -2 -8 -3 -8 -3 -7 -3 -7 -3 -7 -4 0 0 0 0 0 0 0 0 0 0 ]
CSI_DATA,AP,10:B4:1D:CC:60:E0,-24,11,1,7,1,1,1,0,0,0,1,-92,0,6,2,4735662,0,68,0,0,4.57788,384,[0 0 0 0 0 0 0 0 0 0 0 0 -1 11 -1 11 -1 11 -1 10 -1 11 -1 10 0 10 0 10 0 10 0 10 0 10 0 10 1 9 1 9 1 9 2 9 2 9 2 9 2 9 3 9 3 9 3 9 3 9 3 9 3 9 3 9 0 0 3 9 3 10 3 9 3 9 3 9 3 10 3 10 3 10 2 9 2 10 2 9 1 9 1 9 1 9 1 9 1 8 0 8 0 8 0 8 0 7 -1 7 -1 7 -1 7 -2 7 -2 6 -2 6 0 0 0 0 0 0 0 0 0 0 ]
CSI_DATA,AP,10:B4:1D:CC:60:E0,-24,11,1,7,1,1,1,0,0,0,1,-92,0,6,2,4825495,0,68,0,0,4.61112,384,[0 0 0 0 0 0 0 0 0 0 0 0 11 -1 11 -1 11 -1 10 -1 10 -1 10 -2 10 -2 10 -2 10 -2 10 -2 10 -3 9 -3 9 -3 9 -3 9 -3 9 -3 9 -4 9 -4 9 -4 9 -4 9 -4 9 -4 9 -5 9 -5 9 -5 9 -5 0 0 9 -5 9 -5 9 -5 9 -5 9 -5 9 -4 9 -4 9 -4 9 -4 9 -3 9 -3 9 -3 9 -3 9 -2 9 -2 8 -2 8 -2 8 -1 8 -1 7 -1 7 -1 7 0 7 0 7 0 7 1 6 1 0 0 0 0 0 0 0 0 0 0 ]
CSI_DATA,AP,10:B4:1D:CC:60:E0,-23,11,1,7,1,1,1,0,0,0,1,-92,0,6,2,4915559,0,68,0,0,4.64853,384,[0 0 0 0 0 0 0 0 0 0 0 0 -12 0 -12 0 -12 0 -12 0 -12 0 -11 1 -11 0 -11 1 -11 1 -11 1 -11 2 -10 2 -10 2 -10 2 -10 2 -10 3 -10 3 -10 3 -10 3 -10 3 -10 3 -10 3 -10 4 -10 4 -10 4 -10 4 0 0 -10 4 -10 4 -10 4 -10 4 -10 4 -10 4 -10 3 -10 3 -10 3 -10 3 -10 3 -10 2 -10 2 -10 2 -10 2 -9 1 -9 1 -9 1 -9 0 -9 0 -8 0 -8 0 -8 -1 -8 -1 -8 -1 -7 -2 0 0 0 0 0 0 0 0 0 0 ]
CSI_DATA,AP,10:B4:1D:CC:60:E0,-18,11,0,0,0,0,0,0,0,0,0,-92,0,6,2,4950092,0,66,0,0,4.68641,128,[0 0 0 0 0 0 0 0 0 0 0 0 -16 -2 -16 -2 -16 -1 -15 -1 -15 -1 -15 -1 -15 -1 -15 0 -15 0 -14 0 -14 0 -14 0 -14 1 -14 1 -14 1 -13 2 -13 2 -13 2 -13 2 -13 3 -13 3 -13 3 -13 3 -13 3 -14 4 -14 4 0 0 -14 4 -14 4 -14 3 -14 3 -14 3 -14 3 -14 3 -14 2 -14 2 -14 2 -13 1 -13 1 -13 1 -13 1 -12 0 -12 0 -12 0 -12 -1 -11 -1 -11 -1 -11 -1 -10 -2 -10 -2 -10 -3 -10 -3 -9 -4 0 0 0 0 0 0 0 0 0 0 ]
CSI_DATA,AP,10:B4:1D:CC:60:E0,-24,11,1,7,1,1,1,1,0,0,1,-92,0,6,2,5007425,0,68,0,0,4.76662,384,[0 0 0 0 0 0 0 0 0 0 0 0 -7 9 -7 9 -6 9 -6 9 -6 9 -6 9 -6 9 -6 9 -6 9 -5 9 -5 9 -4 9 -4 9 -4 9 -4 9 -4 9 -3 9 -3 9 -3 9 -3 9 -3 9 -3 9 -2 9 -2 10 -2 10 -2 10 0 0 -2 10 -2 10 -2 10 -3 10 -3 10 -3 10 -3 10 -3 10 -4 9 -3 9 -4 9 -4 9 -4 9 -4 8 -4 8 -4 8 -4 7 -4 7 -5 7 -5 6 -5 6 -5 6 -5 6 -5 5 -5 5 -6 4 0 0 0 0 0 0 0 0 0 0 ]
CSI_DATA,AP,10:B4:1D:CC:60:E0,-24,11,1,7,1,1,1,1,0,0,1,-92,0,6,2,5095752,0,68,0,0,4.81022,384,[0 0 0 0 0 0 0 0 0 0 0 0 11 0 10 0 11 0 10 0 11 0 10 -1 10 -1 10 -1 10 -1 10 -1 10 -1 9 -2 9 -2 9 -2 9 -2 9 -2 9 -3 9 -3 9 -3 9 -3 9 -3 9 -3 9 -4 9 -4 9 -4 9 -4 0 0 9 -4 9 -4 9 -4 10 -4 10 -4 9 -4 10 -3 9 -3 9 -3 10 -2 9 -2 9 -2 9 -2 8 -1 9 -1 8 -1 8 -1 8 -1 8 0 7 0 7 0 7 0 7 1 6 1 6 1 6 2 0 0 0 0 0 0 0 0 0 0 ]
CSI_DATA,AP,10:B4:1D:CC:60:E0,-24,11,1,7,1,1,1,1,0,0,0,-92,0,6,2,5110013,0,68,0,0,4.84561,384,[0 0 0 0 0 0 0 0 0 0 0 0 11 0 11 0 11 0 11 0 10 0 10 0 10 0 10 0 10 0 10 -1 10 -1 10 -1 10 -1 10 -2 10 -2 9 -2 10 -2 9 -2 9 -3 9 -3 9 -3 9 -3 9 -3 9 -3 10 -3 9 -4 0 0 10 -3 10 -3 10 -3 10 -3 10 -3 10 -3 10 -2 10 -2 10 -2 10 -2 9 -2 9 -1 9 -1 9 -1 9 -1 9 0 8 0 8 0 8 0 8 0 8 1 7 1 7 1 6 2 7 2 6 2 0 0 0 0 0 0 0 0 0 0 ]
CSI_DATA,AP,10:B4:1D:CC:60:E0,-24,11,1,7,1,1,1,1,0,0,1,-92,0,6,2,5185602,0,68,0,0,4.895,384,[0 0 0 0 0 0 0 0 0 0 0 0 -12 -1 -12 -1 -12 -1 -12 -1 -12 -1 -12 -1 -11 0 -11 0 -11 0 -11 0 -11 0 -11 1 -11 1 -11 1 -11 1 -11 1 -11 2 -10 2 -10 2 -10 2 -10 2 -10 2 -10 3 -10 3 -10 3 -10 3 0 0 -11 3 -11 3 -11 3 -11 3 -11 3 -11 2 -11 2 -11 2 -11 2 -11 2 -10 1 -10 1 -10 1 -10 1 -10 0 -10 0 -9 0 -9 0 -9 -1 -9 -1 -8 -1 -8 -2 -8 -2 -8 -2 -8 -2 -7 -3 0 0 0 0 0 0 0 0 0 0 ]
CSI_DATA,AP,10:B4:1D:CC:60:E0,-24,11,1,7,1,1,1,1,0,0,1,-92,0,6,2,5275559,0,68,0,0,4.98495,384,[0 0 0 0 0 0 0 0 0 0 0 0 -10 -6 -10 -6 -10 -6 -10 -6 -10 -6 -10 -6 -10 -6 -10 -5 -10 -5 -10 -5 -10 -4 -10 -4 -10 -4 -10 -4 -10 -4 -10 -3 -10 -3 -10 -3 -10 -3 -10 -3 -10 -2 -10 -2 -11 -2 -11 -2 -11 -2 -11 -2 0 0 -11 -2 -11 -2 -11 -2 -11 -2 -11 -2 -11 -2 -11 -3 -11 -3 -10 -3 -11 -3 -10 -3 -10 -3 -9 -3 -9 -4 -9 -4 -9 -4 -9 -4 -8 -4 -8 -4 -8 -4 -7 -4 -7 -4 -7 -5 -6 -5 -6 -5 -6 -5 0 0 0 0 0 0 0 0 0 0 ]
CSI_DATA,AP,10:B4:1D:CC:60:E0,-24,11,1,7,1,1,1,1,0,0,1,-92,0,6,2,5365664,0,68,0,0,5.07505,384,[0 0 0 0 0 0 0 0 0 0 0 0 2 11 2 10 2 11 3 10 3 10 3 10 3 10 3 9 3 9 3 9 3 9 3 9 4 9 4 8 4 8 4 8 4 8 4 8 5 8 5 8 5 8 5 8 5 8 6 8 5 8 6 8 0 0 6 8 6 8 6 8 6 8 5 8 5 8 5 8 5 8 4 8 4 8 4 8 4 8 3 8 3 8 3 8 3 8 2 8 2 7 2 7 1 7 1 7 1 7 1 7 0 7 0 7 -1 6 0 0 0 0 0 0 0 0 0 0 ]
CSI_DATA,AP,10:B4:1D:CC:60:E0,-23,11,1,7,1,1,1,1,0,0,1,-92,0,6,2,5455792,0,68,0,0,5.16521,384,[0 0 0 0 0 0 0 0 0 0 0 0 4 -11 4 -11 4 -11 4 -11 4 -11 3 -11 3 -11 3 -10 3 -10 3 -10 2 -10 2 -10 2 -10 1 -11 1 -10 1 -10 1 -10 1 -11 0 -10 0 -11 0 -10 0 -11 0 -11 0 -11 -1 -11 0 -11 0 0 0 -11 -1 -11 -1 -11 0 -11 0 -11 0 -11 0 -11 0 -11 1 -11 1 -11 1 -10 1 -10 1 -10 1 -10 1 -9 2 -9 2 -9 2 -9 2 -8 2 -8 3 -8 2 -8 3 -7 3 -7 3 -7 3 -6 0 0 0 0 0 0 0 0 0 0 ]
CSI_DATA,AP,10:B4:1D:CC:60:E0,-23,11,1,7,1,1,1,1,0,0,1,-92,0,6,2,5545665,0,68,0,0,5.25505,384,[0 0 0 0 0 0 0 0 0 0 0 0 -1 -12 -1 -12 -1 -12 -1 -12 -2 -12 -2 -11 -2 -11 -2 -11 -2 -11 -3 -11 -3 -10 -3 -10 -3 -10 -4 -10 -4 -10 -4 -10 -4 -10 -4 -9 -5 -10 -5 -10 -5 -10 -5 -10 -5 -9 -6 -10 -6 -10 -5 -9 0 0 -6 -10 -6 -10 -6 -10 -6 -10 -6 -10 -6 -10 -5 -10 -5 -10 -5 -10 -4 -10 -4 -10 -4 -10 -4 -10 -4 -10 -3 -9 -3 -9 -3 -9 -3 -9 -2 -9 -2 -8 -2 -8 -1 -8 -1 -8 -1 -8 0 -8 0 -7 0 0 0 0 0 0 0 0 0 0 ]
CSI_DATA,AP,10:B4:1D:CC:60:E0,-23,11,1,7,1,1,1,1,0,0,1,-92,0,6,2,5635684,0,68,0,0,5.34508,384,[0 0 0 0 0 0 0 0 0 0 0 0 10 4 10 4 10 4 10 4 10 4 10 3 9 3 9 3 9 3 9 2 9 2 9 2 9 2 9 1 10 1 9 1 9 1 10 1 10 0 9 0 9 0 10 0 10 0 10 -1 10 -1 10 0 0 0 10 0 10 0 10 0 10 0 10 0 10 0 10 0 10 0 10 1 10 1 9 1 9 1 9 1 9 1 8 2 8 2 8 2 8 2 7 2 7 2 7 3 6 3 6 3 6 3 6 3 5 4 0 0 0 0 0 0 0 0 0 0 ]
CSI_DATA,AP,10:B4:1D:CC:60:E0,-23,11,1,7,1,1,1,1,0,0,1,-92,0,6,2,5725505,0,68,0,0,5.43489,384,[0 0 0 0 0 0 0 0 0 0 0 0 9 5 9 5 9 5 9 5 9 5 9 5 9 4 9 4 8 4 8 4 9 4 9 3 9 3 9 3 9 3 9 2 9 2 9 2 9 2 9 2 9 1 9 1 9 1 10 1 10 1 9 1 0 0 10 1 10 1 10 1 10 1 10 1 10 2 10 2 9 2 9 2 9 2 9 2 9 2 8 3 8 3 8 3 8 3 7 3 7 3 7 3 6 3 6 3 6 4 5 4 5 4 5 4 4 4 0 0 0 0 0 0 0 0 0 0 ]
CSI_DATA,AP,10:B4:1D:CC:60:E0,-23,11,1,7,1,1,1,1,0,0,1,-92,0,6,2,5816882,0,68,0,0,5.52627,384,[0 0 0 0 0 0 0 0 0 0 0 0 -12 -3 -11 -2 -12 -2 -11 -2 -11 -2 -11 -2 -11 -1 -11 -1 -11 -1 -11 -1 -11 -1 -11 -1 -11 -1 -11 0 -11 0 -10 1 -10 0 -10 1 -10 1 -10 1 -10 2 -10 2 -10 2 -11 2 -10 2 -11 2 0 0 -11 2 -11 2 -11 2 -11 2 -11 2 -11 1 -11 1 -11 1 -11 1 -11 1 -11 1 -10 0 -10 0 -10 0 -10 0 -10 -1 -9 -1 -9 -1 -9 -1 -9 -1 -8 -2 -8 -2 -8 -2 -8 -2 -7 -3 -7 -3 0 0 0 0 0 0 0 0 0 0 ]
CSI_DATA,AP,10:B4:1D:CC:60:E0,-23,11,1,7,1,1,1,1,0,0,1,-92,0,6,2,5905490,0,68,0,0,5.61488,384,[0 0 0 0 0 0 0 0 0 0 0 0 -2 -12 -2 -12 -3 -12 -3 -12 -3 -11 -3 -11 -3 -11 -3 -11 -3 -11 -3 -10 -4 -10 -4 -10 -4 -10 -4 -10 -5 -10 -4 -10 -5 -10 -5 -9 -5 -9 -5 -9 -6 -9 -6 -9 -6 -9 -6 -9 -6 -9 -6 -9 0 0 -6 -9 -6 -10 -6 -10 -6 -9 -6 -10 -6 -10 -6 -10 -5 -10 -5 -10 -5 -10 -5 -9 -4 -10 -4 -10 -4 -10 -3 -9 -3 -9 -3 -9 -3 -9 -2 -9 -2 -8 -2 -8 -1 -8 -1 -8 -1 -8 -1 -8 0 -8 0 0 0 0 0 0 0 0 0 0 ]
CSI_DATA,AP,10:B4:1D:CC:60:E0,-18,11,0,0,0,0,0,0,0,0,0,-92,0,6,2,5950136,0,66,0,0,5.6596,128,[0 0 0 0 0 0 0 0 0 0 0 0 11 9 11 9 11 9 11 9 11 9 11 8 11 8 11 8 11 8 11 7 11 6 11 6 11 6 11 6 11 5 11 5 12 5 12 5 12 5 12 4 12 4 12 4 12 4 12 4 13 4 13 4 0 0 13 4 13 4 13 4 13 4 13 5 13 5 12 5 12 5 12 5 12 5 11 6 11 6 11 6 10 6 10 6 9 6 9 6 8 6 8 6 8 6 7 6 7 6 6 7 6 7 5 7 5 7 0 0 0 0 0 0 0 0 0 0 ]
CSI_DATA,AP,10:B4:1D:CC:60:E0,-24,11,1,7,1,1,1,1,0,0,1,-92,0,6,2,5995641,0,68,0,0,5.70501,384,[0 0 0 0 0 0 0 0 0 0 0 0 -2 11 -2 11 -1 11 -1 11 -1 10 -1 10 -1 10 -1 10 0 10 0 10 0 10 0 10 0 10 0 9 1 9 1 9 1 9 1 9 2 9 2 9 2 9 2 9 2 9 2 10 2 9 2 9 0 0 2 10 3 10 3 10 2 10 2 10 2 10 2 10 1 10 1 10 1 10 1 9 0 9 0 9 0 9 0 9 0 8 -1 9 -1 8 -1 8 -1 7 -2 7 -2 7 -2 7 -2 7 -3 6 -3 6 0 0 0 0 0 0 0 0 0 0 ]
CSI_DATA,AP,10:B4:1D:CC:60:E0,-23,11,1,7,1,1,1,1,0,0,1,-92,0,6,2,6085752,0,68,0,0,5.79514,384,[0 0 0 0 0 0 0 0 0 0 0 0 11 1 11 1 11 1 11 1 10 0 10 0 10 0 10 0 10 0 10 -1 10 -1 10 -1 10 -1 9 -1 9 -2 9 -2 9 -2 9 -2 9 -3 9 -3 9 -3 9 -3 9 -3 9 -4 9 -4 9 -4 0 0 9 -4 10 -4 10 -4 10 -4 10 -3 10 -3 10 -3 10 -3 10 -2 10 -2 9 -2 9 -2 9 -2 9 -1 9 -1 9 -1 8 -1 8 -1 8 0 8 0 7 0 7 1 7 1 7 1 6 1 6 2 0 0 0 0 0 0 0 0 0 0 ]
CSI_DATA,AP,10:B4:1D:CC:60:E0,-23,11,1,7,1,1,1,1,0,0,1,-92,0,6,2,6175714,0,68,0,0,5.8851,384,[0 0 0 0 0 0 0 0 0 0 0 0 -12 2 -12 2 -12 2 -11 2 -11 2 -11 2 -11 2 -11 2 -11 2 -10 3 -10 3 -10 3 -10 3 -10 3 -10 3 -10 4 -10 4 -10 4 -9 4 -9 4 -9 4 -9 4 -9 5 -9 5 -9 5 -9 5 0 0 -10 5 -10 5 -9 5 -10 5 -10 5 -10 5 -10 4 -10 4 -10 4 -10 4 -10 4 -10 3 -10 3 -10 3 -10 2 -9 2 -9 2 -9 2 -9 1 -9 1 -9 0 -8 0 -8 0 -8 0 -8 -1 -8 -1 0 0 0 0 0 0 0 0 0 0 ]
CSI_DATA,AP,10:B4:1D:CC:60:E0,-23,11,1,7,1,1,1,1,0,0,1,-92,0,6,2,6265579,0,68,0,0,5.97497,384,[0 0 0 0 0 0 0 0 0 0 0 0 -10 7 -9 7 -9 7 -9 7 -9 7 -9 6 -9 7 -9 7 -8 7 -8 7 -8 7 -8 7 -7 7 -7 7 -7 7 -7 8 -6 8 -6 8 -6 8 -6 8 -6 8 -6 8 -6 8 -6 8 -6 9 -6 8 0 0 -6 8 -6 9 -6 9 -6 9 -6 8 -6 8 -6 8 -7 8 -7 8 -7 8 -7 7 -7 7 -7 7 -7 7 -7 6 -7 6 -7 6 -7 5 -7 5 -7 4 -7 4 -7 4 -7 4 -7 3 -7 3 -7 2 0 0 0 0 0 0 0 0 0 0 ]
CSI_DATA,AP,10:B4:1D:CC:60:E0,-24,11,1,7,1,1,1,1,0,0,1,-92,0,6,2,6357832,0,68,0,0,6.06722,384,[0 0 0 0 0 0 0 0 0 0 0 0 4 10 4 10 4 10 4 10 4 10 4 9 4 9 4 9 4 9 5 9 5 8 5 8 5 8 6 8 5 8 6 8 5 7 6 7 6 7 6 7 6 7 6 7 6 7 7 7 7 7 7 7 0 0 7 7 7 7 7 7 7 7 7 7 6 8 6 8 6 8 6 8 6 8 5 7 5 8 5 8 4 8 4 8 4 7 4 8 3 7 3 7 2 7 2 7 2 7 1 7 1 7 1 7 0 6 0 0 0 0 0 0 0 0 0 0 ]
CSI_DATA,AP,10:B4:1D:CC:60:E0,-23,11,1,7,1,1,1,1,0,0,1,-92,0,6,2,6445612,0,68,0,0,6.155,384,[0 0 0 0 0 0 0 0 0 0 0 0 9 -7 9 -7 8 -7 8 -7 8 -7 8 -7 8 -7 8 -7 7 -7 7 -7 7 -7 7 -7 7 -7 6 -7 6 -8 6 -7 6 -8 6 -8 6 -8 6 -8 5 -8 5 -8 5 -8 5 -9 5 -9 5 -9 0 0 5 -9 5 -9 5 -9 6 -9 6 -9 6 -9 6 -8 6 -8 6 -8 6 -8 6 -7 6 -7 6 -7 6 -7 6 -6 6 -6 6 -6 6 -5 6 -5 6 -5 6 -4 6 -4 6 -4 6 -3 6 -3 6 -2 0 0 0 0 0 0 0 0 0 0 ]
CSI_DATA,AP,10:B4:1D:CC:60:E0,-23,11,1,7,1,1,1,1,0,0,1,-92,0,6,2,6535591,0,68,0,0,6.24498,384,[0 0 0 0 0 0 0 0 0 0 0 0 -11 4 -11 4 -11 4 -11 4 -11 4 -11 4 -10 4 -10 4 -10 4 -9 4 -9 5 -9 5 -9 5 -9 5 -9 5 -8 5 -9 6 -8 6 -8 6 -8 6 -8 6 -8 6 -8 7 -8 7 -8 7 -8 7 0 0 -8 7 -8 7 -8 7 -8 7 -8 7 -9 7 -9 6 -9 6 -9 6 -8 6 -8 6 -8 5 -8 5 -9 5 -8 4 -8 4 -8 4 -8 3 -8 3 -8 3 -8 2 -8 2 -8 2 -8 1 -8 1 -7 0 0 0 0 0 0 0 0 0 0 0 ]
CSI_DATA,AP,10:B4:1D:CC:60:E0,-23,11,1,7,1,1,1,1,0,0,1,-92,0,6,2,6625662,0,68,0,0,6.33506,384,[0 0 0 0 0 0 0 0 0 0 0 0 -9 -8 -9 -8 -9 -8 -9 -8 -9 -7 -9 -7 -9 -7 -9 -7 -9 -6 -9 -7 -9 -6 -9 -6 -9 -6 -9 -6 -9 -5 -9 -5 -9 -5 -10 -4 -10 -5 -10 -5 -10 -4 -10 -4 -10 -4 -10 -4 -10 -4 -10 -4 0 0 -10 -4 -10 -4 -10 -4 -10 -4 -10 -5 -10 -5 -10 -5 -10 -5 -10 -5 -9 -5 -9 -5 -9 -6 -8 -6 -8 -6 -8 -6 -8 -6 -8 -6 -7 -6 -7 -6 -6 -6 -6 -6 -6 -6 -5 -6 -5 -6 -5 -6 -4 -6 0 0 0 0 0 0 0 0 0 0 ]
CSI_DATA,AP,10:B4:1D:CC:60:E0,-24,11,1,7,1,1,1,1,0,0,1,-92,0,6,2,6715607,0,68,0,0,6.425,384,[0 0 0 0 0 0 0 0 0 0 0 0 -11 4 -11 4 -11 4 -11 4 -10 4 -10 4 -10 5 -10 4 -10 5 -9 5 -9 5 -9 5 -9 5 -9 5 -8 6 -8 6 -8 6 -8 6 -8 6 -8 6 -8 6 -8 6 -8 7 -7 7 -8 7 -8 7 0 0 -8 7 -8 7 -8 7 -8 7 -8 7 -8 7 -8 6 -8 6 -8 6 -9 6 -8 5 -8 5 -8 5 -8 5 -8 4 -8 4 -8 4 -8 3 -8 3 -8 3 -8 2 -8 2 -8 2 -7 1 -8 1 -7 0 0 0 0 0 0 0 0 0 0 0 ]
CSI_DATA,AP,10:B4:1D:CC:60:E0,-23,11,1,7,1,1,1,1,0,0,1,-92,0,6,2,6805460,0,68,0,0,6.51485,384,[0 0 0 0 0 0 0 0 0 0 0 0 -11 -6 -11 -6 -11 -6 -10 -6 -10 -6 -10 -5 -10 -5 -10 -5 -10 -4 -10 -4 -10 -4 -10 -4 -10 -4 -10 -4 -10 -3 -10 -3 -10 -2 -10 -2 -10 -2 -11 -2 -10 -2 -10 -2 -11 -2 -11 -2 -11 -2 -11 -1 0 0 -11 -2 -11 -2 -11 -2 -11 -2 -11 -2 -11 -2 -11 -2 -11 -3 -10 -3 -11 -3 -10 -3 -10 -3 -10 -3 -9 -4 -9 -4 -9 -4 -9 -4 -8 -4 -8 -4 -8 -4 -7 -4 -7 -5 -7 -5 -6 -5 -6 -5 -6 -5 0 0 0 0 0 0 0 0 0 0 ]
CSI_DATA,AP,10:B4:1D:CC:60:E0,-23,11,1,7,1,1,1,1,0,0,1,-92,0,6,2,6895612,0,68,0,0,6.605,384,[0 0 0 0 0 0 0 0 0 0 0 0 -11 -5 -11 -5 -11 -5 -11 -5 -11 -4 -11 -4 -11 -4 -10 -4 -10 -4 -10 -4 -10 -3 -10 -3 -10 -3 -10 -2 -10 -2 -10 -2 -10 -2 -10 -1 -10 -1 -10 -1 -10 -1 -11 -1 -11 -1 -11 -1 -11 0 -11 0 0 0 -11 -1 -11 0 -11 -1 -11 0 -11 -1 -11 -1 -11 -1 -11 -1 -11 -2 -11 -2 -11 -2 -10 -2 -10 -2 -10 -2 -9 -2 -9 -3 -9 -3 -9 -3 -8 -3 -8 -3 -8 -4 -7 -4 -7 -4 -7 -4 -7 -4 -6 -4 0 0 0 0 0 0 0 0 0 0 ]
CSI_DATA,AP,10:B4:1D:CC:60:E0,-18,11,0,0,0,0,0,0,0,0,0,-92,0,6,2,6952959,0,66,0,0,6.66241,128,[0 0 0 0 0 0 0 0 0 0 0 0 -16 -5 -15 -4 -16 -4 -15 -4 -15 -4 -15 -4 -15 -3 -14 -3 -15 -3 -14 -2 -14 -2 -14 -2 -14 -2 -14 -1 -14 -1 -14 0 -14 0 -14 0 -14 0 -14 1 -14 1 -14 1 -14 1 -14 1 -14 2 -14 2 0 0 -14 2 -15 2 -14 2 -15 1 -15 1 -15 1 -15 1 -14 0 -14 0 -14 0 -14 0 -14 -1 -13 -1 -13 -1 -13 -1 -12 -2 -12 -2 -12 -2 -11 -2 -11 -3 -11 -3 -10 -3 -10 -3 -10 -4 -9 -4 -9 -5 0 0 0 0 0 0 0 0 0 0 ]
CSI_DATA,AP,10:B4:1D:CC:60:E0,-24,11,1,7,1,1,1,1,0,0,1,-92,0,6,2,6985721,0,68,0,0,6.69546,384,[0 0 0 0 0 0 0 0 0 0 0 0 10 -5 10 -5 10 -5 10 -5 10 -5 9 -5 9 -5 9 -5 9 -5 9 -5 8 -6 8 -6 8 -6 8 -6 8 -6 8 -6 7 -6 7 -7 7 -7 7 -7 7 -7 7 -7 7 -8 7 -8 7 -8 7 -8 0 0 7 -8 7 -8 7 -8 7 -8 7 -8 7 -8 8 -7 8 -7 8 -7 8 -6 8 -6 8 -6 8 -6 8 -5 7 -5 7 -5 7 -4 7 -4 7 -4 7 -3 7 -3 7 -3 7 -2 7 -2 6 -2 6 -1 0 0 0 0 0 0 0 0 0 0 ]
CSI_DATA,AP,10:B4:1D:CC:60:E0,-23,11,1,7,1,1,1,1,0,0,1,-92,0,6,2,7075629,0,68,0,0,6.78503,384,[0 0 0 0 0 0 0 0 0 0 0 0 2 -12 2 -12 2 -11 1 -12 1 -11 1 -11 1 -11 1 -11 1 -11 0 -11 0 -11 0 -11 0 -11 -1 -11 -1 -11 -1 -10 -1 -10 -1 -10 -2 -11 -2 -10 -2 -10 -2 -10 -2 -10 -3 -11 -2 -11 -3 -11 0 0 -2 -11 -3 -11 -2 -11 -2 -11 -2 -11 -2 -11 -1 -11 -1 -11 -1 -11 -1 -10 -1 -10 -1 -10 0 -10 0 -10 0 -9 0 -9 0 -9 1 -9 1 -8 1 -8 1 -8 2 -8 2 -8 2 -7 2 -7 2 -6 0 0 0 0 0 0 0 0 0 0 ]
CSI_DATA,AP,10:B4:1D:CC:60:E0,-24,11,1,7,1,1,1,1,0,0,1,-92,0,6,2,7165673,0,68,0,0,6.87507,384,[0 0 0 0 0 0 0 0 0 0 0 0 -3 10 -3 10 -3 10 -3 10 -3 10 -2 10 -2 10 -2 10 -2 9 -2 10 -1 10 -1 9 -1 9 0 9 0 9 0 9 0 9 0 9 1 9 1 9 1 9 1 9 1 9 2 9 2 9 1 9 0 0 1 10 2 10 2 9 1 10 1 10 1 10 1 10 1 10 0 9 0 10 0 9 0 9 0 9 -1 9 -1 8 -1 8 -1 8 -1 8 -2 7 -2 7 -2 7 -2 7 -3 7 -3 6 -3 6 -3 6 0 0 0 0 0 0 0 0 0 0 ]
CSI_DATA,AP,10:B4:1D:CC:60:E0,-24,11,1,7,1,1,1,1,0,0,1,-93,0,6,2,7258058,0,68,0,0,6.96745,384,[0 0 0 0 0 0 0 0 0 0 0 0 10 -5 10 -5 10 -5 10 -5 9 -5 10 -5 9 -5 9 -5 9 -5 8 -6 8 -6 8 -6 8 -6 8 -6 8 -7 7 -7 7 -7 7 -7 7 -7 7 -7 7 -7 7 -7 7 -8 6 -8 6 -8 7 -8 0 0 7 -8 6 -8 7 -8 7 -8 7 -8 7 -8 7 -8 7 -7 7 -7 7 -7 7 -7 7 -6 7 -6 7 -6 7 -6 7 -5 7 -5 7 -5 7 -4 7 -4 7 -4 7 -3 6 -3 6 -3 7 -2 6 -2 0 0 0 0 0 0 0 0 0 0 ]
CSI_DATA,AP,10:B4:1D:CC:60:E0,-24,11,1,7,1,1,1,1,0,0,1,-93,0,6,2,7345542,0,68,0,0,7.05493,384,[0 0 0 0 0 0 0 0 0 0 0 0 -5 10 -5 10 -5 10 -5 10 -4 10 -4 10 -4 10 -4 10 -4 9 -3 9 -3 9 -3 9 -3 9 -2 9 -2 9 -2 9 -2 9 -1 9 -1 9 -1 10 -1 9 -1 10 0 10 0 10 0 10 0 10 0 0 0 10 0 10 0 10 0 10 0 10 -1 10 -1 10 -1 10 -1 10 -1 10 -1 9 -2 9 -2 9 -2 9 -2 8 -2 8 -3 8 -2 8 -3 7 -3 7 -3 7 -3 7 -4 7 -4 6 -4 6 -4 5 0 0 0 0 0 0 0 0 0 0 ]
CSI_DATA,AP,10:B4:1D:CC:60:E0,-24,11,1,7,1,1,1,1,0,0,1,-93,0,6,2,7435543,0,68,0,0,7.14493,384,[0 0 0 0 0 0 0 0 0 0 0 0 9 6 9 6 9 6 9 6 9 5 9 5 8 5 9 5 8 5 9 4 9 4 9 4 9 4 9 3 9 3 9 3 9 3 9 2 9 2 9 2 9 2 9 2 9 2 10 1 10 2 10 1 0 0 10 2 10 2 10 2 10 2 10 2 10 2 10 3 9 3 9 3 9 3 9 3 9 3 8 3 8 3 8 4 7 3 7 4 7 3 7 4 6 4 6 4 5 4 5 4 5 4 5 4 4 5 0 0 0 0 0 0 0 0 0 0 ]
CSI_DATA,AP,10:B4:1D:CC:60:E0,-24,11,1,7,1,1,1,1,0,0,1,-93,0,6,2,7525641,0,68,0,0,7.23504,384,[0 0 0 0 0 0 0 0 0 0 0 0 -12 1 -12 1 -11 1 -11 1 -11 1 -11 1 -11 2 -11 2 -10 2 -10 2 -10 2 -10 2 -10 3 -10 3 -10 3 -10 3 -9 3 -9 4 -9 4 -9 4 -9 4 -9 4 -9 4 -9 5 -9 5 -9 5 0 0 -9 5 -9 5 -9 5 -9 5 -9 5 -9 5 -10 4 -9 4 -10 4 -9 3 -10 3 -9 3 -9 3 -9 3 -9 2 -9 2 -9 2 -9 2 -8 1 -8 1 -8 1 -8 0 -8 0 -8 0 -7 0 -7 -1 0 0 0 0 0 0 0 0 0 0 ]
CSI_DATA,AP,10:B4:1D:CC:60:E0,-24,11,1,7,1,1,1,1,0,0,1,-93,0,6,2,7615654,0,68,0,0,7.32505,384,[0 0 0 0 0 0 0 0 0 0 0 0 1 11 1 11 1 11 1 11 1 10 1 10 1 10 1 10 1 10 2 9 2 9 2 9 3 9 3 9 3 9 3 8 3 9 3 8 4 9 4 9 4 9 4 9 4 8 4 9 5 8 5 8 0 0 4 9 4 9 5 9 4 9 4 9 4 9 3 9 3 9 3 9 3 9 3 9 3 9 2 9 2 9 1 8 1 8 1 8 1 8 1 8 0 7 0 7 0 7 -1 7 -1 7 -1 7 -2 6 0 0 0 0 0 0 0 0 0 0 ]
CSI_DATA,AP,10:B4:1D:CC:60:E0,-24,11,1,7,1,1,1,1,0,0,1,-93,0,6,2,7705763,0,68,0,0,7.41515,384,[0 0 0 0 0 0 0 0 0 0 0 0 -10 -7 -10 -6 -10 -6 -10 -6 -10 -6 -10 -6 -10 -5 -10 -5 -10 -5 -10 -5 -10 -5 -10 -4 -10 -4 -10 -4 -10 -4 -10 -3 -10 -3 -10 -3 -10 -3 -10 -3 -10 -3 -10 -2 -10 -2 -10 -2 -10 -2 -10 -2 0 0 -11 -2 -11 -2 -11 -2 -11 -2 -11 -2 -11 -3 -11 -3 -10 -3 -10 -3 -10 -3 -10 -3 -10 -4 -9 -4 -9 -4 -9 -4 -9 -4 -8 -4 -8 -4 -7 -4 -7 -4 -7 -5 -6 -5 -6 -5 -6 -5 -6 -5 -5 -5 0 0 0 0 0 0 0 0 0 0 ]
CSI_DATA,AP,10:B4:1D:CC:60:E0,-24,11,1,7,1,1,1,1,0,0,1,-93,0,6,2,7795722,0,68,0,0,7.50511,384,[0 0 0 0 0 0 0 0 0 0 0 0 -10 -7 -10 -7 -10 -7 -10 -7 -10 -6 -10 -6 -10 -6 -10 -6 -10 -5 -10 -5 -10 -5 -10 -5 -10 -4 -10 -4 -10 -4 -10 -4 -10 -3 -10 -3 -10 -3 -10 -3 -10 -3 -10 -3 -10 -2 -10 -2 -11 -2 -11 -2 0 0 -11 -2 -11 -2 -11 -2 -11 -2 -11 -3 -11 -3 -11 -3 -10 -3 -10 -3 -10 -3 -10 -3 -10 -4 -9 -4 -9 -4 -9 -4 -8 -4 -8 -4 -8 -4 -8 -4 -7 -5 -7 -5 -7 -5 -7 -5 -6 -5 -6 -5 -5 -5 0 0 0 0 0 0 0 0 0 0 ]
CSI_DATA,AP,10:B4:1D:CC:60:E0,-24,11,1,7,1,1,1,1,0,0,1,-93,0,6,2,7885689,0,68,0,0,7.59508,384,[0 0 0 0 0 0 0 0 0 0 0 0 -9 -8 -9 -8 -9 -8 -9 -8 -9 -7 -9 -7 -9 -7 -9 -7 -9 -7 -9 -6 -9 -6 -9 -6 -9 -6 -9 -5 -9 -5 -10 -5 -9 -5 -10 -4 -10 -4 -10 -4 -10 -4 -10 -4 -10 -4 -10 -4 -10 -3 -10 -3 0 0 -10 -4 -10 -3 -10 -4 -11 -3 -11 -4 -10 -4 -10 -4 -10 -4 -10 -4 -10 -5 -10 -4 -9 -5 -9 -5 -9 -5 -9 -5 -8 -5 -8 -5 -8 -5 -7 -5 -7 -5 -7 -5 -6 -6 -6 -6 -5 -6 -5 -6 -5 -6 0 0 0 0 0 0 0 0 0 0 ]
CSI_DATA,AP,10:B4:1D:CC:60:E0,-24,11,1,7,1,1,1,1,0,0,1,-93,0,6,2,7977039,0,68,0,0,7.68642,384,[0 0 0 0 0 0 0 0 0 0 0 0 3 -12 3 -11 3 -11 3 -11 3 -11 3 -11 3 -11 2 -11 2 -11 2 -11 1 -10 1 -10 1 -10 0 -10 0 -10 0 -10 0 -10 0 -10 -1 -10 -1 -10 -1 -10 -1 -11 -1 -11 -1 -11 -1 -11 -1 -10 0 0 -1 -11 -1 -11 -1 -11 -1 -11 -1 -11 -1 -11 -1 -11 -1 -11 0 -11 0 -11 0 -10 0 -10 1 -10 1 -10 1 -9 1 -9 1 -9 1 -9 2 -8 2 -8 2 -8 2 -8 2 -8 3 -7 3 -7 3 -6 0 0 0 0 0 0 0 0 0 0 ]
CSI_DATA,AP,10:B4:1D:CC:60:E0,-24,11,1,7,1,1,1,1,0,0,1,-93,0,6,2,8065643,0,68,0,0,7.77503,384,[0 0 0 0 0 0 0 0 0 0 0 0 -11 -4 -11 -4 -11 -3 -11 -3 -11 -3 -11 -3 -11 -3 -11 -3 -11 -3 -11 -2 -11 -2 -10 -2 -10 -1 -10 -1 -10 -1 -10 -1 -10 -1 -10 0 -10 0 -10 0 -10 0 -10 0 -11 0 -10 0 -11 1 -11 1 0 0 -11 1 -11 1 -11 1 -11 1 -11 0 -11 0 -11 0 -11 0 -11 -1 -11 -1 -11 -1 -10 -1 -10 -1 -10 -2 -9 -2 -9 -2 -9 -2 -9 -2 -9 -3 -8 -3 -8 -3 -8 -3 -7 -3 -7 -4 -7 -4 -6 -4 0 0 0 0 0 0 0 0 0 0 ]
CSI_DATA,AP,10:B4:1D:CC:60:E0,-24,11,1,7,1,1,1,1,0,0,1,-93,0,6,2,8155721,0,68,0,0,7.86511,384,[0 0 0 0 0 0 0 0 0 0 0 0 11 1 11 0 11 0 10 0 10 0 10 0 10 0 10 0 10 -1 10 -1 10 -1 10 -1 9 -1 9 -2 9 -2 9 -2 9 -2 9 -3 9 -3 9 -3 9 -3 9 -3 9 -3 9 -4 9 -4 9 -4 0 0 9 -4 9 -4 9 -4 10 -4 9 -3 10 -3 10 -3 9 -3 10 -3 10 -2 9 -2 9 -2 9 -2 9 -2 9 -1 8 -1 8 -1 8 -1 8 0 7 0 7 0 7 0 7 1 7 1 7 1 6 2 0 0 0 0 0 0 0 0 0 0 ]
CSI_DATA,AP,10:B4:1D:CC:60:E0,-24,11,1,7,1,1,1,1,0,0,1,-93,0,6,2,8245495,0,68,0,0,7.95488,384,[0 0 0 0 0 0 0 0 0 0 0 0 0 -12 0 -12 0 -12 0 -11 -1 -11 0 -11 -1 -11 -1 -11 -1 -11 -1 -11 -1 -11 -2 -10 -2 -11 -2 -10 -2 -10 -3 -10 -3 -10 -3 -10 -3 -10 -3 -10 -4 -10 -4 -10 -4 -10 -4 -10 -4 -10 -4 -10 0 0 -4 -10 -4 -10 -4 -10 -4 -10 -4 -11 -4 -11 -4 -10 -3 -10 -3 -10 -3 -10 -3 -10 -3 -10 -2 -10 -2 -10 -2 -10 -1 -9 -1 -9 -1 -9 -1 -9 -1 -8 0 -8 0 -8 0 -8 1 -8 1 -7 1 -7 0 0 0 0 0 0 0 0 0 0 ]
CSI_DATA,AP,10:B4:1D:CC:60:E0,-24,11,1,7,1,1,1,1,0,0,1,-93,0,6,2,8335583,0,68,0,0,8.04497,384,[0 0 0 0 0 0 0 0 0 0 0 0 5 9 5 9 6 9 6 9 5 8 5 8 5 8 5 8 5 8 6 7 6 7 6 7 6 7 6 6 6 7 6 6 6 6 7 6 7 6 7 6 7 6 7 6 7 5 7 5 8 6 7 5 0 0 8 6 8 6 8 6 8 6 7 6 7 6 7 6 7 7 6 6 6 6 6 6 6 7 6 7 5 7 5 7 5 7 4 7 4 6 4 6 3 6 3 6 3 6 2 6 2 6 2 6 1 6 0 0 0 0 0 0 0 0 0 0 ]
CSI_DATA,AP,10:B4:1D:CC:60:E0,-24,11,1,7,1,1,1,1,0,0,1,-93,0,6,2,8425656,0,68,0,0,8.13504,384,[0 0 0 0 0 0 0 0 0 0 0 0 -9 -8 -9 -7 -10 -7 -9 -7 -9 -7 -10 -7 -9 -7 -9 -6 -9 -6 -9 -6 -9 -6 -9 -5 -9 -5 -9 -5 -9 -5 -10 -4 -9 -4 -10 -4 -10 -4 -10 -4 -10 -4 -10 -4 -10 -3 -10 -3 -10 -3 -10 -3 0 0 -10 -3 -11 -3 -11 -3 -11 -3 -10 -4 -11 -4 -10 -4 -10 -4 -10 -4 -10 -4 -10 -4 -9 -5 -9 -5 -9 -5 -8 -5 -8 -5 -8 -5 -8 -5 -7 -5 -7 -5 -6 -5 -6 -6 -6 -6 -6 -6 -5 -6 -5 -6 0 0 0 0 0 0 0 0 0 0 ]
CSI_DATA,AP,10:B4:1D:CC:60:E0,-24,11,1,7,1,1,1,1,0,0,1,-93,0,6,2,8515574,0,68,0,0,8.22497,384,[0 0 0 0 0 0 0 0 0 0 0 0 4 -11 4 -11 4 -11 4 -11 3 -11 3 -11 3 -11 3 -10 3 -10 2 -10 2 -10 2 -10 2 -10 1 -10 1 -10 1 -10 1 -10 1 -10 0 -10 0 -10 0 -10 0 -11 0 -10 -1 -11 -1 -11 0 -10 0 0 0 -11 -1 -11 0 -11 0 -11 0 -11 0 -11 0 -11 1 -11 1 -11 1 -10 1 -10 1 -10 1 -10 1 -10 2 -9 2 -9 2 -9 2 -8 2 -8 2 -8 3 -8 3 -7 3 -7 3 -7 3 -7 3 -6 0 0 0 0 0 0 0 0 0 0 ]
CSI_DATA,AP,10:B4:1D:CC:60:E0,-24,11,1,7,1,1,1,1,0,0,1,-93,0,6,2,8605597,0,68,0,0,8.31499,384,[0 0 0 0 0 0 0 0 0 0 0 0 -10 -8 -9 -8 -10 -7 -9 -7 -9 -7 -9 -7 -9 -7 -9 -6 -9 -6 -9 -6 -9 -5 -9 -5 -9 -5 -9 -5 -10 -5 -10 -4 -9 -4 -10 -4 -10 -4 -10 -4 -10 -3 -10 -4 -10 -3 -10 -3 -10 -3 -10 -3 0 0 -11 -3 -10 -3 -11 -3 -10 -3 -11 -3 -11 -4 -10 -4 -10 -4 -10 -4 -10 -4 -10 -4 -9 -4 -9 -4 -9 -5 -8 -5 -8 -5 -8 -5 -8 -5 -7 -5 -7 -5 -7 -5 -6 -5 -6 -5 -6 -5 -5 -5 -5 -6 0 0 0 0 0 0 0 0 0 0 ]
CSI_DATA,AP,10:B4:1D:CC:60:E0,-24,11,1,7,1,1,1,1,0,0,1,-93,0,6,2,8696284,0,68,0,0,8.40567,384,[0 0 0 0 0 0 0 0 0 0 0 0 -9 -8 -9 -8 -9 -8 -9 -8 -9 -8 -9 -7 -9 -7 -8 -7 -9 -7 -9 -7 -9 -6 -9 -6 -9 -6 -9 -6 -9 -6 -9 -5 -9 -5 -9 -5 -10 -5 -10 -5 -10 -5 -10 -4 -10 -4 -10 -4 -10 -4 -10 -4 0 0 -10 -4 -10 -4 -10 -4 -10 -4 -10 -4 -10 -4 -10 -5 -10 -5 -10 -5 -9 -5 -9 -5 -9 -5 -9 -5 -8 -5 -8 -5 -8 -5 -8 -6 -7 -5 -7 -6 -7 -6 -6 -6 -6 -6 -6 -6 -5 -6 -5 -6 -4 -6 0 0 0 0 0 0 0 0 0 0 ]
CSI_DATA,AP,10:B4:1D:CC:60:E0,-24,11,1,7,1,1,1,1,0,0,1,-93,0,6,2,8785998,0,68,0,0,8.49539,384,[0 0 0 0 0 0 0 0 0 0 0 0 -1 -12 -1 -12 -2 -12 -2 -12 -2 -11 -2 -11 -2 -11 -2 -11 -2 -11 -3 -11 -3 -10 -3 -10 -3 -10 -3 -10 -4 -10 -4 -10 -4 -9 -4 -9 -5 -10 -5 -10 -5 -10 -5 -9 -5 -9 -5 -10 -5 -9 -5 -9 0 0 -5 -10 -5 -10 -6 -10 -5 -10 -5 -10 -5 -10 -5 -10 -5 -10 -4 -10 -4 -10 -4 -10 -4 -10 -3 -10 -3 -10 -3 -9 -3 -9 -2 -9 -2 -9 -2 -9 -2 -8 -1 -8 -1 -8 -1 -8 0 -8 0 -8 0 -7 0 0 0 0 0 0 0 0 0 0 ]
CSI_DATA,AP,10:B4:1D:CC:60:E0,-24,11,1,7,1,1,1,1,0,0,1,-93,0,6,2,8875733,0,68,0,0,8.58512,384,[0 0 0 0 0 0 0 0 0 0 0 0 -6 -11 -6 -10 -6 -10 -7 -10 -6 -9 -6 -10 -6 -9 -7 -9 -7 -9 -7 -8 -7 -8 -7 -8 -7 -8 -7 -8 -7 -8 -7 -7 -8 -7 -8 -7 -8 -7 -8 -7 -8 -7 -8 -7 -8 -6 -9 -7 -9 -7 -9 -6 0 0 -9 -7 -9 -7 -9 -7 -9 -7 -9 -7 -9 -7 -9 -7 -8 -7 -8 -7 -8 -7 -8 -7 -7 -7 -7 -7 -7 -8 -6 -7 -6 -7 -6 -7 -6 -7 -5 -7 -5 -7 -5 -7 -4 -7 -4 -7 -3 -7 -3 -7 -3 -7 0 0 0 0 0 0 0 0 0 0 ]
CSI_DATA,AP,10:B4:1D:CC:60:E0,-24,11,1,7,1,1,1,1,0,0,1,-93,0,6,2,8965632,0,68,0,0,8.67502,384,[0 0 0 0 0 0 0 0 0 0 0 0 9 -8 8 -7 9 -8 8 -7 8 -8 8 -8 8 -8 7 -8 7 -8 7 -8 7 -8 6 -8 6 -8 6 -8 6 -8 5 -9 5 -8 5 -9 5 -9 5 -9 5 -9 4 -9 5 -9 4 -10 4 -9 4 -9 0 0 4 -10 4 -10 4 -10 5 -10 4 -9 5 -10 5 -9 5 -9 5 -9 5 -9 5 -9 5 -8 5 -8 5 -8 6 -7 5 -7 6 -7 5 -6 6 -6 6 -6 5 -5 6 -5 6 -5 5 -5 6 -4 6 -4 0 0 0 0 0 0 0 0 0 0 ]
CSI_DATA,AP,10:B4:1D:CC:60:E0,-24,11,1,7,1,1,1,1,0,0,1,-93,0,6,2,9055539,0,68,0,0,8.76493,384,[0 0 0 0 0 0 0 0 0 0 0 0 5 9 5 9 5 9 5 9 5 9 5 8 5 8 5 8 5 8 5 8 5 8 6 7 6 7 6 7 6 7 6 6 6 6 6 6 7 6 6 6 7 6 7 6 7 6 7 6 7 6 7 6 0 0 7 6 7 6 7 6 7 6 7 6 7 6 7 7 6 7 6 7 6 7 6 7 5 7 5 7 5 7 5 7 4 6 4 7 4 6 3 6 3 6 3 6 2 6 2 6 2 6 1 6 1 6 0 0 0 0 0 0 0 0 0 0 ]
CSI_DATA,AP,10:B4:1D:CC:60:E0,-24,11,1,7,1,1,1,1,0,0,1,-93,0,6,2,9145672,0,68,0,0,8.85506,384,[0 0 0 0 0 0 0 0 0 0 0 0 -10 -7 -10 -6 -10 -7 -10 -6 -10 -6 -10 -6 -10 -6 -10 -6 -10 -5 -10 -5 -10 -4 -10 -4 -10 -4 -10 -4 -10 -4 -10 -3 -10 -3 -10 -3 -10 -3 -10 -3 -10 -3 -10 -3 -10 -2 -10 -2 -10 -2 -11 -2 0 0 -11 -2 -11 -3 -11 -3 -11 -3 -11 -3 -11 -3 -11 -3 -10 -4 -10 -4 -10 -3 -10 -4 -10 -4 -9 -4 -9 -4 -9 -4 -8 -4 -8 -5 -8 -5 -8 -5 -7 -5 -7 -5 -7 -5 -6 -5 -6 -5 -6 -5 -5 -6 0 0 0 0 0 0 0 0 0 0 ]
CSI_DATA,AP,10:B4:1D:CC:60:E0,-24,11,1,7,1,1,1,1,0,0,1,-93,0,6,2,9235574,0,68,0,0,8.94496,384,[0 0 0 0 0 0 0 0 0 0 0 0 11 -2 11 -2 11 -2 11 -2 10 -2 10 -2 10 -3 10 -3 10 -3 9 -3 9 -3 9 -4 9 -4 9 -4 9 -4 8 -5 8 -5 8 -5 8 -5 8 -5 8 -5 8 -6 8 -6 8 -6 8 -6 8 -6 0 0 8 -6 8 -6 8 -7 8 -7 8 -6 8 -6 8 -6 8 -6 8 -6 8 -5 8 -5 8 -5 8 -4 8 -4 8 -4 8 -4 8 -4 8 -3 7 -3 7 -3 7 -2 7 -2 7 -2 7 -2 7 -1 6 -1 0 0 0 0 0 0 0 0 0 0 ]
CSI_DATA,AP,10:B4:1D:CC:60:E0,-24,11,1,7,1,1,1,1,0,0,1,-93,0,6,2,9325645,0,68,0,0,9.03504,384,[0 0 0 0 0 0 0 0 0 0 0 0 0 -12 0 -12 0 -12 0 -11 0 -12 0 -11 0 -11 -1 -11 -1 -11 -1 -11 -1 -11 -2 -10 -2 -10 -2 -10 -2 -10 -2 -10 -3 -10 -3 -10 -3 -10 -3 -10 -4 -10 -4 -10 -4 -10 -4 -10 -4 -10 -4 -10 0 0 -4 -10 -4 -11 -4 -10 -4 -10 -4 -10 -4 -11 -3 -11 -3 -10 -3 -10 -3 -10 -2 -10 -2 -10 -2 -10 -2 -10 -2 -10 -1 -9 -1 -9 -1 -9 -1 -9 -1 -8 0 -8 0 -8 0 -8 1 -8 1 -7 1 -7 0 0 0 0 0 0 0 0 0 0 ]
CSI_DATA,AP,10:B4:1D:CC:60:E0,-24,11,1,7,1,1,1,1,0,0,1,-93,0,6,2,9415619,0,68,0,0,9.125,384,[0 0 0 0 0 0 0 0 0 0 0 0 10 -6 9 -7 9 -7 9 -6 9 -6 9 -6 8 -7 8 -7 8 -7 8 -7 8 -7 7 -7 7 -7 7 -7 7 -7 6 -8 6 -8 6 -8 6 -8 5 -8 6 -8 5 -9 5 -9 5 -9 5 -9 5 -9 0 0 6 -9 6 -9 5 -9 6 -9 5 -9 6 -9 6 -9 6 -9 6 -8 6 -8 6 -8 6 -8 6 -7 6 -7 6 -7 6 -6 6 -6 6 -6 6 -5 6 -5 6 -5 6 -4 6 -4 6 -4 6 -3 6 -3 0 0 0 0 0 0 0 0 0 0 ]
CSI_DATA,AP,10:B4:1D:CC:60:E0,-24,11,1,7,1,1,1,1,0,0,1,-93,0,6,2,9505457,0,68,0,0,9.21486,384,[0 0 0 0 0 0 0 0 0 0 0 0 -12 0 -12 0 -12 0 -11 0 -11 0 -11 0 -11 0 -11 1 -11 1 -10 1 -10 1 -10 1 -10 1 -10 2 -10 2 -10 2 -10 2 -10 3 -10 3 -9 3 -9 3 -9 3 -9 4 -9 4 -10 4 -10 4 0 0 -10 4 -10 4 -10 4 -10 4 -10 4 -10 3 -10 3 -10 3 -10 3 -10 3 -10 2 -9 2 -9 2 -9 2 -9 1 -9 1 -9 1 -9 0 -9 0 -8 0 -8 0 -8 -1 -8 -1 -8 -1 -8 -1 -7 -2 0 0 0 0 0 0 0 0 0 0 ]
CSI_DATA,AP,10:B4:1D:CC:60:E0,-24,11,1,7,1,1,1,1,0,0,1,-93,0,6,2,9595599,0,68,0,0,9.30499,384,[0 0 0 0 0 0 0 0 0 0 0 0 4 -11 4 -11 3 -11 3 -11 3 -11 3 -10 3 -11 3 -10 2 -10 2 -10 2 -10 2 -10 2 -10 1 -10 1 -10 1 -10 1 -10 0 -10 0 -10 0 -10 0 -10 0 -10 0 -10 -1 -10 0 -11 0 -10 0 0 0 -11 -1 -11 -1 -11 0 -11 0 -11 0 -11 0 -11 0 -11 0 -10 1 -10 1 -10 1 -10 2 -10 2 -9 2 -9 2 -9 2 -9 2 -8 2 -8 2 -8 3 -7 3 -7 3 -7 3 -7 3 -6 4 -6 0 0 0 0 0 0 0 0 0 0 ]
CSI_DATA,AP,10:B4:1D:CC:60:E0,-24,11,1,7,1,1,1,1,0,0,1,-93,0,6,2,9685536,0,68,0,0,9.39492,384,[0 0 0 0 0 0 0 0 0 0 0 0 11 4 10 3 10 3 10 3 10 3 10 3 10 3 10 3 10 2 10 2 9 2 9 1 10 1 9 1 9 1 9 1 9 0 9 0 9 0 10 0 9 0 10 -1 10 -1 10 -1 10 -1 10 -1 0 0 10 -1 10 -1 10 -1 10 -1 10 -1 10 0 10 0 10 0 10 0 10 1 10 1 9 1 9 1 9 1 9 1 8 2 8 2 8 2 8 2 7 2 7 2 6 3 6 3 6 3 6 3 5 4 0 0 0 0 0 0 0 0 0 0 ]
CSI_DATA,AP,10:B4:1D:CC:60:E0,-24,11,1,7,1,1,1,1,0,0,1,-93,0,6,2,9775496,0,68,0,0,9.48489,384,[0 0 0 0 0 0 0 0 0 0 0 0 -3 11 -3 10 -3 10 -3 10 -3 10 -3 10 -3 10 -2 10 -2 10 -2 10 -1 9 -1 9 -1 9 -1 9 -1 9 0 9 0 9 0 9 0 9 1 9 0 9 1 9 1 9 1 9 1 9 1 9 0 0 1 10 1 10 1 10 1 10 1 10 1 10 0 10 0 10 0 9 0 9 0 9 0 9 -1 9 -1 9 -1 8 -1 8 -2 8 -2 8 -2 7 -2 7 -2 7 -3 7 -3 7 -3 6 -3 6 -4 6 0 0 0 0 0 0 0 0 0 0 ]
CSI_DATA,AP,10:B4:1D:CC:60:E0,-24,11,1,7,1,1,1,1,0,0,1,-93,0,6,2,9865556,0,68,0,0,9.57495,384,[0 0 0 0 0 0 0 0 0 0 0 0 6 9 6 9 6 9 6 9 6 8 6 8 6 8 6 8 6 8 6 7 6 7 7 7 7 6 7 6 7 6 7 6 7 6 7 5 8 5 8 5 8 5 8 5 8 5 8 5 8 5 8 5 0 0 9 5 9 5 9 5 8 5 8 5 9 5 8 6 8 6 8 6 8 6 7 6 7 6 7 6 7 6 6 6 6 6 5 6 5 6 5 6 4 6 4 6 4 6 4 6 3 6 3 6 2 6 0 0 0 0 0 0 0 0 0 0 ]
CSI_DATA,AP,10:B4:1D:CC:60:E0,-24,11,1,7,1,1,1,1,0,0,1,-93,0,6,2,9955715,0,68,0,0,9.66511,384,[0 0 0 0 0 0 0 0 0 0 0 0 -6 -11 -6 -10 -6 -10 -6 -10 -6 -10 -6 -10 -6 -9 -6 -9 -6 -9 -7 -9 -6 -9 -6 -8 -7 -8 -7 -8 -7 -8 -7 -8 -7 -7 -7 -7 -8 -7 -8 -7 -8 -7 -8 -7 -8 -7 -8 -7 -8 -7 -8 -7 0 0 -8 -7 -9 -7 -8 -7 -9 -7 -8 -7 -8 -8 -8 -8 -8 -8 -7 -8 -7 -8 -7 -8 -7 -8 -6 -8 -6 -8 -6 -8 -5 -8 -5 -8 -5 -7 -4 -8 -4 -7 -4 -8 -3 -8 -3 -8 -3 -7 -2 -7 -2 -7 0 0 0 0 0 0 0 0 0 0 ]
CSI_DATA,AP,10:B4:1D:CC:60:E0,-24,11,1,7,1,1,1,1,0,0,1,-93,0,6,2,10045582,0,68,0,0,9.75497,384,[0 0 0 0 0 0 0 0 0 0 0 0 -11 0 -12 0 -11 0 -11 0 -11 0 -11 1 -11 0 -11 1 -11 1 -10 1 -10 1 -10 2 -10 2 -10 2 -10 2 -10 2 -10 2 -10 3 -10 3 -9 3 -9 3 -9 3 -9 3 -9 4 -10 4 -10 4 0 0 -10 4 -10 4 -10 4 -10 3 -10 3 -10 3 -10 3 -10 3 -10 2 -10 2 -10 2 -10 2 -10 1 -10 1 -9 1 -9 0 -9 0 -9 0 -8 0 -8 0 -8 -1 -8 -1 -8 -1 -7 -1 -7 -2 -7 -2 0 0 0 0 0 0 0 0 0 0 ]
CSI_DATA,AP,10:B4:1D:CC:60:E0,-24,11,1,7,1,1,1,1,0,0,1,-93,0,6,2,10136616,0,68,0,0,9.84601,384,[0 0 0 0 0 0 0 0 0 0 0 0 -10 5 -10 5 -10 5 -10 5 -10 5 -10 5 -9 5 -9 5 -9 5 -9 5 -8 5 -8 6 -8 6 -8 6 -7 6 -8 6 -7 6 -7 6 -7 7 -7 7 -7 7 -7 7 -7 7 -7 7 -7 7 -7 7 0 0 -7 7 -7 8 -7 8 -7 8 -7 7 -7 7 -8 7 -7 7 -8 6 -8 6 -8 6 -8 6 -8 6 -7 5 -8 5 -7 5 -7 4 -7 4 -7 3 -7 3 -7 3 -7 3 -7 2 -7 2 -7 2 -7 1 0 0 0 0 0 0 0 0 0 0 ]
CSI_DATA,AP,10:B4:1D:CC:60:E0,-24,11,1,7,1,1,1,1,0,0,1,-93,0,6,2,10230672,0,68,0,0,9.94005,384,[0 0 0 0 0 0 0 0 0 0 0 0 -8 -9 -8 -9 -8 -9 -8 -9 -8 -8 -8 -8 -8 -8 -8 -8 -8 -7 -9 -7 -8 -7 -9 -7 -9 -7 -9 -6 -9 -6 -9 -6 -9 -6 -9 -5 -10 -5 -9 -5 -9 -5 -9 -5 -9 -5 -10 -5 -10 -5 -10 -5 0 0 -10 -5 -10 -5 -10 -5 -10 -5 -10 -6 -10 -6 -10 -6 -9 -6 -9 -6 -9 -6 -9 -6 -8 -7 -8 -7 -8 -7 -7 -6 -7 -7 -7 -7 -7 -7 -6 -6 -6 -7 -5 -7 -5 -7 -5 -7 -4 -7 -4 -7 -4 -7 0 0 0 0 0 0 0 0 0 0 ]
CSI_DATA,AP,10:B4:1D:CC:60:E0,-24,11,1,7,1,1,1,1,0,0,1,-93,0,6,2,10315620,0,68,0,0,10.025,384,[0 0 0 0 0 0 0 0 0 0 0 0 -1 11 -1 10 0 11 0 10 -1 10 0 10 0 10 0 10 0 10 1 10 1 10 1 9 1 9 1 9 1 9 1 9 2 9 2 9 2 9 2 9 2 9 2 9 3 9 3 9 3 9 3 9 0 0 2 9 3 9 3 9 2 9 2 10 2 10 2 10 2 10 1 9 1 9 1 9 1 9 0 9 0 9 0 8 -1 8 -1 8 -1 8 -1 7 -2 7 -2 7 -2 7 -2 7 -3 7 -3 6 -3 6 0 0 0 0 0 0 0 0 0 0 ]
CSI_DATA,AP,10:B4:1D:CC:60:E0,-24,11,1,7,1,1,1,1,0,0,1,-93,0,6,2,10405544,0,68,0,0,10.1149,384,[0 0 0 0 0 0 0 0 0 0 0 0 9 -7 9 -8 8 -7 8 -8 8 -7 8 -8 8 -7 8 -8 7 -8 7 -8 7 -8 7 -8 6 -8 6 -8 6 -8 6 -8 6 -8 5 -9 5 -9 5 -9 5 -9 5 -9 5 -9 5 -9 5 -10 5 -10 0 0 5 -10 5 -10 5 -10 5 -9 5 -10 5 -10 5 -9 5 -9 6 -9 6 -9 6 -8 6 -8 6 -8 6 -8 6 -7 6 -7 6 -7 6 -6 6 -6 6 -5 6 -5 6 -5 6 -5 6 -4 6 -4 6 -3 0 0 0 0 0 0 0 0 0 0 ]
CSI_DATA,AP,10:B4:1D:CC:60:E0,-24,11,1,7,1,1,1,1,0,0,1,-93,0,6,2,10495642,0,68,0,0,10.205,384,[0 0 0 0 0 0 0 0 0 0 0 0 9 -7 9 -7 9 -6 9 -7 8 -6 8 -7 8 -6 8 -7 8 -7 7 -7 7 -7 7 -7 7 -7 6 -8 6 -8 6 -8 6 -8 5 -8 6 -8 6 -8 5 -8 5 -8 5 -9 5 -9 5 -9 5 -9 0 0 5 -9 5 -9 5 -9 5 -9 5 -9 6 -9 6 -9 6 -8 6 -8 6 -8 6 -8 6 -8 6 -7 6 -7 6 -7 6 -6 6 -6 6 -6 6 -5 6 -5 6 -5 6 -4 6 -4 6 -4 6 -3 6 -3 0 0 0 0 0 0 0 0 0 0 ]
CSI_DATA,AP,10:B4:1D:CC:60:E0,-24,11,1,7,1,1,1,1,0,0,1,-93,0,6,2,10585576,0,68,0,0,10.295,384,[0 0 0 0 0 0 0 0 0 0 0 0 -4 -11 -5 -11 -5 -11 -5 -11 -5 -11 -5 -10 -5 -10 -5 -10 -5 -9 -5 -9 -5 -9 -5 -9 -6 -9 -6 -9 -6 -9 -6 -8 -6 -8 -6 -8 -7 -8 -7 -8 -7 -8 -7 -8 -7 -8 -8 -8 -7 -8 -8 -8 0 0 -8 -8 -8 -8 -8 -8 -8 -8 -8 -8 -8 -8 -7 -8 -7 -8 -7 -8 -7 -8 -6 -8 -6 -8 -6 -8 -5 -8 -5 -8 -5 -8 -5 -8 -4 -8 -4 -8 -4 -7 -3 -8 -3 -8 -3 -8 -2 -8 -2 -7 -2 -7 0 0 0 0 0 0 0 0 0 0 ]
CSI_DATA,AP,10:B4:1D:CC:60:E0,-24,11,1,7,1,1,1,1,0,0,1,-93,0,6,2,10675539,0,68,0,0,10.3849,384,[0 0 0 0 0 0 0 0 0 0 0 0 -11 5 -10 5 -11 5 -10 5 -10 5 -10 5 -10 5 -10 5 -9 5 -9 5 -9 6 -9 5 -8 6 -8 6 -8 6 -8 6 -8 6 -7 7 -7 7 -7 7 -7 7 -7 7 -7 7 -7 8 -7 7 -7 8 0 0 -7 7 -7 8 -7 8 -7 8 -7 8 -7 8 -8 7 -8 7 -8 7 -8 7 -8 6 -8 6 -8 6 -7 5 -8 5 -7 5 -8 5 -7 4 -8 4 -7 4 -8 3 -7 3 -7 3 -7 2 -7 2 -7 1 0 0 0 0 0 0 0 0 0 0 ]
CSI_DATA,AP,10:B4:1D:CC:60:E0,-24,11,1,7,1,1,1,1,0,0,1,-93,0,6,2,10765678,0,68,0,0,10.4751,384,[0 0 0 0 0 0 0 0 0 0 0 0 -11 4 -11 4 -11 4 -10 4 -11 4 -10 4 -10 4 -10 4 -10 4 -9 4 -9 4 -9 5 -9 5 -9 5 -8 5 -8 6 -8 5 -8 6 -8 6 -8 6 -8 6 -8 6 -8 7 -7 7 -8 7 -7 7 0 0 -8 7 -8 7 -7 7 -8 7 -8 7 -8 7 -8 6 -8 6 -8 6 -8 6 -8 5 -8 5 -8 5 -8 5 -8 5 -8 4 -8 4 -8 4 -8 3 -8 3 -7 3 -7 2 -7 2 -7 2 -7 1 -7 1 0 0 0 0 0 0 0 0 0 0 ]
CSI_DATA,AP,10:B4:1D:CC:60:E0,-24,11,1,7,1,1,1,1,0,0,1,-93,0,6,2,10855595,0,68,0,0,10.565,384,[0 0 0 0 0 0 0 0 0 0 0 0 -12 -2 -12 -1 -12 -1 -12 -1 -12 -1 -11 -1 -11 -1 -11 -1 -11 -1 -11 0 -11 0 -10 1 -10 1 -10 1 -10 1 -10 1 -10 1 -10 2 -10 2 -10 2 -10 2 -10 2 -10 3 -10 3 -10 3 -10 3 0 0 -10 3 -10 3 -10 3 -11 3 -10 3 -11 2 -11 2 -11 2 -10 2 -10 2 -10 2 -10 1 -10 1 -10 1 -10 1 -9 0 -9 0 -9 0 -9 0 -9 -1 -8 -1 -8 -1 -8 -1 -8 -1 -8 -2 -7 -2 0 0 0 0 0 0 0 0 0 0 ]
CSI_DATA,AP,10:B4:1D:CC:60:E0,-21,11,1,7,0,1,1,1,0,0,1,-93,0,6,2,10947369,0,68,0,0,10.6568,256,[0 0 0 0 0 0 0 0 0 0 0 0 8 -14 8 -14 7 -14 7 -13 7 -14 6 -13 6 -13 6 -13 6 -13 5 -13 5 -13 4 -13 4 -13 4 -14 4 -13 3 -13 3 -13 3 -14 2 -14 2 -14 2 -14 2 -14 1 -14 1 -14 1 -14 1 -14 0 0 1 -14 1 -15 1 -14 1 -15 2 -15 2 -14 2 -14 2 -14 3 -14 3 -14 3 -14 3 -13 3 -13 4 -13 4 -12 4 -12 4 -11 4 -11 4 -11 4 -10 5 -10 5 -9 5 -9 5 -9 5 -8 6 -8 0 0 0 0 0 0 0 0 0 0 ]
CSI_DATA,AP,10:B4:1D:CC:60:E0,-24,11,1,7,1,1,1,1,0,0,1,-93,0,6,2,11035564,0,68,0,0,10.745,384,[0 0 0 0 0 0 0 0 0 0 0 0 -11 -6 -11 -6 -11 -5 -11 -5 -10 -5 -10 -5 -10 -5 -10 -5 -10 -5 -10 -4 -10 -4 -10 -4 -10 -4 -10 -3 -10 -3 -10 -3 -10 -3 -10 -2 -10 -2 -10 -2 -10 -2 -10 -2 -10 -2 -11 -2 -11 -2 -11 -1 0 0 -11 -2 -11 -2 -11 -2 -11 -2 -11 -2 -11 -2 -11 -3 -11 -3 -11 -3 -10 -3 -10 -3 -10 -3 -10 -4 -9 -4 -9 -4 -9 -4 -8 -4 -8 -4 -8 -4 -7 -4 -7 -5 -7 -5 -7 -5 -6 -5 -6 -5 -6 -5 0 0 0 0 0 0 0 0 0 0 ]
CSI_DATA,AP,10:B4:1D:CC:60:E0,-24,11,1,7,1,1,1,1,0,0,1,-93,0,6,2,11125689,0,68,0,0,10.8351,384,[0 0 0 0 0 0 0 0 0 0 0 0 -10 6 -10 6 -9 6 -9 6 -9 6 -9 6 -9 6 -9 6 -8 6 -8 7 -8 7 -8 7 -7 7 -7 7 -7 7 -7 7 -7 7 -6 8 -6 8 -6 8 -6 8 -6 8 -6 8 -6 8 -6 8 -6 8 0 0 -6 8 -6 9 -6 8 -6 8 -6 8 -7 8 -7 8 -7 8 -7 8 -7 7 -7 7 -7 7 -7 7 -7 6 -7 6 -7 6 -7 5 -7 5 -7 5 -7 4 -7 4 -7 4 -7 3 -7 3 -7 2 -7 2 0 0 0 0 0 0 0 0 0 0 ]
CSI_DATA,AP,10:B4:1D:CC:60:E0,-24,11,1,7,1,1,1,1,0,0,1,-93,0,6,2,11215583,0,68,0,0,10.925,384,[0 0 0 0 0 0 0 0 0 0 0 0 -12 -1 -11 -1 -12 -1 -11 -1 -11 0 -11 0 -11 0 -11 0 -11 0 -10 0 -11 1 -10 1 -10 1 -10 2 -10 2 -10 2 -10 2 -10 2 -10 3 -10 3 -10 3 -10 3 -10 3 -10 3 -9 4 -9 3 0 0 -10 4 -10 4 -10 4 -10 4 -10 4 -10 3 -10 3 -10 3 -10 3 -10 3 -10 2 -10 2 -9 2 -9 1 -9 1 -9 1 -9 1 -9 1 -8 0 -8 0 -8 0 -8 0 -8 -1 -8 -1 -7 -1 -7 -2 0 0 0 0 0 0 0 0 0 0 ]
CSI_DATA,AP,10:B4:1D:CC:60:E0,-24,11,1,7,1,1,1,1,0,0,1,-93,0,6,2,11305598,0,68,0,0,11.015,384,[0 0 0 0 0 0 0 0 0 0 0 0 9 5 9 5 9 5 9 5 9 4 9 4 9 4 9 4 9 4 9 4 9 3 9 3 9 3 9 3 9 2 9 2 9 2 9 2 9 1 9 1 9 1 9 1 9 1 9 1 9 1 9 1 0 0 10 1 9 1 10 1 10 1 10 1 10 1 9 2 9 2 9 2 9 2 9 2 9 2 8 3 8 3 8 3 8 3 7 3 7 3 7 3 6 3 6 3 6 4 5 4 5 4 5 4 4 4 0 0 0 0 0 0 0 0 0 0 ]
CSI_DATA,AP,10:B4:1D:CC:60:E0,-24,11,1,7,1,1,1,1,0,0,1,-93,0,6,2,11395539,0,68,0,0,11.1049,384,[0 0 0 0 0 0 0 0 0 0 0 0 8 7 8 7 8 7 8 6 8 6 8 6 8 6 8 6 8 5 8 5 8 5 8 5 8 4 8 4 8 4 8 4 8 4 8 3 9 3 9 3 9 3 9 3 9 3 9 3 9 2 9 2 0 0 9 3 9 3 10 3 9 3 9 3 9 3 9 4 9 4 9 4 9 4 9 4 8 4 8 4 8 4 7 4 7 5 7 4 6 4 6 5 6 5 5 5 5 5 5 5 4 5 4 5 3 5 0 0 0 0 0 0 0 0 0 0 ]
CSI_DATA,AP,10:B4:1D:CC:60:E0,-24,11,1,7,1,1,1,1,0,0,1,-93,0,6,2,11486607,0,68,0,0,11.196,384,[0 0 0 0 0 0 0 0 0 0 0 0 -10 6 -9 6 -10 6 -9 6 -9 6 -9 7 -9 6 -9 6 -8 6 -8 7 -8 7 -7 7 -7 7 -7 7 -7 7 -7 7 -6 7 -6 8 -6 8 -6 8 -6 8 -6 8 -6 8 -6 8 -6 8 -6 8 0 0 -6 8 -6 9 -6 8 -6 9 -6 8 -6 8 -6 8 -6 8 -7 8 -7 7 -7 7 -7 7 -7 7 -7 6 -7 6 -7 5 -7 5 -7 5 -7 5 -7 4 -7 4 -7 4 -7 4 -7 3 -7 3 -7 2 0 0 0 0 0 0 0 0 0 0 ]
CSI_DATA,AP,10:B4:1D:CC:60:E0,-24,11,1,7,1,1,1,1,0,0,1,-93,0,6,2,11575635,0,68,0,0,11.285,384,[0 0 0 0 0 0 0 0 0 0 0 0 0 11 0 11 0 11 0 11 0 10 0 10 0 10 1 10 1 10 1 9 1 10 1 9 2 9 2 9 2 9 2 9 2 9 2 9 3 9 3 9 3 9 3 9 3 8 4 9 4 9 4 9 0 0 4 9 4 9 4 9 3 9 4 9 3 9 3 9 3 9 3 9 2 9 2 9 2 9 2 9 1 9 1 8 1 8 0 8 0 8 0 7 0 7 0 7 -1 7 -1 7 -1 7 -1 6 -2 6 0 0 0 0 0 0 0 0 0 0 ]
CSI_DATA,AP,10:B4:1D:CC:60:E0,-24,11,1,7,1,1,1,1,0,0,1,-93,0,6,2,11665597,0,68,0,0,11.375,384,[0 0 0 0 0 0 0 0 0 0 0 0 -11 5 -11 5 -11 5 -10 5 -10 5 -10 5 -10 5 -10 5 -9 5 -9 5 -9 5 -9 5 -9 5 -8 6 -8 6 -8 6 -8 6 -8 6 -8 6 -8 6 -7 6 -7 7 -7 7 -7 7 -7 7 -7 7 0 0 -8 7 -7 7 -7 7 -8 7 -8 7 -8 7 -8 7 -8 6 -8 6 -8 6 -8 6 -8 5 -8 5 -8 5 -8 5 -8 4 -8 4 -8 4 -8 3 -8 3 -8 2 -8 2 -7 2 -7 2 -7 1 -7 1 0 0 0 0 0 0 0 0 0 0 ]
CSI_DATA,AP,10:B4:1D:CC:60:E0,-24,11,1,7,1,1,1,1,0,0,1,-93,0,6,2,11756092,0,68,0,0,11.4655,384,[0 0 0 0 0 0 0 0 0 0 0 0 -11 5 -10 5 -10 5 -10 5 -10 5 -10 5 -9 5 -9 6 -9 5 -9 6 -9 6 -8 6 -8 6 -8 6 -8 6 -8 6 -7 6 -7 7 -7 7 -7 7 -7 7 -7 7 -7 8 -6 8 -6 8 -6 8 0 0 -7 8 -7 8 -7 8 -7 8 -7 8 -7 8 -7 8 -7 7 -7 7 -8 7 -8 7 -8 6 -7 6 -7 6 -8 5 -7 5 -7 5 -7 4 -7 4 -7 4 -7 3 -7 3 -7 3 -7 2 -7 2 -7 1 0 0 0 0 0 0 0 0 0 0 ]
CSI_DATA,AP,10:B4:1D:CC:60:E0,-24,11,1,7,1,1,1,1,0,0,1,-93,0,6,2,11845567,0,68,0,0,11.555,384,[0 0 0 0 0 0 0 0 0 0 0 0 -6 -11 -6 -10 -6 -11 -6 -10 -6 -10 -6 -10 -6 -10 -6 -10 -6 -9 -6 -9 -6 -9 -6 -9 -7 -8 -7 -8 -7 -8 -7 -8 -7 -8 -7 -8 -7 -8 -7 -8 -7 -8 -8 -8 -8 -7 -8 -7 -8 -7 -8 -7 0 0 -8 -7 -8 -8 -8 -8 -8 -8 -8 -8 -8 -8 -7 -8 -7 -8 -7 -8 -7 -8 -7 -8 -6 -8 -6 -8 -5 -8 -5 -8 -5 -8 -5 -8 -4 -8 -4 -8 -4 -7 -3 -8 -3 -8 -3 -8 -2 -8 -2 -7 -2 -7 0 0 0 0 0 0 0 0 0 0 ]
CSI_DATA,AP,10:B4:1D:CC:60:E0,-24,11,1,7,1,1,1,1,0,0,1,-93,0,6,2,11935618,0,68,0,0,11.645,384,[0 0 0 0 0 0 0 0 0 0 0 0 -12 -3 -12 -3 -12 -2 -11 -2 -11 -2 -11 -2 -11 -2 -11 -2 -11 -2 -11 -1 -11 -1 -11 -1 -10 0 -10 0 -10 0 -10 0 -10 1 -10 1 -10 1 -10 1 -10 1 -10 1 -10 2 -10 2 -10 2 -10 2 0 0 -11 2 -11 2 -11 2 -11 2 -11 2 -11 2 -11 1 -11 1 -11 1 -11 1 -10 1 -10 0 -10 0 -10 0 -10 0 -9 -1 -9 -1 -9 -1 -9 -1 -8 -1 -8 -1 -8 -2 -8 -2 -7 -2 -7 -3 -7 -3 0 0 0 0 0 0 0 0 0 0 ]
CSI_DATA,AP,10:B4:1D:CC:60:E0,-24,11,1,7,1,1,1,1,0,0,1,-93,0,6,2,12025602,0,68,0,0,11.735,384,[0 0 0 0 0 0 0 0 0 0 0 0 -8 -10 -8 -9 -8 -9 -8 -9 -8 -9 -8 -8 -8 -8 -8 -8 -8 -8 -8 -8 -8 -7 -8 -7 -8 -7 -8 -7 -8 -7 -8 -6 -8 -6 -9 -6 -9 -6 -9 -6 -9 -6 -9 -6 -9 -6 -9 -6 -9 -6 -9 -5 0 0 -9 -6 -10 -6 -9 -6 -9 -6 -9 -6 -9 -7 -9 -7 -9 -7 -9 -7 -8 -7 -8 -7 -8 -7 -7 -7 -7 -7 -7 -7 -6 -7 -6 -7 -6 -7 -6 -7 -5 -7 -5 -7 -5 -7 -4 -7 -4 -7 -4 -7 -3 -7 0 0 0 0 0 0 0 0 0 0 ]
CSI_DATA,AP,10:B4:1D:CC:60:E0,-24,11,1,7,1,1,1,1,0,0,1,-93,0,6,2,12115638,0,68,0,0,11.825,384,[0 0 0 0 0 0 0 0 0 0 0 0 -7 -10 -7 -10 -7 -10 -7 -10 -7 -9 -7 -9 -7 -9 -7 -9 -7 -8 -7 -9 -7 -8 -7 -8 -7 -8 -8 -8 -8 -7 -8 -7 -8 -7 -8 -7 -8 -7 -8 -6 -8 -7 -8 -6 -9 -6 -9 -6 -9 -6 -9 -6 0 0 -9 -6 -9 -7 -9 -7 -9 -7 -9 -7 -9 -7 -9 -7 -8 -7 -8 -7 -8 -7 -7 -7 -7 -8 -7 -8 -7 -8 -6 -7 -6 -7 -6 -8 -5 -7 -5 -7 -5 -7 -4 -7 -4 -7 -4 -7 -3 -7 -3 -7 -2 -7 0 0 0 0 0 0 0 0 0 0 ]
CSI_DATA,AP,10:B4:1D:CC:60:E0,-24,11,1,7,1,1,1,1,0,0,1,-93,0,6,2,12205758,0,68,0,0,11.9151,384,[0 0 0 0 0 0 0 0 0 0 0 0 0 11 0 10 0 11 0 10 0 10 0 10 0 10 0 10 0 10 1 10 1 9 1 9 1 9 1 9 2 9 2 9 2 8 2 9 2 9 3 9 3 9 3 9 3 9 3 9 3 9 3 9 0 0 3 9 3 9 3 9 3 9 3 9 3 9 2 9 2 9 2 9 2 9 2 9 1 9 1 9 1 8 1 8 0 8 0 8 0 7 -1 7 -1 7 -1 7 -1 7 -2 7 -2 6 -2 6 -2 6 0 0 0 0 0 0 0 0 0 0 ]
CSI_DATA,AP,10:B4:1D:CC:60:E0,-24,11,1,7,1,1,1,1,0,0,1,-93,0,6,2,12295620,0,68,0,0,12.005,384,[0 0 0 0 0 0 0 0 0 0 0 0 11 0 11 0 10 0 10 0 10 0 10 -1 10 0 10 -1 10 -1 9 -1 9 -2 9 -2 9 -2 9 -2 9 -2 9 -2 9 -3 9 -3 9 -3 9 -3 9 -3 9 -3 9 -4 9 -4 9 -4 9 -4 0 0 9 -4 9 -4 9 -4 9 -4 9 -4 9 -3 9 -3 9 -3 9 -3 9 -3 9 -3 9 -2 9 -2 9 -2 8 -1 8 -1 8 -1 8 -1 7 0 7 0 7 0 7 0 7 0 6 1 6 1 6 1 0 0 0 0 0 0 0 0 0 0 ]
CSI_DATA,AP,10:B4:1D:CC:60:E0,-24,11,1,7,1,1,1,1,0,0,1,-93,0,6,2,12387077,0,68,0,0,12.0965,384,[0 0 0 0 0 0 0 0 0 0 0 0 10 4 10 4 10 4 10 4 10 3 9 3 9 3 9 3 9 2 9 2 9 2 9 2 9 2 9 1 9 1 9 1 9 0 9 0 9 0 9 0 9 0 9 -1 9 -1 9 -1 9 -1 10 -1 0 0 9 -1 10 -1 10 -1 10 -1 10 -1 10 -1 10 0 10 0 10 0 9 0 9 0 9 1 9 1 8 1 8 1 8 1 8 1 8 1 7 1 7 2 7 2 7 2 6 2 6 3 6 3 5 3 0 0 0 0 0 0 0 0 0 0 ]
CSI_DATA,AP,10:B4:1D:CC:60:E0,-24,11,1,7,1,1,1,1,0,0,1,-93,0,6,2,12475531,0,68,0,0,12.1849,384,[0 0 0 0 0 0 0 0 0 0 0 0 -4 -12 -4 -11 -4 -11 -4 -11 -4 -11 -4 -11 -4 -10 -4 -10 -4 -10 -5 -10 -4 -10 -5 -10 -5 -10 -5 -9 -6 -9 -5 -9 -6 -9 -6 -9 -6 -9 -7 -9 -6 -9 -7 -8 -7 -8 -7 -9 -7 -9 -7 -8 0 0 -7 -9 -7 -9 -7 -9 -7 -9 -7 -9 -7 -9 -7 -9 -6 -9 -6 -9 -6 -9 -5 -9 -5 -9 -5 -9 -5 -9 -4 -9 -4 -9 -4 -9 -4 -8 -3 -8 -3 -8 -3 -8 -2 -8 -2 -8 -1 -8 -1 -8 -1 -7 0 0 0 0 0 0 0 0 0 0 ]
CSI_DATA,AP,10:B4:1D:CC:60:E0,-24,11,1,7,1,1,1,1,0,0,1,-93,0,6,2,12565543,0,68,0,0,12.2749,384,[0 0 0 0 0 0 0 0 0 0 0 0 -4 -11 -4 -11 -4 -11 -4 -11 -4 -11 -4 -10 -4 -10 -4 -10 -4 -10 -5 -10 -5 -10 -5 -9 -5 -9 -5 -9 -5 -9 -6 -9 -5 -9 -6 -8 -6 -8 -6 -8 -6 -8 -6 -8 -7 -8 -7 -8 -7 -8 -7 -8 0 0 -7 -8 -7 -9 -7 -8 -7 -9 -7 -9 -7 -9 -6 -9 -6 -9 -6 -9 -6 -9 -5 -9 -5 -9 -5 -9 -5 -9 -4 -9 -4 -8 -4 -9 -3 -8 -3 -8 -3 -8 -3 -8 -2 -8 -2 -8 -1 -8 -1 -7 -1 -7 0 0 0 0 0 0 0 0 0 0 ]
CSI_DATA,AP,10:B4:1D:CC:60:E0,-24,11,1,7,1,1,1,1,0,0,1,-93,0,6,2,12655516,0,68,0,0,12.3649,384,[0 0 0 0 0 0 0 0 0 0 0 0 7 -9 7 -9 7 -9 7 -9 6 -9 6 -9 6 -9 6 -9 6 -9 5 -9 5 -9 5 -9 5 -9 4 -9 4 -9 4 -9 4 -9 4 -9 3 -9 3 -10 3 -9 3 -10 3 -10 3 -10 3 -10 3 -10 0 0 3 -10 3 -10 3 -10 3 -10 3 -10 3 -10 4 -10 4 -10 4 -9 4 -9 4 -9 4 -9 4 -9 4 -8 5 -8 5 -8 5 -7 5 -7 5 -7 5 -6 5 -6 5 -6 5 -5 5 -5 5 -5 5 -4 0 0 0 0 0 0 0 0 0 0 ]
CSI_DATA,AP,10:B4:1D:CC:60:E0,-24,11,1,7,1,1,1,1,0,0,1,-93,0,6,2,12746085,0,68,0,0,12.4555,384,[0 0 0 0 0 0 0 0 0 0 0 0 -12 -1 -12 -1 -12 -1 -11 -1 -12 -1 -11 0 -11 0 -11 0 -11 0 -11 0 -11 0 -11 1 -11 1 -10 1 -10 1 -10 2 -10 2 -10 2 -10 2 -10 3 -10 3 -10 3 -10 3 -10 3 -10 3 -10 3 0 0 -10 3 -10 3 -10 3 -10 3 -10 3 -11 3 -11 3 -11 2 -11 2 -11 2 -10 2 -10 1 -10 1 -10 1 -10 1 -9 1 -9 0 -9 0 -9 0 -9 0 -8 -1 -8 -1 -8 -1 -8 -2 -8 -2 -7 -2 0 0 0 0 0 0 0 0 0 0 ]
CSI_DATA,AP,10:B4:1D:CC:60:E0,-24,11,1,7,1,1,1,1,0,0,1,-93,0,6,2,12835614,0,68,0,0,12.545,384,[0 0 0 0 0 0 0 0 0 0 0 0 -12 -3 -12 -3 -12 -3 -12 -3 -11 -3 -11 -3 -11 -2 -11 -2 -11 -2 -11 -2 -11 -2 -11 -1 -10 -1 -10 -1 -11 -1 -11 0 -10 0 -10 0 -10 0 -11 0 -10 0 -11 0 -11 1 -11 0 -11 1 -11 1 0 0 -11 1 -11 1 -11 1 -11 1 -11 1 -11 0 -11 0 -11 0 -11 0 -11 -1 -11 -1 -10 -1 -10 -2 -10 -2 -10 -2 -9 -2 -9 -2 -9 -2 -8 -2 -8 -3 -8 -3 -8 -3 -8 -3 -7 -4 -7 -4 -6 -4 0 0 0 0 0 0 0 0 0 0 ]
CSI_DATA,AP,10:B4:1D:CC:60:E0,-24,11,1,7,1,1,1,1,0,0,1,-93,0,6,2,12925563,0,68,0,0,12.635,384,[0 0 0 0 0 0 0 0 0 0 0 0 7 -9 7 -9 7 -9 7 -9 6 -9 6 -9 6 -8 6 -8 6 -9 5 -9 5 -9 5 -9 5 -9 4 -9 4 -9 4 -9 4 -9 4 -9 3 -9 3 -10 3 -9 3 -10 3 -10 2 -10 3 -10 3 -10 0 0 3 -10 2 -10 3 -10 3 -10 3 -10 3 -10 3 -10 3 -10 4 -10 4 -9 4 -9 4 -9 4 -9 4 -8 4 -8 4 -8 4 -8 4 -7 4 -7 4 -6 5 -6 5 -6 4 -6 5 -6 5 -5 5 -5 0 0 0 0 0 0 0 0 0 0 ]
CSI_DATA,AP,10:B4:1D:CC:60:E0,-24,11,1,7,1,1,1,1,0,0,1,-93,0,6,2,13015625,0,68,0,0,12.725,384,[0 0 0 0 0 0 0 0 0 0 0 0 0 -12 0 -12 0 -12 0 -12 -1 -11 0 -11 -1 -11 -1 -11 -1 -11 -1 -11 -1 -10 -2 -10 -2 -10 -2 -10 -2 -10 -2 -10 -2 -10 -3 -10 -3 -10 -3 -10 -3 -10 -3 -10 -3 -10 -4 -10 -4 -10 -4 -10 0 0 -4 -10 -4 -10 -4 -11 -4 -10 -3 -11 -3 -11 -3 -11 -3 -11 -2 -10 -2 -10 -2 -10 -2 -10 -2 -10 -1 -10 -1 -9 -1 -9 -1 -9 0 -9 0 -8 0 -8 0 -8 1 -8 1 -8 1 -7 1 -7 2 -7 0 0 0 0 0 0 0 0 0 0 ]
CSI_DATA,AP,10:B4:1D:CC:60:E0,-24,11,1,7,1,1,1,1,0,0,1,-93,0,6,2,13106542,0,68,0,0,12.8159,384,[0 0 0 0 0 0 0 0 0 0 0 0 9 7 8 7 9 7 8 6 8 6 8 6 8 6 8 6 8 5 8 5 8 5 8 4 8 4 8 4 9 4 9 3 8 3 9 3 9 3 9 3 9 3 9 2 9 2 9 2 9 2 9 2 0 0 9 2 10 2 9 2 10 2 10 2 10 3 9 3 9 3 9 3 9 3 9 3 8 3 8 3 8 4 8 4 7 3 7 4 7 4 6 4 6 4 6 4 6 4 5 4 5 4 4 5 4 5 0 0 0 0 0 0 0 0 0 0 ]
CSI_DATA,AP,10:B4:1D:CC:60:E0,-24,11,1,7,1,1,1,1,0,0,1,-93,0,6,2,13200308,0,68,0,0,12.9097,384,[0 0 0 0 0 0 0 0 0 0 0 0 -12 1 -12 1 -12 1 -11 1 -11 1 -11 1 -11 1 -11 1 -10 2 -10 2 -10 2 -10 2 -10 2 -10 2 -10 3 -10 3 -9 3 -9 4 -9 4 -9 4 -9 4 -9 4 -9 4 -9 5 -9 5 -9 5 0 0 -9 5 -9 5 -9 5 -9 5 -9 5 -10 4 -10 4 -10 4 -10 4 -10 4 -10 3 -9 3 -9 3 -9 2 -9 2 -9 2 -9 2 -9 2 -8 1 -8 1 -8 1 -8 1 -8 0 -8 0 -8 -1 -7 -1 0 0 0 0 0 0 0 0 0 0 ]
CSI_DATA,AP,10:B4:1D:CC:60:E0,-24,11,1,7,1,1,1,1,0,0,1,-93,0,6,2,13285561,0,68,0,0,12.995,384,[0 0 0 0 0 0 0 0 0 0 0 0 -5 -11 -5 -11 -5 -11 -5 -11 -5 -10 -5 -10 -5 -10 -5 -10 -5 -10 -5 -9 -5 -9 -6 -9 -6 -9 -6 -9 -6 -9 -6 -8 -6 -8 -6 -8 -7 -8 -7 -8 -7 -8 -7 -8 -7 -7 -8 -8 -8 -8 -8 -7 0 0 -8 -8 -8 -8 -8 -8 -8 -8 -8 -8 -7 -8 -7 -9 -7 -8 -7 -8 -6 -8 -6 -8 -6 -9 -6 -8 -6 -8 -5 -8 -5 -8 -4 -8 -4 -8 -4 -8 -3 -8 -3 -8 -3 -8 -3 -8 -2 -7 -2 -7 -2 -7 0 0 0 0 0 0 0 0 0 0 ]
CSI_DATA,AP,10:B4:1D:CC:60:E0,-24,11,1,7,1,1,1,1,0,0,1,-93,0,6,2,13376989,0,68,0,0,13.0864,384,[0 0 0 0 0 0 0 0 0 0 0 0 11 -2 11 -2 10 -2 11 -2 10 -2 10 -3 10 -3 10 -3 9 -3 9 -3 9 -4 9 -4 9 -4 8 -4 9 -4 8 -5 8 -5 8 -5 8 -5 8 -5 8 -6 8 -6 8 -6 8 -6 8 -6 8 -6 0 0 8 -6 8 -6 8 -6 8 -6 8 -6 8 -6 8 -6 8 -6 9 -5 8 -5 8 -5 8 -5 8 -4 8 -4 8 -4 8 -3 8 -3 7 -3 7 -3 7 -2 7 -2 7 -2 7 -2 7 -1 7 -1 6 0 0 0 0 0 0 0 0 0 0 0 ]
CSI_DATA,AP,10:B4:1D:CC:60:E0,-24,11,1,7,1,1,1,1,0,0,1,-93,0,6,2,13465480,0,68,0,0,13.1749,384,[0 0 0 0 0 0 0 0 0 0 0 0 -5 -11 -5 -11 -5 -11 -5 -11 -5 -11 -5 -10 -5 -10 -5 -10 -5 -10 -6 -9 -6 -9 -6 -9 -6 -9 -7 -9 -7 -9 -7 -8 -7 -8 -7 -8 -8 -8 -8 -8 -8 -7 -8 -7 -8 -7 -8 -8 -8 -7 -8 -7 0 0 -8 -7 -8 -7 -9 -8 -8 -7 -8 -8 -8 -8 -8 -8 -8 -8 -8 -8 -7 -8 -7 -8 -7 -8 -7 -8 -7 -8 -6 -8 -6 -8 -5 -8 -5 -8 -5 -8 -5 -7 -4 -7 -4 -8 -4 -7 -3 -7 -3 -7 -2 -7 0 0 0 0 0 0 0 0 0 0 ]
CSI_DATA,AP,10:B4:1D:CC:60:E0,-24,11,1,7,1,1,1,1,0,0,1,-93,0,6,2,13556868,0,68,0,0,13.2663,384,[0 0 0 0 0 0 0 0 0 0 0 0 5 10 5 9 5 9 5 9 5 9 5 9 5 8 6 8 5 8 6 8 6 8 6 7 6 7 6 7 6 7 7 7 6 6 7 6 7 6 7 6 7 6 7 6 8 6 8 6 8 6 8 6 0 0 8 6 8 6 8 6 8 6 8 6 8 6 8 6 7 6 7 6 7 7 7 7 6 7 6 7 6 7 6 7 5 6 5 7 5 6 4 6 4 6 4 6 3 7 3 6 2 6 2 6 2 6 0 0 0 0 0 0 0 0 0 0 ]
CSI_DATA,AP,10:B4:1D:CC:60:E0,-24,11,1,7,1,1,1,1,0,0,1,-93,0,6,2,13645509,0,68,0,0,13.3549,384,[0 0 0 0 0 0 0 0 0 0 0 0 -1 11 -1 11 0 11 0 11 0 10 0 10 0 10 0 10 0 10 1 10 1 10 1 9 1 9 1 9 2 10 2 9 2 9 2 9 3 9 3 9 3 9 3 9 3 9 3 9 3 9 3 9 0 0 3 9 3 9 3 10 3 10 3 10 3 10 2 10 2 10 2 9 2 9 1 9 1 9 1 9 1 9 0 9 0 8 0 8 0 8 -1 8 -1 7 -1 7 -2 7 -2 7 -2 7 -2 7 -3 6 0 0 0 0 0 0 0 0 0 0 ]
CSI_DATA,AP,10:B4:1D:CC:60:E0,-24,11,1,7,1,1,1,1,0,0,1,-93,0,6,2,13735644,0,68,0,0,13.445,384,[0 0 0 0 0 0 0 0 0 0 0 0 10 3 10 3 10 3 10 3 10 3 10 2 10 2 10 2 9 2 10 2 10 2 10 1 9 1 9 1 9 0 10 0 9 0 9 -1 9 -1 9 -1 9 -1 9 -1 10 -1 10 -1 10 -1 10 -1 0 0 10 -1 10 -2 10 -2 10 -2 10 -1 10 -1 10 -1 10 -1 10 0 10 0 10 0 9 0 9 0 9 1 9 0 8 1 8 1 8 1 8 1 7 1 7 2 7 2 7 2 6 2 6 3 5 3 0 0 0 0 0 0 0 0 0 0 ]
CSI_DATA,AP,10:B4:1D:CC:60:E0,-24,11,1,7,1,1,1,1,0,0,1,-93,0,6,2,13825503,0,68,0,0,13.5349,384,[0 0 0 0 0 0 0 0 0 0 0 0 5 9 5 9 5 9 6 8 5 8 6 8 5 8 6 8 6 7 6 7 6 7 6 7 6 7 6 7 6 6 7 6 7 6 7 6 7 6 7 6 7 6 7 5 8 5 8 5 8 5 8 5 0 0 8 5 8 5 8 5 8 5 8 6 8 6 7 6 7 6 7 6 7 6 7 6 6 6 6 6 6 6 5 6 5 6 5 6 5 6 4 6 4 6 3 6 3 6 3 6 3 6 2 6 2 6 0 0 0 0 0 0 0 0 0 0 ]
CSI_DATA,AP,10:B4:1D:CC:60:E0,-24,11,1,7,1,1,1,1,0,0,1,-93,0,6,2,13916160,0,68,0,0,13.6255,384,[0 0 0 0 0 0 0 0 0 0 0 0 10 -4 10 -4 10 -4 10 -4 10 -4 10 -4 9 -4 9 -4 9 -4 9 -5 9 -5 8 -5 8 -5 8 -5 8 -5 8 -6 7 -6 8 -6 7 -6 7 -7 7 -6 7 -7 7 -7 7 -7 7 -7 7 -7 0 0 7 -7 7 -7 7 -7 7 -8 7 -7 8 -7 8 -7 8 -7 7 -6 8 -6 8 -6 8 -6 8 -5 7 -5 8 -5 7 -5 7 -4 7 -4 7 -4 7 -3 7 -3 7 -3 7 -3 7 -2 6 -2 6 -1 0 0 0 0 0 0 0 0 0 0 ]
CSI_DATA,AP,10:B4:1D:CC:60:E0,-24,11,1,7,1,1,1,1,0,0,1,-93,0,6,2,14005626,0,68,0,0,13.715,384,[0 0 0 0 0 0 0 0 0 0 0 0 -6 -11 -6 -11 -6 -10 -6 -10 -6 -10 -6 -10 -6 -10 -6 -10 -7 -9 -7 -9 -7 -9 -7 -9 -7 -8 -7 -8 -7 -8 -7 -8 -8 -8 -8 -7 -8 -7 -8 -8 -8 -7 -8 -7 -8 -7 -9 -7 -9 -7 -9 -7 0 0 -9 -7 -9 -7 -9 -7 -9 -7 -9 -8 -8 -8 -8 -8 -8 -8 -8 -8 -8 -8 -7 -8 -7 -8 -7 -8 -7 -8 -6 -8 -6 -8 -5 -8 -5 -8 -5 -8 -4 -8 -4 -8 -4 -8 -4 -8 -3 -8 -3 -7 -2 -7 0 0 0 0 0 0 0 0 0 0 ]
CSI_DATA,AP,10:B4:1D:CC:60:E0,-24,11,1,7,1,1,1,1,0,0,1,-93,0,6,2,14095694,0,68,0,0,13.8051,384,[0 0 0 0 0 0 0 0 0 0 0 0 2 -11 2 -11 2 -12 2 -11 2 -11 2 -11 1 -11 1 -11 1 -11 1 -11 1 -11 0 -10 0 -10 0 -10 0 -10 -1 -10 -1 -10 -1 -10 -1 -10 -1 -10 -1 -10 -2 -10 -2 -10 -2 -11 -2 -10 -2 -10 0 0 -2 -11 -2 -11 -2 -11 -1 -11 -2 -11 -1 -11 -1 -11 -1 -11 -1 -10 0 -11 0 -10 0 -10 0 -10 0 -10 0 -9 1 -9 1 -10 1 -9 1 -8 1 -8 2 -8 2 -8 2 -8 2 -7 2 -7 3 -6 0 0 0 0 0 0 0 0 0 0 ]
CSI_DATA,AP,10:B4:1D:CC:60:E0,-24,11,1,7,1,1,1,1,0,0,1,-93,0,6,2,14185613,0,68,0,0,13.895,384,[0 0 0 0 0 0 0 0 0 0 0 0 -12 -3 -12 -3 -12 -3 -12 -3 -11 -3 -11 -3 -11 -3 -11 -2 -11 -2 -11 -2 -11 -1 -11 -1 -11 -1 -11 -1 -11 -1 -11 0 -11 0 -10 0 -11 1 -11 0 -10 0 -11 1 -10 1 -10 1 -11 2 -11 2 0 0 -11 1 -11 1 -11 2 -11 1 -11 1 -11 1 -11 1 -11 0 -11 0 -11 0 -11 0 -10 0 -10 0 -10 0 -10 -1 -10 -1 -9 -1 -9 -1 -9 -2 -9 -2 -8 -2 -8 -2 -8 -2 -7 -3 -7 -3 -7 -3 0 0 0 0 0 0 0 0 0 0 ]
CSI_DATA,AP,10:B4:1D:CC:60:E0,-24,11,1,7,1,1,1,1,0,0,1,-93,0,6,2,14275598,0,68,0,0,13.985,384,[0 0 0 0 0 0 0 0 0 0 0 0 11 -4 10 -4 11 -4 10 -4 10 -4 10 -4 10 -4 10 -4 9 -4 9 -5 9 -5 9 -5 9 -5 8 -5 8 -5 8 -6 8 -6 8 -6 8 -6 7 -6 7 -6 7 -7 8 -7 7 -7 7 -7 7 -7 0 0 8 -7 8 -7 7 -7 8 -7 8 -7 8 -7 8 -7 8 -6 8 -6 8 -6 8 -6 8 -6 8 -5 8 -5 8 -5 7 -4 7 -4 7 -4 7 -4 7 -3 7 -3 7 -3 7 -2 7 -2 7 -2 6 -1 0 0 0 0 0 0 0 0 0 0 ]
CSI_DATA,AP,10:B4:1D:CC:60:E0,-24,11,1,7,1,1,1,1,0,0,1,-93,0,6,2,14365644,0,68,0,0,14.075,384,[0 0 0 0 0 0 0 0 0 0 0 0 3 10 3 10 4 10 4 10 3 10 4 9 4 9 4 9 4 9 4 8 4 8 4 8 5 8 5 8 5 8 5 7 5 7 5 7 6 8 6 7 6 7 6 7 6 7 7 7 7 7 6 7 0 0 7 7 7 7 7 7 7 7 7 7 7 7 6 8 6 8 6 7 6 8 5 7 5 8 5 8 5 8 4 7 4 7 3 7 3 7 3 7 3 7 3 7 2 7 2 7 1 7 1 6 1 6 0 0 0 0 0 0 0 0 0 0 ]
CSI_DATA,AP,10:B4:1D:CC:60:E0,-24,11,1,7,1,1,1,1,0,0,1,-93,0,6,2,14455754,0,68,0,0,14.1652,384,[0 0 0 0 0 0 0 0 0 0 0 0 -4 11 -4 10 -4 11 -4 10 -4 10 -3 10 -3 10 -3 10 -3 10 -3 10 -3 10 -2 10 -2 10 -2 10 -1 9 -1 10 -1 9 -1 10 0 10 0 10 0 9 0 10 0 10 0 10 0 10 0 10 0 0 0 10 1 10 0 10 0 10 0 10 0 10 0 10 0 10 -1 10 -1 10 -1 9 -1 10 -1 9 -2 9 -2 9 -2 8 -2 8 -2 8 -2 7 -3 7 -3 7 -3 7 -3 7 -4 6 -4 6 -4 5 0 0 0 0 0 0 0 0 0 0 ]
CSI_DATA,AP,10:B4:1D:CC:60:E0,-25,11,1,7,1,1,1,1,0,0,1,-93,0,6,2,14545610,0,68,0,0,14.255,384,[0 0 0 0 0 0 0 0 0 0 0 0 -11 4 -10 5 -10 5 -10 4 -10 5 -10 5 -10 5 -9 5 -9 5 -9 5 -9 5 -9 5 -8 5 -8 6 -8 6 -8 6 -8 6 -8 6 -7 6 -7 7 -7 7 -7 7 -7 7 -7 7 -7 7 -7 7 0 0 -7 7 -7 7 -7 7 -7 7 -8 7 -8 7 -8 7 -8 7 -8 6 -8 6 -8 6 -8 5 -8 5 -8 5 -8 4 -8 4 -8 4 -8 4 -8 3 -8 3 -8 3 -7 2 -7 2 -7 2 -7 1 -7 1 0 0 0 0 0 0 0 0 0 0 ]
CSI_DATA,AP,10:B4:1D:CC:60:E0,-24,11,1,7,1,1,1,1,0,0,1,-93,0,6,2,14635437,0,68,0,0,14.3448,384,[0 0 0 0 0 0 0 0 0 0 0 0 -6 -10 -6 -10 -6 -10 -6 -10 -6 -10 -6 -10 -6 -10 -6 -9 -6 -9 -7 -9 -7 -8 -7 -8 -7 -8 -7 -8 -7 -8 -7 -8 -7 -7 -8 -7 -8 -7 -8 -7 -8 -7 -8 -7 -8 -7 -9 -7 -9 -7 -9 -7 0 0 -9 -7 -9 -7 -9 -7 -9 -7 -9 -7 -9 -7 -8 -8 -8 -8 -8 -8 -8 -8 -8 -7 -7 -8 -7 -8 -7 -8 -6 -8 -6 -8 -6 -8 -5 -7 -5 -8 -5 -7 -4 -7 -4 -8 -4 -7 -4 -7 -3 -7 -2 -7 0 0 0 0 0 0 0 0 0 0 ]
CSI_DATA,AP,10:B4:1D:CC:60:E0,-24,11,1,7,1,1,1,1,0,0,1,-93,0,6,2,14725892,0,68,0,0,14.4353,384,[0 0 0 0 0 0 0 0 0 0 0 0 -6 10 -6 9 -5 10 -5 9 -5 10 -5 9 -5 9 -4 9 -4 9 -4 9 -4 9 -3 9 -3 9 -3 9 -3 9 -3 9 -2 9 -2 9 -2 9 -2 9 -2 9 -2 9 -2 10 -1 10 -1 10 -1 10 0 0 -2 10 -2 10 -2 10 -2 10 -2 10 -2 10 -2 10 -2 10 -3 9 -3 10 -3 9 -3 9 -3 9 -3 8 -4 8 -4 8 -4 8 -4 7 -4 7 -4 7 -4 6 -5 6 -5 6 -5 5 -5 5 -5 4 0 0 0 0 0 0 0 0 0 0 ]
CSI_DATA,AP,10:B4:1D:CC:60:E0,-24,11,1,7,1,1,1,1,0,0,1,-93,0,6,2,14815528,0,68,0,0,14.5249,384,[0 0 0 0 0 0 0 0 0 0 0 0 -7 9 -7 9 -6 9 -6 9 -6 9 -6 9 -6 8 -6 9 -6 8 -5 8 -5 9 -5 8 -4 9 -4 9 -4 9 -4 9 -4 9 -3 9 -3 9 -3 9 -3 9 -3 9 -2 9 -2 10 -2 9 -2 9 0 0 -2 10 -2 9 -3 10 -3 9 -3 10 -3 10 -3 9 -3 9 -3 9 -3 9 -4 9 -4 9 -4 8 -4 8 -4 7 -4 7 -4 7 -4 7 -5 6 -5 6 -5 6 -5 6 -5 5 -5 5 -5 5 -5 4 0 0 0 0 0 0 0 0 0 0 ]
CSI_DATA,AP,10:B4:1D:CC:60:E0,-24,11,1,7,1,1,1,1,0,0,1,-93,0,6,2,14905633,0,68,0,0,14.615,384,[0 0 0 0 0 0 0 0 0 0 0 0 -12 1 -12 2 -12 2 -12 2 -11 2 -11 2 -11 2 -11 2 -11 2 -10 3 -10 3 -10 3 -10 3 -10 3 -10 4 -10 4 -10 4 -9 4 -9 4 -9 4 -9 5 -9 5 -9 5 -9 5 -9 5 -9 5 0 0 -9 5 -9 5 -9 5 -9 5 -9 5 -10 5 -10 5 -10 4 -10 4 -10 4 -9 4 -9 4 -9 3 -9 3 -9 3 -9 2 -9 2 -9 2 -8 2 -8 1 -8 1 -8 1 -8 0 -8 0 -8 0 -7 -1 0 0 0 0 0 0 0 0 0 0 ]
CSI_DATA,AP,10:B4:1D:CC:60:E0,-24,11,1,7,1,1,1,1,0,0,1,-93,0,6,2,14995701,0,68,0,0,14.7051,384,[0 0 0 0 0 0 0 0 0 0 0 0 4 -11 4 -11 4 -11 3 -11 3 -11 3 -10 3 -10 3 -10 3 -10 2 -10 2 -10 2 -10 2 -10 1 -10 1 -10 1 -10 1 -10 1 -10 0 -10 0 -10 0 -10 0 -10 0 -10 0 -11 0 -11 0 -11 0 0 0 -11 0 -11 0 -11 0 -11 0 -11 0 -11 0 -11 1 -11 1 -11 1 -10 1 -10 1 -10 1 -10 2 -9 2 -9 2 -9 2 -9 2 -8 2 -8 2 -8 3 -7 3 -7 3 -7 3 -7 3 -6 4 -6 0 0 0 0 0 0 0 0 0 0 ]
CSI_DATA,AP,10:B4:1D:CC:60:E0,-24,11,1,7,1,1,1,1,0,0,1,-93,0,6,2,15085740,0,68,0,0,14.7951,384,[0 0 0 0 0 0 0 0 0 0 0 0 -5 10 -5 10 -4 10 -4 10 -4 10 -4 10 -4 10 -4 10 -3 10 -3 10 -3 10 -3 9 -2 9 -2 9 -2 9 -2 9 -2 9 -1 9 -1 10 -1 10 -1 9 -1 10 -1 10 0 10 0 10 0 10 0 0 -1 10 0 10 0 10 0 10 -1 10 -1 10 -1 10 -1 10 -2 10 -2 9 -2 9 -2 9 -2 9 -2 9 -3 8 -3 8 -3 8 -3 8 -3 7 -3 7 -4 7 -4 6 -4 6 -4 6 -4 5 -5 5 0 0 0 0 0 0 0 0 0 0 ]
CSI_DATA,AP,10:B4:1D:CC:60:E0,-24,11,1,7,1,1,1,1,0,0,1,-93,0,6,2,15175568,0,68,0,0,14.885,384,[0 0 0 0 0 0 0 0 0 0 0 0 -5 -11 -5 -10 -6 -10 -6 -10 -6 -10 -6 -10 -6 -10 -6 -9 -6 -9 -6 -9 -6 -9 -6 -9 -6 -8 -7 -8 -7 -8 -7 -8 -7 -7 -7 -8 -8 -7 -8 -7 -8 -7 -8 -7 -8 -7 -8 -7 -8 -7 -8 -7 0 0 -8 -7 -9 -7 -8 -7 -8 -7 -8 -7 -8 -8 -8 -7 -8 -8 -7 -7 -7 -8 -7 -8 -7 -8 -6 -8 -6 -8 -6 -7 -6 -7 -5 -7 -5 -7 -5 -7 -4 -7 -4 -7 -4 -7 -4 -7 -3 -7 -3 -7 -2 -7 0 0 0 0 0 0 0 0 0 0 ]
CSI_DATA,AP,10:B4:1D:CC:60:E0,-25,11,1,7,1,1,1,1,0,0,1,-93,0,6,2,15265654,0,68,0,0,14.975,384,[0 0 0 0 0 0 0 0 0 0 0 0 10 4 10 3 10 4 10 3 10 3 10 3 10 3 10 3 10 2 10 2 9 2 9 2 9 2 9 1 9 1 9 1 9 0 9 0 9 0 10 0 10 0 9 0 10 -1 10 -1 10 -1 10 -1 0 0 10 -1 10 -1 10 -1 10 -1 10 0 10 0 10 0 10 0 10 0 10 0 9 0 9 1 9 1 8 1 9 1 8 1 8 2 8 2 7 2 7 2 7 2 6 2 6 3 6 3 6 3 5 3 0 0 0 0 0 0 0 0 0 0 ]
CSI_DATA,AP,10:B4:1D:CC:60:E0,-25,11,1,7,1,1,1,1,0,0,1,-93,0,6,2,15355657,0,68,0,0,15.065,384,[0 0 0 0 0 0 0 0 0 0 0 0 7 -9 7 -9 7 -9 6 -9 6 -9 6 -9 6 -9 6 -9 6 -9 5 -9 5 -9 5 -9 5 -9 4 -9 4 -9 4 -9 4 -9 4 -9 3 -10 3 -10 3 -10 3 -10 3 -10 3 -10 3 -10 3 -10 0 0 3 -10 3 -10 3 -10 3 -10 3 -10 3 -10 3 -10 3 -10 4 -9 4 -9 4 -9 4 -9 4 -9 4 -8 4 -8 4 -8 4 -8 4 -7 4 -7 4 -6 5 -6 5 -6 5 -6 5 -5 5 -5 5 -4 0 0 0 0 0 0 0 0 0 0 ]
CSI_DATA,AP,10:B4:1D:CC:60:E0,-25,11,1,7,1,1,1,1,0,0,1,-93,0,6,2,15445517,0,68,0,0,15.1549,384,[0 0 0 0 0 0 0 0 0 0 0 0 -2 11 -2 11 -2 11 -2 11 -1 11 -1 10 -1 10 -1 10 -1 10 -1 10 -1 10 0 10 0 10 1 9 1 9 1 10 1 9 1 9 2 9 2 9 2 9 2 9 2 9 3 9 3 9 2 9 0 0 2 9 3 10 3 9 2 10 3 10 2 10 2 10 2 10 2 9 1 10 1 9 1 9 1 9 1 9 0 9 0 8 0 8 0 8 0 8 -1 7 -1 7 -1 7 -1 7 -2 7 -2 6 -2 6 0 0 0 0 0 0 0 0 0 0 ]
CSI_DATA,AP,10:B4:1D:CC:60:E0,-25,11,1,7,1,1,1,1,0,0,1,-93,0,6,2,15535535,0,68,0,0,15.2449,384,[0 0 0 0 0 0 0 0 0 0 0 0 5 -11 6 -11 5 -11 5 -11 5 -10 5 -10 4 -10 4 -10 4 -10 4 -10 4 -10 3 -10 3 -10 3 -10 3 -10 2 -10 2 -10 2 -10 2 -10 1 -11 1 -11 1 -11 1 -11 1 -11 1 -11 1 -11 0 0 1 -11 1 -11 1 -11 1 -11 1 -11 1 -11 1 -11 2 -11 2 -11 2 -10 2 -10 2 -10 2 -10 3 -10 3 -9 3 -9 3 -9 3 -8 3 -8 3 -8 4 -7 4 -7 4 -7 4 -6 4 -6 4 -5 0 0 0 0 0 0 0 0 0 0 ]
CSI_DATA,AP,10:B4:1D:CC:60:E0,-25,11,1,7,1,1,1,1,0,0,1,-93,0,6,2,15625681,0,68,0,0,15.3351,384,[0 0 0 0 0 0 0 0 0 0 0 0 3 -12 3 -12 2 -12 2 -11 2 -11 2 -11 2 -11 2 -11 1 -11 1 -11 1 -11 1 -11 0 -11 0 -11 0 -11 0 -11 0 -10 -1 -10 -1 -11 -1 -11 -1 -10 -1 -11 -1 -11 -2 -11 -2 -11 -2 -11 0 0 -2 -11 -2 -11 -2 -11 -2 -11 -1 -11 -1 -11 -1 -11 -1 -11 -1 -11 0 -11 0 -10 0 -10 0 -10 0 -10 1 -10 1 -9 1 -9 1 -9 1 -8 1 -8 2 -8 2 -8 2 -8 2 -7 3 -7 3 -6 0 0 0 0 0 0 0 0 0 0 ]
CSI_DATA,AP,10:B4:1D:CC:60:E0,-24,11,1,7,1,1,1,1,0,0,1,-93,0,6,2,15715502,0,68,0,0,15.4249,384,[0 0 0 0 0 0 0 0 0 0 0 0 -4 11 -4 11 -4 11 -4 11 -4 10 -4 11 -4 10 -3 10 -3 10 -2 10 -2 10 -2 10 -2 10 -1 10 -1 10 -1 10 -1 10 0 10 0 10 0 10 0 10 0 10 0 10 1 10 1 10 1 10 0 0 0 11 1 10 0 11 0 10 0 11 0 11 0 11 0 10 -1 10 -1 10 -1 10 -1 10 -1 10 -1 10 -2 9 -2 9 -2 9 -2 8 -2 8 -3 7 -3 7 -3 7 -3 7 -3 7 -3 6 -4 6 0 0 0 0 0 0 0 0 0 0 ]
CSI_DATA,AP,10:B4:1D:CC:60:E0,-26,11,1,7,1,1,1,1,0,0,1,-93,0,6,2,15805589,0,68,0,0,15.515,384,[0 0 0 0 0 0 0 0 0 0 0 0 11 -2 10 -2 11 -2 10 -2 10 -2 10 -2 10 -2 10 -2 10 -3 10 -3 9 -3 9 -3 9 -3 9 -4 9 -4 9 -4 8 -5 8 -5 8 -5 8 -5 8 -5 8 -6 9 -6 9 -6 8 -6 8 -6 0 0 9 -6 9 -6 8 -6 9 -6 9 -6 9 -6 9 -6 9 -5 9 -5 9 -5 9 -5 9 -4 9 -4 8 -4 8 -4 8 -3 8 -3 8 -3 8 -2 8 -2 8 -2 7 -2 8 -1 7 -1 7 0 7 0 0 0 0 0 0 0 0 0 0 0 ]
CSI_DATA,AP,10:B4:1D:CC:60:E0,-25,11,1,7,1,1,1,1,0,0,1,-93,0,6,2,15895554,0,68,0,0,15.6049,384,[0 0 0 0 0 0 0 0 0 0 0 0 -5 10 -4 10 -4 10 -5 10 -4 10 -4 10 -4 10 -4 10 -3 9 -3 10 -3 9 -3 9 -2 9 -2 9 -2 9 -2 9 -2 9 -1 9 -1 10 -1 9 -1 10 -1 10 0 10 0 10 0 10 0 10 0 0 0 10 0 10 0 10 0 10 -1 10 -1 10 -1 10 -1 10 -2 10 -2 10 -2 10 -2 10 -2 9 -2 9 -3 9 -3 8 -3 8 -3 8 -3 7 -4 7 -4 7 -4 7 -4 7 -4 6 -4 6 -4 5 0 0 0 0 0 0 0 0 0 0 ]
CSI_DATA,AP,10:B4:1D:CC:60:E0,-26,11,1,7,1,1,1,1,0,0,1,-93,0,6,2,15985559,0,68,0,0,15.6949,384,[0 0 0 0 0 0 0 0 0 0 0 0 -7 -10 -8 -9 -7 -9 -7 -9 -7 -9 -8 -9 -7 -9 -7 -8 -8 -8 -8 -8 -8 -8 -8 -7 -8 -7 -8 -7 -9 -7 -9 -6 -8 -6 -9 -6 -9 -6 -9 -6 -9 -6 -9 -6 -9 -5 -10 -5 -10 -5 -10 -5 0 0 -10 -5 -10 -5 -10 -5 -10 -5 -10 -6 -10 -6 -10 -6 -10 -6 -9 -6 -9 -6 -9 -6 -9 -6 -8 -6 -8 -7 -8 -6 -8 -6 -7 -7 -7 -6 -7 -6 -6 -6 -6 -6 -6 -7 -5 -7 -5 -7 -5 -7 -4 -7 0 0 0 0 0 0 0 0 0 0 ]
CSI_DATA,AP,10:B4:1D:CC:60:E0,-25,11,1,7,1,1,1,1,0,0,1,-93,0,6,2,16076287,0,68,0,0,15.7857,384,[0 0 0 0 0 0 0 0 0 0 0 0 8 7 8 7 8 7 8 7 8 7 8 7 8 6 8 6 8 6 8 6 8 5 8 5 8 5 8 5 8 5 8 4 9 4 9 3 9 4 9 4 9 3 9 3 9 3 10 3 9 3 9 3 0 0 10 3 9 3 10 3 9 3 10 4 10 4 9 4 9 4 9 4 9 4 9 4 8 5 8 5 8 5 7 5 7 5 7 5 6 5 6 5 6 5 5 5 5 5 5 5 4 5 4 5 4 5 0 0 0 0 0 0 0 0 0 0 ]
CSI_DATA,AP,10:B4:1D:CC:60:E0,-25,11,1,7,1,1,1,1,0,0,1,-93,0,6,2,16165629,0,68,0,0,15.875,384,[0 0 0 0 0 0 0 0 0 0 0 0 -11 5 -11 5 -10 5 -10 5 -10 5 -10 5 -10 5 -10 5 -9 5 -9 5 -9 5 -9 5 -9 5 -9 6 -8 6 -8 6 -8 6 -8 6 -8 6 -7 7 -7 7 -7 7 -7 7 -7 7 -7 7 -8 7 0 0 -8 7 -7 7 -8 7 -8 7 -8 7 -8 7 -8 7 -8 7 -8 6 -8 6 -8 6 -8 5 -8 5 -8 5 -8 5 -8 4 -8 4 -8 4 -8 3 -8 3 -8 3 -8 2 -7 2 -7 1 -7 1 -7 1 0 0 0 0 0 0 0 0 0 0 ]
CSI_DATA,AP,10:B4:1D:CC:60:E0,-25,11,1,7,1,1,1,1,0,0,1,-93,0,6,2,16255662,0,68,0,0,15.9651,384,[0 0 0 0 0 0 0 0 0 0 0 0 11 -4 11 -4 11 -4 10 -4 10 -4 10 -4 10 -4 10 -4 10 -5 9 -5 9 -5 9 -5 9 -5 9 -5 9 -6 8 -6 8 -6 8 -6 8 -7 8 -7 8 -7 8 -7 8 -7 8 -7 8 -7 8 -7 0 0 8 -7 8 -7 8 -7 8 -7 8 -7 8 -7 8 -7 8 -7 8 -6 9 -6 8 -6 8 -6 8 -5 8 -5 8 -5 8 -4 8 -4 7 -4 8 -3 7 -3 8 -3 7 -2 7 -2 7 -2 7 -1 6 -1 0 0 0 0 0 0 0 0 0 0 ]
CSI_DATA,AP,10:B4:1D:CC:60:E0,-28,11,1,7,1,1,1,1,0,0,1,-93,0,6,2,16345555,0,68,0,0,16.0549,384,[0 0 0 0 0 0 0 0 0 0 0 0 4 10 4 10 4 10 4 10 4 10 4 9 4 9 4 9 5 9 5 9 5 9 5 8 5 9 5 8 5 8 6 8 6 7 6 7 6 7 6 7 6 7 7 7 7 7 7 7 7 7 7 7 0 0 7 8 7 8 7 8 7 8 7 8 6 8 6 8 6 8 6 8 6 8 5 8 5 8 5 8 4 8 4 8 4 8 3 8 3 7 3 7 3 7 2 8 2 7 1 8 1 7 1 7 0 7 0 0 0 0 0 0 0 0 0 0 ]
CSI_DATA,AP,10:B4:1D:CC:60:E0,-31,11,1,7,1,1,1,1,0,0,1,-93,0,6,2,16435473,0,68,0,0,16.1449,384,[0 0 0 0 0 0 0 0 0 0 0 0 -11 5 -10 5 -10 5 -10 5 -10 5 -10 5 -10 5 -10 5 -9 5 -9 5 -9 5 -9 6 -8 6 -8 6 -8 6 -8 6 -8 6 -7 7 -7 7 -7 7 -7 7 -7 7 -7 7 -7 8 -7 8 -7 8 0 0 -7 8 -7 8 -7 8 -7 8 -7 7 -8 7 -8 7 -8 7 -8 7 -8 7 -7 6 -8 6 -8 6 -8 5 -8 5 -7 5 -8 4 -7 4 -7 4 -7 4 -7 3 -7 3 -7 3 -7 2 -7 2 -7 2 0 0 0 0 0 0 0 0 0 0 ]
CSI_DATA,AP,10:B4:1D:CC:60:E0,-30,11,1,7,1,1,1,1,0,0,1,-93,0,6,2,16525538,0,68,0,0,16.2349,384,[0 0 0 0 0 0 0 0 0 0 0 0 7 8 7 8 7 8 7 7 7 7 7 7 7 7 7 7 7 6 7 6 7 6 7 6 7 6 8 5 8 5 8 5 7 5 8 5 8 4 8 4 8 4 8 4 8 4 8 4 8 4 8 4 0 0 8 4 9 4 9 4 8 4 8 4 8 5 8 5 8 5 8 5 7 5 7 5 7 5 7 5 6 5 6 5 6 5 5 5 5 5 5 5 4 5 4 5 4 5 3 5 3 5 3 5 2 5 0 0 0 0 0 0 0 0 0 0 ]
CSI_DATA,AP,10:B4:1D:CC:60:E0,-30,11,1,7,1,1,1,1,0,0,1,-93,0,6,2,16615544,0,68,0,0,16.3249,384,[0 0 0 0 0 0 0 0 0 0 0 0 4 10 4 10 5 10 4 9 4 9 4 9 5 9 5 9 5 8 5 8 5 8 5 8 5 8 6 8 6 8 6 7 6 7 6 7 6 7 7 7 7 7 7 7 7 7 7 7 7 7 7 7 0 0 7 7 7 7 7 7 7 7 7 7 7 7 7 7 6 7 6 7 6 7 5 7 5 7 5 7 5 7 4 7 4 7 4 7 4 7 3 7 3 6 3 6 2 6 2 6 2 6 1 6 1 6 0 0 0 0 0 0 0 0 0 0 ]
CSI_DATA,AP,10:B4:1D:CC:60:E0,-30,11,1,7,1,1,1,1,0,0,1,-93,0,6,2,16705804,0,68,0,0,16.4152,384,[0 0 0 0 0 0 0 0 0 0 0 0 7 8 7 8 7 8 7 7 7 7 7 7 7 7 7 7 7 7 7 6 7 6 7 6 7 6 7 6 7 5 7 5 7 5 8 5 8 5 8 5 8 5 8 5 8 4 8 4 8 4 8 4 0 0 9 4 9 4 9 5 9 5 8 5 8 5 8 5 8 5 7 5 7 6 7 5 7 6 6 6 6 6 6 6 6 5 5 6 5 5 4 5 4 5 4 6 3 6 3 6 3 5 3 5 2 5 0 0 0 0 0 0 0 0 0 0 ]
CSI_DATA,AP,10:B4:1D:CC:60:E0,-29,11,1,7,1,1,1,1,0,0,1,-93,0,6,2,16795698,0,68,0,0,16.5051,384,[0 0 0 0 0 0 0 0 0 0 0 0 -5 -11 -5 -10 -5 -10 -5 -10 -6 -10 -5 -10 -5 -10 -5 -9 -6 -9 -6 -9 -6 -9 -6 -9 -6 -9 -6 -8 -7 -8 -7 -8 -6 -8 -7 -8 -7 -7 -7 -7 -7 -8 -8 -8 -8 -7 -8 -7 -8 -7 -8 -7 0 0 -8 -7 -8 -8 -8 -8 -8 -8 -8 -8 -8 -8 -7 -8 -7 -8 -7 -8 -7 -8 -7 -8 -6 -8 -6 -8 -6 -8 -5 -8 -5 -8 -5 -8 -4 -8 -4 -8 -4 -8 -3 -8 -3 -8 -3 -8 -2 -7 -2 -8 -1 -7 0 0 0 0 0 0 0 0 0 0 ]
