CSI_DATA,AP,10:B4:1D:CC:60:E0,-16,11,0,0,0,0,0,0,0,0,0,-94,0,6,2,3126901,0,374,0,0,2.85053,128,[0 0 0 0 0 0 0 0 0 0 0 0 -1 15 -1 15 -1 15 0 15 0 15 0 14 0 14 1 14 0 14 1 13 1 13 2 13 2 13 2 13 2 13 2 12 2 12 3 12 3 12 3 12 3 12 3 12 4 12 4 12 4 12 4 12 0 0 4 13 4 13 4 13 3 13 3 13 3 13 3 13 2 13 2 13 2 12 1 12 1 12 1 12 0 12 0 11 -1 11 -1 10 -1 10 -1 10 -2 10 -2 9 -3 9 -2 9 -3 8 -3 8 -4 8 0 0 0 0 0 0 0 0 0 0 ]
CSI_DATA,AP,10:B4:1D:CC:60:E0,-16,11,0,0,0,0,0,0,0,0,0,-94,0,6,2,3185470,0,374,0,0,2.92598,128,[0 0 0 0 0 0 0 0 0 0 0 0 1 -16 1 -16 1 -16 1 -15 0 -15 0 -15 0 -15 0 -15 0 -15 0 -14 -1 -14 -1 -14 -1 -14 -2 -14 -2 -14 -2 -13 -2 -13 -3 -14 -3 -13 -3 -13 -3 -13 -4 -13 -4 -13 -4 -13 -4 -14 -4 -14 0 0 -4 -14 -4 -14 -4 -14 -4 -14 -3 -14 -3 -14 -3 -14 -2 -14 -2 -14 -2 -14 -1 -13 -1 -13 -1 -13 -1 -12 0 -12 0 -12 0 -11 0 -11 1 -11 1 -11 1 -10 2 -10 2 -9 2 -9 3 -9 3 -8 0 0 0 0 0 0 0 0 0 0 ]
CSI_DATA,AP,10:B4:1D:CC:60:E0,-16,11,0,0,0,0,0,0,0,0,0,-94,0,6,2,3264667,0,66,0,0,3.01918,128,[0 0 0 0 0 0 0 0 0 0 0 0 11 10 11 10 11 10 11 9 11 9 11 9 10 9 10 8 10 8 10 8 11 7 11 7 11 7 11 7 11 7 11 6 11 6 11 6 11 6 11 5 11 6 11 5 11 5 12 5 12 5 12 5 0 0 12 6 12 5 12 6 12 6 12 6 11 7 11 7 11 7 10 7 10 7 10 7 9 7 9 7 9 7 8 7 8 7 7 7 7 7 6 8 6 7 5 7 4 7 4 7 4 7 4 7 3 7 0 0 0 0 0 0 0 0 0 0 ]
CSI_DATA,AP,10:B4:1D:CC:60:E0,-16,11,0,0,0,0,0,0,0,0,0,-94,0,6,2,3445074,0,66,0,0,3.15458,128,[0 0 0 0 0 0 0 0 0 0 0 0 -1 -16 -2 -16 -1 -16 -2 -15 -2 -15 -2 -15 -2 -15 -2 -15 -2 -14 -3 -14 -3 -14 -3 -14 -4 -13 -4 -13 -4 -13 -4 -13 -5 -13 -5 -13 -5 -12 -5 -13 -5 -13 -6 -12 -6 -12 -7 -13 -6 -13 -7 -13 0 0 -6 -13 -7 -13 -6 -13 -6 -13 -6 -13 -5 -13 -5 -13 -5 -13 -4 -13 -5 -13 -4 -13 -4 -13 -3 -12 -3 -12 -3 -12 -2 -12 -2 -11 -2 -11 -1 -11 -1 -11 -1 -10 0 -10 0 -10 0 -9 1 -9 1 -9 0 0 0 0 0 0 0 0 0 0 ]
CSI_DATA,AP,10:B4:1D:CC:60:E0,-16,11,0,0,0,0,0,0,0,0,0,-94,0,6,2,3755145,0,66,0,0,3.46465,128,[0 0 0 0 0 0 0 0 0 0 0 0 -16 -4 -16 -3 -15 -3 -15 -3 -15 -3 -15 -2 -14 -2 -15 -2 -14 -2 -14 -1 -14 -1 -14 -1 -14 -1 -14 0 -14 0 -14 0 -13 0 -14 1 -13 1 -14 1 -14 1 -13 1 -14 2 -14 2 -14 2 -14 2 0 0 -14 1 -14 2 -14 1 -14 1 -14 1 -14 1 -14 0 -14 0 -14 0 -14 0 -14 -1 -13 -1 -13 -1 -12 -1 -12 -2 -12 -2 -11 -2 -11 -3 -10 -3 -10 -3 -10 -3 -9 -4 -9 -4 -9 -4 -8 -4 -8 -5 0 0 0 0 0 0 0 0 0 0 ]
CSI_DATA,AP,10:B4:1D:CC:60:E0,-16,11,0,0,0,0,0,0,0,0,0,-94,0,6,2,4445354,0,66,0,0,4.15484,128,[0 0 0 0 0 0 0 0 0 0 0 0 0 -16 0 -15 0 -15 0 -15 -1 -15 -1 -15 -1 -14 -1 -14 -2 -14 -2 -14 -2 -14 -2 -14 -2 -14 -3 -14 -3 -13 -3 -13 -3 -13 -3 -13 -4 -13 -4 -13 -4 -13 -5 -13 -5 -13 -5 -13 -5 -13 -5 -13 0 0 -5 -13 -5 -13 -5 -13 -5 -14 -4 -13 -4 -13 -4 -14 -3 -13 -3 -13 -3 -13 -3 -13 -2 -13 -1 -13 -1 -12 -1 -12 -1 -11 -1 -11 -1 -11 0 -11 0 -11 1 -10 1 -10 1 -10 2 -9 2 -9 2 -8 0 0 0 0 0 0 0 0 0 0 ]
CSI_DATA,AP,10:B4:1D:CC:60:E0,-16,11,0,0,0,0,0,0,0,0,0,-94,0,6,2,4661314,0,66,0,0,4.37081,128,[0 0 0 0 0 0 0 0 0 0 0 0 -16 -3 -16 -3 -16 -2 -15 -3 -15 -2 -15 -2 -15 -1 -15 -1 -15 -1 -14 -1 -14 -1 -14 0 -14 0 -14 0 -14 0 -14 1 -14 1 -14 1 -13 2 -13 2 -13 2 -13 3 -14 3 -14 2 -14 3 -14 3 0 0 -14 3 -14 3 -14 3 -14 2 -14 2 -14 2 -14 2 -14 1 -14 1 -14 1 -13 0 -13 0 -13 -1 -13 0 -12 -1 -12 -1 -11 -1 -11 -2 -11 -2 -11 -2 -10 -2 -10 -2 -10 -3 -9 -3 -9 -4 -8 -4 0 0 0 0 0 0 0 0 0 0 ]
CSI_DATA,AP,10:B4:1D:CC:60:E0,-16,11,0,0,0,0,0,0,0,0,0,-94,0,6,2,4696195,0,37,0,0,4.47946,128,[0 0 0 0 0 0 0 0 0 0 0 0 -5 14 -5 14 -5 14 -4 14 -4 14 -4 13 -3 13 -3 13 -3 13 -3 13 -2 13 -2 13 -2 13 -2 13 -1 12 -1 12 0 12 0 13 0 12 1 12 0 13 1 13 1 13 1 12 1 13 1 13 0 0 1 13 1 13 1 13 1 13 1 13 0 13 0 13 0 13 -1 13 -1 13 -1 12 -2 12 -2 12 -2 11 -2 11 -2 11 -3 10 -3 10 -3 10 -3 9 -3 9 -4 8 -4 8 -4 8 -5 7 -5 7 0 0 0 0 0 0 0 0 0 0 ]
CSI_DATA,AP,10:B4:1D:CC:60:E0,-16,11,0,0,0,0,0,0,0,0,0,-94,0,6,2,4697672,0,37,0,0,4.51704,128,[0 0 0 0 0 0 0 0 0 0 0 0 -4 -16 -4 -16 -4 -15 -4 -15 -5 -14 -5 -14 -5 -14 -5 -14 -5 -13 -5 -13 -6 -13 -6 -13 -6 -13 -6 -13 -6 -13 -7 -12 -7 -12 -7 -12 -7 -12 -7 -12 -7 -11 -8 -11 -8 -11 -8 -12 -8 -12 -8 -12 0 0 -8 -12 -8 -12 -8 -12 -8 -12 -8 -12 -7 -12 -7 -13 -7 -12 -6 -12 -6 -12 -6 -13 -5 -12 -5 -12 -4 -12 -4 -11 -4 -11 -3 -11 -3 -11 -3 -11 -2 -11 -2 -10 -1 -10 -1 -10 -1 -10 0 -9 0 -9 0 0 0 0 0 0 0 0 0 0 ]
CSI_DATA,AP,10:B4:1D:CC:60:E0,-22,11,1,7,1,1,1,0,0,0,1,-94,0,6,2,4697979,0,68,0,0,4.561,384,[0 0 0 0 0 0 0 0 0 0 0 0 -5 -11 -5 -11 -5 -11 -5 -11 -5 -10 -5 -10 -5 -10 -5 -10 -5 -10 -5 -9 -5 -9 -5 -9 -6 -9 -6 -9 -6 -8 -6 -8 -6 -8 -6 -8 -7 -8 -7 -8 -7 -8 -7 -8 -7 -7 -7 -8 -7 -8 -7 -8 0 0 -7 -8 -7 -8 -7 -8 -7 -8 -7 -8 -7 -8 -7 -8 -6 -8 -6 -8 -6 -8 -6 -8 -5 -8 -5 -8 -5 -8 -4 -8 -4 -8 -4 -8 -3 -8 -3 -8 -3 -7 -3 -7 -2 -7 -2 -7 -2 -7 -1 -7 -1 -7 0 0 0 0 0 0 0 0 0 0 ]
CSI_DATA,AP,10:B4:1D:CC:60:E0,-22,11,1,7,1,1,1,0,0,0,1,-94,0,6,2,4760736,0,68,0,0,4.60136,384,[0 0 0 0 0 0 0 0 0 0 0 0 1 -12 1 -12 1 -12 1 -11 1 -11 0 -11 0 -11 0 -11 0 -11 0 -11 -1 -11 -1 -10 -1 -10 -1 -10 -1 -10 -2 -10 -2 -10 -2 -10 -2 -10 -2 -10 -2 -10 -2 -10 -3 -10 -3 -10 -3 -10 -3 -10 0 0 -3 -11 -3 -11 -3 -10 -3 -10 -2 -10 -2 -10 -2 -11 -2 -11 -2 -10 -1 -10 -1 -10 -1 -10 -1 -10 0 -9 0 -9 0 -9 0 -9 0 -8 0 -8 1 -8 1 -8 1 -7 2 -7 2 -7 2 -7 2 -6 0 0 0 0 0 0 0 0 0 0 ]
CSI_DATA,AP,10:B4:1D:CC:60:E0,-22,11,1,7,1,1,1,0,0,0,1,-94,0,6,2,4852561,0,68,0,0,4.6425,384,[0 0 0 0 0 0 0 0 0 0 0 0 -7 9 -7 8 -7 9 -7 8 -7 8 -6 8 -6 8 -6 8 -5 8 -5 8 -5 8 -5 8 -5 8 -4 8 -4 8 -4 8 -4 8 -3 8 -3 8 -3 9 -3 8 -3 9 -3 9 -3 9 -2 9 -2 9 0 0 -3 9 -3 9 -3 9 -3 9 -3 9 -3 9 -3 9 -4 9 -4 8 -4 8 -4 8 -4 8 -4 8 -4 7 -4 7 -4 6 -5 6 -4 6 -4 6 -5 5 -5 5 -5 5 -5 5 -5 4 -5 4 -5 3 0 0 0 0 0 0 0 0 0 0 ]
CSI_DATA,AP,10:B4:1D:CC:60:E0,-22,11,1,7,1,1,1,0,0,0,1,-94,0,6,2,4940553,0,68,0,0,4.67932,384,[0 0 0 0 0 0 0 0 0 0 0 0 8 7 8 7 8 7 8 6 8 6 8 6 8 6 8 6 8 6 8 5 8 5 8 5 8 4 8 4 8 4 8 4 8 4 8 3 8 3 8 3 8 3 9 3 9 3 9 3 9 3 9 3 0 0 9 3 9 3 9 3 9 3 9 3 9 4 9 4 8 4 8 4 8 4 8 4 7 4 7 4 7 4 7 4 6 5 6 5 5 5 5 4 5 5 4 5 4 5 4 5 3 5 3 5 3 5 0 0 0 0 0 0 0 0 0 0 ]
CSI_DATA,AP,10:B4:1D:CC:60:E0,-22,11,1,7,1,1,1,1,0,0,1,-94,0,6,2,5030634,0,68,0,0,4.76079,384,[0 0 0 0 0 0 0 0 0 0 0 0 -1 -12 -1 -12 -1 -12 -1 -12 -1 -11 -2 -11 -2 -11 -2 -11 -2 -11 -2 -10 -2 -10 -3 -10 -2 -10 -3 -10 -3 -10 -3 -10 -3 -10 -4 -9 -4 -10 -4 -10 -4 -10 -4 -10 -4 -9 -4 -10 -5 -10 -4 -10 0 0 -5 -10 -4 -10 -4 -10 -4 -10 -4 -10 -4 -10 -3 -10 -3 -10 -3 -10 -3 -10 -3 -10 -2 -10 -2 -10 -2 -9 -1 -9 -1 -9 -1 -9 -1 -8 -1 -8 0 -8 0 -8 0 -7 1 -7 1 -7 1 -7 1 -6 0 0 0 0 0 0 0 0 0 0 ]
CSI_DATA,AP,10:B4:1D:CC:60:E0,-22,11,1,6,1,1,1,1,0,0,0,-94,0,6,2,5095322,0,68,0,0,4.80476,384,[0 0 0 0 0 0 0 0 0 0 0 0 1 11 1 11 1 11 1 10 1 10 1 10 1 10 2 10 1 10 2 9 2 9 2 9 2 9 3 9 3 9 3 9 3 8 3 8 4 8 4 8 4 8 4 8 4 8 4 8 4 8 5 8 0 0 5 9 4 8 4 9 4 8 4 9 4 9 3 9 3 9 3 9 3 9 3 8 2 8 2 8 2 8 2 8 1 8 1 7 1 7 1 7 0 7 0 7 -1 7 -1 6 -1 6 -1 6 -2 6 0 0 0 0 0 0 0 0 0 0 ]
CSI_DATA,AP,10:B4:1D:CC:60:E0,-22,11,1,7,1,1,1,1,0,0,1,-94,0,6,2,5120699,0,68,0,0,4.83483,384,[0 0 0 0 0 0 0 0 0 0 0 0 0 -12 -1 -12 -1 -12 -1 -11 -1 -11 -1 -11 -1 -11 -1 -11 -2 -11 -2 -10 -2 -10 -2 -10 -2 -10 -3 -10 -3 -10 -3 -10 -3 -10 -3 -10 -4 -10 -4 -10 -4 -9 -4 -10 -4 -9 -4 -10 -4 -10 -4 -10 0 0 -4 -10 -4 -10 -4 -10 -4 -10 -4 -10 -4 -10 -3 -10 -3 -10 -3 -10 -3 -10 -3 -10 -2 -10 -2 -9 -2 -9 -1 -9 -1 -9 -1 -9 -1 -8 0 -8 0 -8 0 -8 0 -7 0 -7 1 -7 1 -7 1 -6 0 0 0 0 0 0 0 0 0 0 ]
CSI_DATA,AP,10:B4:1D:CC:60:E0,-22,11,1,7,1,1,1,1,0,0,1,-93,0,6,2,5210435,0,68,0,0,4.91986,384,[0 0 0 0 0 0 0 0 0 0 0 0 -1 -12 -1 -12 -1 -12 -1 -11 -2 -11 -2 -11 -2 -11 -2 -11 -2 -11 -2 -10 -2 -10 -3 -10 -3 -10 -3 -10 -3 -10 -3 -10 -4 -10 -4 -9 -4 -9 -4 -10 -4 -9 -4 -9 -4 -9 -5 -9 -5 -9 -5 -9 0 0 -5 -10 -4 -10 -5 -10 -5 -10 -4 -10 -4 -10 -4 -10 -4 -10 -3 -10 -3 -10 -3 -10 -2 -10 -2 -9 -2 -9 -2 -9 -2 -9 -1 -9 -1 -8 -1 -8 -1 -8 0 -8 0 -8 0 -7 1 -7 1 -7 1 -6 0 0 0 0 0 0 0 0 0 0 ]
CSI_DATA,AP,10:B4:1D:CC:60:E0,-22,11,1,7,1,1,1,1,0,0,1,-93,0,6,2,5300505,0,68,0,0,5.00992,384,[0 0 0 0 0 0 0 0 0 0 0 0 -12 -2 -12 -2 -11 -1 -12 -1 -11 -1 -11 -1 -11 -1 -11 -1 -11 -1 -10 0 -10 0 -10 0 -10 1 -10 1 -10 1 -10 1 -10 1 -10 2 -10 2 -10 2 -10 2 -10 2 -10 2 -10 3 -10 3 -10 3 0 0 -10 3 -10 3 -10 3 -10 2 -10 2 -10 2 -10 2 -10 2 -10 1 -10 1 -10 1 -10 1 -10 1 -9 1 -9 0 -9 0 -8 0 -8 -1 -8 -1 -8 -1 -8 -1 -7 -1 -7 -2 -7 -2 -7 -2 -6 -3 0 0 0 0 0 0 0 0 0 0 ]
CSI_DATA,AP,10:B4:1D:CC:60:E0,-22,11,1,7,1,1,1,1,0,0,1,-93,0,6,2,5390616,0,68,0,0,5.10004,384,[0 0 0 0 0 0 0 0 0 0 0 0 11 0 11 0 11 0 11 0 10 0 10 0 10 -1 10 -1 10 -1 10 -1 10 -1 9 -1 9 -2 9 -2 9 -2 9 -3 9 -3 9 -3 9 -3 9 -4 9 -3 9 -4 9 -4 9 -4 9 -4 9 -4 0 0 9 -4 9 -4 9 -4 9 -4 9 -4 9 -4 9 -4 9 -3 9 -3 9 -2 9 -2 9 -2 8 -2 8 -2 8 -1 8 -1 8 -1 7 -1 7 0 7 0 7 0 7 0 6 1 6 1 6 1 5 2 0 0 0 0 0 0 0 0 0 0 ]
CSI_DATA,AP,10:B4:1D:CC:60:E0,-16,11,0,0,0,0,0,0,0,0,0,-93,0,6,2,5445287,0,66,0,0,5.15477,128,[0 0 0 0 0 0 0 0 0 0 0 0 4 15 4 14 4 14 5 13 5 14 5 13 5 13 5 13 5 13 5 12 6 12 5 11 6 11 6 11 6 11 6 11 7 10 7 10 7 10 7 10 7 10 8 10 8 10 8 10 8 10 8 10 0 0 8 10 8 10 8 10 8 11 8 11 7 11 7 11 7 11 6 11 6 11 6 10 5 11 5 10 5 10 4 10 4 10 3 10 3 9 3 9 2 9 2 9 1 8 1 9 1 8 0 8 0 8 0 0 0 0 0 0 0 0 0 0 ]
CSI_DATA,AP,10:B4:1D:CC:60:E0,-22,11,1,7,1,1,1,1,0,0,1,-93,0,6,2,5480654,0,68,0,0,5.19006,384,[0 0 0 0 0 0 0 0 0 0 0 0 7 -10 6 -9 6 -9 6 -9 6 -9 6 -9 6 -9 5 -9 5 -9 5 -9 5 -9 4 -9 4 -9 4 -9 4 -9 3 -9 3 -9 3 -9 3 -10 3 -10 3 -10 3 -10 2 -10 2 -10 2 -10 2 -10 0 0 3 -10 3 -10 3 -10 3 -10 3 -10 3 -10 3 -10 3 -10 4 -9 4 -9 4 -9 4 -9 4 -8 4 -8 4 -8 4 -7 4 -7 4 -7 4 -6 4 -6 4 -6 5 -5 5 -5 5 -5 4 -4 4 -4 0 0 0 0 0 0 0 0 0 0 ]
CSI_DATA,AP,10:B4:1D:CC:60:E0,-22,11,1,7,1,1,1,1,0,0,1,-93,0,6,2,5570473,0,68,0,0,5.27989,384,[0 0 0 0 0 0 0 0 0 0 0 0 11 -3 11 -3 11 -3 10 -3 10 -3 10 -3 10 -3 9 -3 9 -3 9 -4 9 -4 9 -4 9 -4 8 -4 9 -5 8 -5 8 -5 8 -5 8 -5 8 -5 8 -5 8 -5 8 -5 8 -6 8 -6 8 -6 0 0 8 -6 8 -6 8 -6 8 -5 8 -6 9 -5 8 -5 8 -5 8 -4 8 -4 8 -4 8 -4 8 -3 8 -3 8 -2 8 -2 8 -2 7 -2 7 -1 7 -1 7 -1 7 -1 6 0 6 0 6 0 6 1 0 0 0 0 0 0 0 0 0 0 ]
CSI_DATA,AP,10:B4:1D:CC:60:E0,-22,11,1,7,1,1,1,1,0,0,1,-93,0,6,2,5661127,0,68,0,0,5.37055,384,[0 0 0 0 0 0 0 0 0 0 0 0 -8 8 -8 8 -8 8 -8 8 -8 8 -7 8 -7 8 -7 8 -7 7 -7 8 -6 8 -6 8 -6 8 -6 8 -6 8 -5 8 -5 8 -5 8 -5 8 -5 8 -4 8 -4 9 -4 8 -4 9 -4 9 -4 9 0 0 -4 9 -4 9 -4 9 -5 9 -5 9 -5 9 -5 9 -5 8 -5 8 -5 8 -5 7 -6 7 -6 7 -6 7 -6 6 -6 6 -6 6 -6 5 -6 5 -6 5 -6 4 -6 4 -6 4 -6 3 -6 3 -6 2 0 0 0 0 0 0 0 0 0 0 ]
CSI_DATA,AP,10:B4:1D:CC:60:E0,-22,11,1,7,1,1,1,1,0,0,1,-93,0,6,2,5750446,0,68,0,0,5.45986,384,[0 0 0 0 0 0 0 0 0 0 0 0 -11 -4 -12 -4 -11 -3 -11 -3 -11 -3 -11 -3 -11 -3 -11 -3 -10 -2 -10 -2 -10 -2 -10 -1 -10 -1 -10 -1 -10 -1 -10 0 -10 0 -10 0 -10 0 -10 0 -10 0 -10 1 -10 1 -10 1 -10 1 -10 1 0 0 -11 1 -10 1 -10 1 -10 1 -11 1 -11 0 -11 0 -10 0 -10 0 -10 -1 -10 0 -10 -1 -9 -1 -9 -1 -9 -1 -9 -2 -9 -2 -8 -2 -8 -2 -8 -2 -8 -3 -7 -3 -7 -3 -7 -3 -6 -3 -6 -4 0 0 0 0 0 0 0 0 0 0 ]
CSI_DATA,AP,10:B4:1D:CC:60:E0,-22,11,1,7,1,1,1,1,0,0,1,-93,0,6,2,5841649,0,68,0,0,5.55107,384,[0 0 0 0 0 0 0 0 0 0 0 0 0 -12 -1 -12 0 -12 -1 -11 -1 -11 -1 -11 -1 -11 -1 -11 -1 -11 -1 -10 -2 -10 -2 -10 -2 -10 -2 -10 -3 -10 -3 -10 -3 -10 -3 -10 -3 -10 -4 -10 -4 -10 -4 -10 -4 -9 -4 -10 -4 -10 -4 -10 0 0 -4 -10 -4 -10 -4 -10 -4 -10 -4 -10 -4 -10 -3 -10 -3 -10 -3 -10 -3 -10 -2 -10 -2 -10 -2 -9 -2 -9 -1 -9 -1 -9 -1 -8 -1 -8 0 -8 0 -8 0 -7 0 -7 0 -7 1 -7 1 -7 1 -6 0 0 0 0 0 0 0 0 0 0 ]
CSI_DATA,AP,10:B4:1D:CC:60:E0,-22,11,1,7,1,1,1,1,0,0,1,-93,0,6,2,5930501,0,68,0,0,5.63991,384,[0 0 0 0 0 0 0 0 0 0 0 0 -12 -1 -12 -1 -11 0 -11 0 -11 0 -11 0 -11 0 -11 0 -11 0 -10 0 -10 1 -10 1 -10 1 -10 1 -10 1 -10 1 -9 2 -9 2 -9 2 -10 2 -9 2 -10 3 -9 3 -10 3 -10 3 -10 3 0 0 -10 3 -10 3 -10 3 -10 2 -10 2 -10 2 -10 2 -10 2 -10 1 -10 1 -10 1 -9 1 -9 1 -9 0 -9 0 -9 0 -8 0 -8 -1 -8 -1 -8 -1 -8 -1 -7 -2 -7 -2 -7 -2 -7 -2 -6 -3 0 0 0 0 0 0 0 0 0 0 ]
CSI_DATA,AP,10:B4:1D:CC:60:E0,-22,11,1,7,1,1,1,1,0,0,1,-93,0,6,2,6020535,0,68,0,0,5.72995,384,[0 0 0 0 0 0 0 0 0 0 0 0 -11 4 -11 4 -11 4 -10 4 -11 4 -10 4 -10 4 -10 4 -10 4 -9 5 -9 5 -9 5 -9 5 -8 5 -8 5 -8 5 -8 5 -8 6 -8 6 -8 6 -7 6 -7 6 -7 7 -7 7 -7 7 -7 7 0 0 -7 7 -8 7 -7 7 -8 7 -8 7 -8 7 -8 6 -8 6 -8 6 -8 6 -8 5 -8 5 -8 5 -8 4 -8 4 -8 4 -8 4 -7 3 -7 3 -7 3 -7 2 -7 2 -7 2 -7 1 -7 1 -7 1 0 0 0 0 0 0 0 0 0 0 ]
CSI_DATA,AP,10:B4:1D:CC:60:E0,-22,11,1,7,1,1,1,1,0,0,1,-93,0,6,2,6110491,0,68,0,0,5.81991,384,[0 0 0 0 0 0 0 0 0 0 0 0 -12 -4 -11 -4 -11 -3 -11 -3 -11 -3 -11 -3 -11 -3 -11 -3 -11 -2 -11 -2 -10 -1 -10 -1 -10 -1 -10 -1 -10 -1 -10 -1 -10 -1 -10 0 -10 0 -10 0 -10 0 -10 0 -10 1 -10 1 -10 1 -10 1 0 0 -11 1 -11 1 -10 1 -11 1 -10 0 -10 0 -10 0 -10 0 -10 -1 -10 -1 -10 -1 -10 -1 -10 -1 -9 -2 -9 -2 -9 -2 -8 -2 -8 -2 -8 -3 -8 -3 -7 -3 -7 -3 -7 -3 -7 -3 -6 -3 -6 -4 0 0 0 0 0 0 0 0 0 0 ]
CSI_DATA,AP,10:B4:1D:CC:60:E0,-22,11,1,7,1,1,1,1,0,0,1,-93,0,6,2,6200490,0,68,0,0,5.90991,384,[0 0 0 0 0 0 0 0 0 0 0 0 -7 9 -6 9 -7 9 -6 9 -6 9 -6 9 -6 9 -6 9 -5 9 -5 9 -5 8 -4 9 -4 8 -4 9 -4 9 -3 9 -3 8 -3 9 -3 9 -3 9 -3 9 -3 9 -3 9 -3 9 -3 9 -2 9 0 0 -3 9 -3 10 -3 10 -3 9 -3 9 -3 9 -3 9 -3 9 -4 9 -4 9 -4 8 -4 8 -4 8 -4 7 -4 7 -4 7 -5 7 -5 6 -5 6 -5 5 -5 5 -5 5 -5 5 -5 4 -5 4 -5 3 0 0 0 0 0 0 0 0 0 0 ]
CSI_DATA,AP,10:B4:1D:CC:60:E0,-22,11,1,7,1,1,1,1,0,0,1,-93,0,6,2,6291593,0,68,0,0,6.00101,384,[0 0 0 0 0 0 0 0 0 0 0 0 9 -6 9 -6 9 -7 9 -7 9 -6 8 -6 8 -6 8 -6 8 -7 7 -7 7 -7 7 -7 7 -7 7 -7 6 -8 6 -7 6 -8 6 -7 6 -8 6 -8 6 -8 6 -8 5 -8 5 -9 5 -9 5 -9 0 0 6 -8 5 -9 5 -9 6 -8 6 -9 6 -8 6 -8 6 -8 6 -7 6 -7 6 -7 6 -7 6 -7 6 -6 6 -6 6 -5 6 -5 6 -5 6 -5 6 -4 6 -4 6 -4 6 -3 6 -3 6 -3 6 -2 0 0 0 0 0 0 0 0 0 0 ]
CSI_DATA,AP,10:B4:1D:CC:60:E0,-22,11,1,7,1,1,1,1,0,0,1,-93,0,6,2,6380533,0,68,0,0,6.08995,384,[0 0 0 0 0 0 0 0 0 0 0 0 -3 11 -3 10 -3 10 -3 10 -3 10 -3 10 -3 10 -2 10 -2 9 -2 10 -2 9 -2 9 -1 9 -1 9 -1 9 -1 9 -1 9 0 9 0 9 0 9 0 9 0 9 1 9 1 10 1 9 1 9 0 0 1 9 1 10 1 10 1 9 1 10 0 10 0 10 0 9 0 9 -1 9 -1 9 -1 9 -1 9 -1 8 -2 8 -2 7 -2 8 -2 7 -2 7 -2 6 -3 6 -3 6 -3 6 -3 6 -3 5 -4 5 0 0 0 0 0 0 0 0 0 0 ]
CSI_DATA,AP,10:B4:1D:CC:60:E0,-16,11,0,0,0,0,0,0,0,0,0,-93,0,6,2,6445112,0,66,0,0,6.1546,128,[0 0 0 0 0 0 0 0 0 0 0 0 -1 15 0 15 0 15 0 15 0 15 0 14 1 14 1 14 1 13 1 13 1 13 1 13 2 13 2 13 2 12 3 13 3 12 3 12 3 12 4 12 4 12 4 12 4 12 4 12 4 12 4 13 0 0 4 12 5 13 4 12 4 13 4 13 4 13 3 13 3 13 3 12 2 12 2 13 1 12 1 12 1 11 1 11 0 11 0 11 0 10 -1 10 -1 10 -1 9 -1 9 -2 9 -2 9 -3 8 -3 7 0 0 0 0 0 0 0 0 0 0 ]
CSI_DATA,AP,10:B4:1D:CC:60:E0,-22,11,1,7,1,1,1,1,0,0,1,-93,0,6,2,6470586,0,68,0,0,6.18093,384,[0 0 0 0 0 0 0 0 0 0 0 0 -8 8 -8 8 -8 8 -8 8 -8 8 -8 8 -7 7 -7 7 -7 7 -6 8 -6 8 -6 8 -6 8 -5 8 -6 8 -5 8 -5 8 -5 8 -5 9 -5 8 -5 8 -5 8 -4 8 -4 9 -4 9 -4 9 0 0 -4 9 -4 9 -5 9 -4 9 -5 9 -5 9 -5 9 -6 8 -6 8 -5 8 -5 8 -5 7 -6 7 -6 7 -6 6 -6 6 -6 6 -6 5 -6 5 -6 4 -6 4 -6 4 -6 4 -6 4 -6 3 -6 2 0 0 0 0 0 0 0 0 0 0 ]
CSI_DATA,AP,10:B4:1D:CC:60:E0,-22,11,1,7,1,1,1,1,0,0,1,-93,0,6,2,6560744,0,68,0,0,6.27017,384,[0 0 0 0 0 0 0 0 0 0 0 0 -11 -6 -11 -6 -10 -5 -10 -5 -10 -5 -10 -5 -10 -5 -10 -5 -10 -5 -10 -4 -10 -4 -10 -4 -10 -4 -10 -3 -10 -3 -10 -3 -10 -3 -10 -2 -10 -2 -10 -2 -10 -2 -10 -2 -10 -2 -10 -2 -10 -2 -10 -2 0 0 -11 -2 -10 -2 -10 -2 -11 -2 -10 -2 -10 -3 -10 -3 -10 -3 -10 -3 -10 -3 -9 -4 -9 -4 -9 -4 -9 -4 -8 -4 -8 -4 -8 -4 -7 -4 -7 -4 -7 -4 -6 -5 -6 -5 -6 -5 -6 -5 -5 -5 -5 -5 0 0 0 0 0 0 0 0 0 0 ]
CSI_DATA,AP,10:B4:1D:CC:60:E0,-22,11,1,7,1,1,1,1,0,0,1,-93,0,6,2,6650532,0,68,0,0,6.35996,384,[0 0 0 0 0 0 0 0 0 0 0 0 11 3 10 3 10 2 10 2 10 2 10 2 10 2 10 2 10 2 9 1 9 1 9 0 9 0 9 0 10 0 9 0 9 0 9 0 9 -1 9 -1 9 -1 9 -1 9 -1 9 -2 9 -2 9 -2 0 0 10 -1 10 -2 10 -1 10 -1 9 -1 10 -1 9 -1 9 0 9 0 9 0 9 0 9 0 9 0 8 1 8 1 8 1 7 1 7 2 7 2 6 2 6 2 6 2 6 2 5 2 5 3 5 3 0 0 0 0 0 0 0 0 0 0 ]
CSI_DATA,AP,10:B4:1D:CC:60:E0,-22,11,1,7,1,1,1,1,0,0,1,-93,0,6,2,6740584,0,68,0,0,6.45,384,[0 0 0 0 0 0 0 0 0 0 0 0 11 -2 11 -2 11 -2 10 -2 10 -2 10 -2 10 -3 10 -3 10 -3 9 -3 9 -3 9 -4 9 -4 8 -4 9 -4 9 -4 8 -4 8 -5 8 -5 8 -5 8 -5 8 -5 8 -6 8 -6 8 -6 8 -6 0 0 8 -6 8 -6 8 -6 8 -6 8 -6 8 -6 8 -5 8 -5 8 -5 8 -5 8 -4 8 -4 8 -4 8 -3 8 -3 7 -3 7 -3 7 -2 7 -2 7 -2 7 -2 7 -1 6 -1 6 -1 6 0 6 0 0 0 0 0 0 0 0 0 0 0 ]
CSI_DATA,AP,10:B4:1D:CC:60:E0,-22,11,1,7,1,1,1,1,0,0,1,-93,0,6,2,6830631,0,68,0,0,6.54005,384,[0 0 0 0 0 0 0 0 0 0 0 0 10 -4 10 -4 10 -4 10 -4 9 -4 9 -5 9 -4 9 -5 8 -5 8 -5 8 -5 8 -5 8 -6 7 -6 8 -6 7 -6 7 -6 7 -6 7 -7 7 -7 7 -7 7 -7 6 -7 7 -7 6 -7 7 -7 0 0 7 -7 7 -7 7 -7 7 -7 7 -7 7 -7 7 -7 7 -6 7 -6 7 -6 7 -6 7 -6 7 -5 7 -5 7 -4 7 -4 7 -4 7 -4 6 -3 6 -3 6 -3 6 -2 6 -2 6 -2 6 -1 6 -1 0 0 0 0 0 0 0 0 0 0 ]
CSI_DATA,AP,10:B4:1D:CC:60:E0,-22,11,1,7,1,1,1,1,0,0,1,-93,0,6,2,6920596,0,68,0,0,6.63002,384,[0 0 0 0 0 0 0 0 0 0 0 0 -5 10 -5 10 -5 10 -5 10 -5 9 -5 9 -5 9 -4 9 -4 9 -4 9 -3 9 -3 9 -3 9 -3 9 -3 9 -2 9 -2 9 -2 9 -2 9 -2 9 -2 9 -2 9 -1 9 -1 10 -1 9 -1 9 0 0 -1 10 -1 10 -2 10 -2 10 -2 10 -2 10 -2 10 -3 9 -3 9 -3 9 -3 8 -3 9 -3 8 -4 8 -4 7 -4 7 -4 7 -4 7 -4 6 -4 6 -4 6 -4 5 -5 5 -5 5 -5 4 -5 4 0 0 0 0 0 0 0 0 0 0 ]
CSI_DATA,AP,10:B4:1D:CC:60:E0,-22,11,1,7,1,1,1,1,0,0,1,-93,0,6,2,7010620,0,68,0,0,6.72004,384,[0 0 0 0 0 0 0 0 0 0 0 0 -10 6 -10 6 -10 6 -9 6 -9 6 -9 6 -8 6 -8 6 -8 6 -8 7 -8 7 -7 7 -7 7 -7 7 -7 7 -7 7 -6 7 -6 7 -6 8 -6 8 -6 8 -6 8 -6 8 -6 8 -5 8 -5 8 0 0 -6 8 -6 9 -5 8 -6 8 -6 8 -6 8 -6 8 -6 8 -6 7 -6 7 -6 7 -7 7 -7 6 -7 6 -7 5 -7 5 -7 5 -6 5 -6 4 -6 4 -6 4 -6 3 -6 3 -6 3 -6 2 -6 2 0 0 0 0 0 0 0 0 0 0 ]
CSI_DATA,AP,10:B4:1D:CC:60:E0,-22,11,1,7,1,1,1,1,0,0,1,-93,0,6,2,7100626,0,68,0,0,6.81005,384,[0 0 0 0 0 0 0 0 0 0 0 0 -12 -3 -11 -3 -12 -3 -11 -3 -11 -2 -11 -2 -11 -2 -11 -2 -11 -2 -11 -2 -10 -1 -10 -1 -11 -1 -10 0 -10 0 -10 0 -10 0 -10 0 -10 1 -10 1 -10 1 -10 1 -10 1 -10 1 -10 1 -10 1 0 0 -11 1 -11 1 -10 1 -11 1 -10 1 -11 1 -11 0 -10 0 -10 0 -10 0 -10 0 -10 -1 -10 -1 -9 -1 -9 -1 -9 -2 -9 -2 -8 -2 -8 -2 -7 -2 -8 -3 -7 -3 -7 -3 -7 -3 -6 -3 -6 -4 0 0 0 0 0 0 0 0 0 0 ]
CSI_DATA,AP,10:B4:1D:CC:60:E0,-22,11,1,7,1,1,1,1,0,0,1,-93,0,6,2,7190625,0,68,0,0,6.90004,384,[0 0 0 0 0 0 0 0 0 0 0 0 -2 -12 -1 -12 -2 -12 -2 -11 -2 -11 -2 -11 -2 -11 -2 -11 -3 -10 -3 -10 -3 -10 -3 -10 -3 -10 -4 -10 -4 -10 -4 -9 -4 -9 -5 -9 -5 -9 -5 -9 -5 -9 -5 -9 -5 -9 -5 -9 -5 -9 -6 -9 0 0 -6 -9 -6 -9 -6 -9 -6 -9 -5 -10 -5 -10 -5 -10 -5 -9 -5 -9 -4 -9 -4 -9 -4 -9 -3 -9 -3 -9 -3 -9 -3 -8 -2 -8 -2 -8 -2 -8 -2 -8 -2 -8 -1 -7 -1 -7 -1 -7 0 -7 0 -7 0 0 0 0 0 0 0 0 0 0 ]
CSI_DATA,AP,10:B4:1D:CC:60:E0,-22,11,1,7,1,1,1,1,0,0,1,-93,0,6,2,7280660,0,68,0,0,6.99008,384,[0 0 0 0 0 0 0 0 0 0 0 0 1 -12 1 -12 0 -12 0 -11 0 -11 0 -11 0 -11 0 -11 0 -11 -1 -11 -1 -10 -1 -10 -1 -10 -1 -10 -2 -10 -2 -10 -2 -10 -3 -10 -3 -10 -3 -10 -3 -10 -3 -10 -3 -10 -3 -10 -3 -10 -3 -10 0 0 -3 -10 -3 -10 -3 -10 -4 -10 -3 -10 -3 -10 -3 -10 -2 -10 -2 -10 -2 -10 -2 -10 -1 -10 -1 -9 -1 -9 -1 -9 -1 -8 0 -9 0 -8 0 -8 0 -8 0 -8 1 -7 1 -7 1 -7 1 -7 2 -6 0 0 0 0 0 0 0 0 0 0 ]
CSI_DATA,AP,10:B4:1D:CC:60:E0,-22,11,1,7,1,1,1,1,0,0,1,-93,0,6,2,7370465,0,68,0,0,7.07988,384,[0 0 0 0 0 0 0 0 0 0 0 0 8 7 8 7 8 7 8 7 8 7 8 6 8 6 8 6 8 6 8 5 8 5 8 5 8 5 8 4 8 4 8 4 8 4 8 4 8 4 8 4 8 3 8 3 9 3 9 3 9 3 9 3 0 0 9 4 9 3 9 4 9 4 9 4 8 4 8 4 8 4 8 5 8 5 7 4 7 5 7 5 7 5 6 5 6 5 6 5 5 5 5 5 4 5 4 5 4 5 4 5 3 5 3 5 2 5 0 0 0 0 0 0 0 0 0 0 ]
CSI_DATA,AP,10:B4:1D:CC:60:E0,-16,11,0,0,0,0,0,0,0,0,0,-93,0,6,2,7445135,0,66,0,0,7.15463,128,[0 0 0 0 0 0 0 0 0 0 0 0 -15 3 -15 3 -15 3 -15 3 -14 3 -14 4 -14 4 -14 4 -13 4 -13 4 -13 5 -13 5 -13 5 -12 5 -12 5 -12 5 -12 6 -11 6 -11 6 -11 6 -11 6 -11 7 -11 7 -11 7 -11 7 -11 7 0 0 -12 7 -12 7 -12 7 -12 7 -12 6 -12 6 -12 6 -12 6 -12 5 -12 5 -12 5 -12 5 -12 4 -11 3 -11 3 -11 3 -11 3 -11 2 -11 2 -10 1 -10 1 -10 1 -9 0 -9 0 -9 -1 -9 -1 0 0 0 0 0 0 0 0 0 0 ]
CSI_DATA,AP,10:B4:1D:CC:60:E0,-22,11,1,7,1,1,1,1,0,0,1,-93,0,6,2,7460625,0,68,0,0,7.18525,384,[0 0 0 0 0 0 0 0 0 0 0 0 -11 4 -11 4 -11 4 -11 4 -10 4 -10 4 -10 4 -10 4 -10 4 -9 5 -9 5 -9 5 -9 5 -8 5 -8 5 -8 5 -8 5 -8 6 -8 6 -8 6 -7 6 -8 6 -7 6 -7 7 -7 7 -7 7 0 0 -8 7 -8 7 -7 7 -8 7 -8 7 -8 7 -8 6 -8 6 -8 5 -8 5 -8 5 -8 5 -8 5 -8 4 -8 4 -8 3 -8 4 -7 3 -7 2 -7 2 -7 2 -7 2 -7 2 -7 1 -7 1 -7 0 0 0 0 0 0 0 0 0 0 0 ]
CSI_DATA,AP,10:B4:1D:CC:60:E0,-22,11,1,7,1,1,1,1,0,0,1,-93,0,6,2,7550563,0,68,0,0,7.25999,384,[0 0 0 0 0 0 0 0 0 0 0 0 9 -7 9 -7 9 -7 9 -7 8 -7 8 -7 8 -7 8 -7 8 -7 7 -7 7 -7 6 -7 7 -8 6 -8 6 -8 6 -8 6 -8 5 -8 6 -8 6 -8 5 -8 5 -8 5 -8 5 -9 5 -9 5 -9 0 0 5 -9 5 -9 6 -9 5 -8 6 -9 6 -9 6 -8 6 -8 6 -8 6 -7 6 -7 6 -7 6 -7 6 -7 6 -6 6 -5 6 -5 6 -5 6 -5 6 -4 6 -4 6 -4 6 -3 6 -3 5 -3 5 -2 0 0 0 0 0 0 0 0 0 0 ]
CSI_DATA,AP,10:B4:1D:CC:60:E0,-16,11,0,0,0,0,0,0,0,0,0,-93,0,6,2,7575028,0,66,0,0,7.28608,128,[0 0 0 0 0 0 0 0 0 0 0 0 -7 14 -6 14 -6 14 -6 13 -6 14 -5 13 -5 13 -5 13 -4 13 -4 13 -4 13 -4 13 -3 13 -3 13 -3 12 -3 13 -2 12 -2 13 -2 12 -2 13 -2 13 -1 13 -1 13 -1 13 -1 13 -1 13 0 0 -1 13 -1 14 -1 13 -2 14 -2 13 -2 13 -2 13 -3 13 -3 13 -4 13 -3 12 -4 12 -4 11 -4 11 -4 11 -4 10 -5 10 -5 9 -5 9 -5 9 -6 8 -5 8 -6 7 -6 7 -6 6 -6 5 0 0 0 0 0 0 0 0 0 0 ]
CSI_DATA,AP,10:B4:1D:CC:60:E0,-22,11,1,7,1,1,1,1,0,0,1,-93,0,6,2,7640601,0,68,0,0,7.35003,384,[0 0 0 0 0 0 0 0 0 0 0 0 -8 -9 -8 -9 -8 -9 -8 -9 -8 -9 -8 -8 -7 -8 -8 -8 -8 -8 -8 -7 -8 -7 -8 -7 -8 -7 -8 -6 -8 -6 -8 -6 -8 -6 -9 -6 -9 -6 -9 -6 -9 -5 -9 -6 -9 -5 -9 -5 -9 -5 -9 -5 0 0 -9 -6 -9 -6 -9 -5 -9 -6 -9 -6 -9 -6 -9 -6 -8 -6 -8 -6 -8 -6 -8 -6 -7 -7 -7 -7 -7 -7 -7 -7 -6 -7 -6 -7 -6 -7 -5 -7 -5 -6 -5 -6 -4 -6 -4 -6 -3 -6 -3 -6 -3 -6 0 0 0 0 0 0 0 0 0 0 ]
CSI_DATA,AP,10:B4:1D:CC:60:E0,-22,11,1,7,1,1,1,1,0,0,1,-93,0,6,2,7730714,0,68,0,0,7.44013,384,[0 0 0 0 0 0 0 0 0 0 0 0 11 -2 11 -2 10 -3 10 -3 10 -3 10 -3 10 -3 10 -3 9 -3 9 -3 9 -3 9 -4 9 -4 9 -4 9 -4 8 -4 8 -4 8 -4 8 -5 8 -5 8 -5 8 -5 8 -5 8 -6 8 -6 8 -6 0 0 9 -5 8 -5 9 -6 8 -5 9 -5 9 -5 9 -5 9 -4 9 -4 8 -4 8 -4 8 -4 8 -3 8 -3 8 -2 8 -2 7 -2 7 -2 7 -1 7 -1 7 -1 7 0 6 0 6 0 6 0 6 1 0 0 0 0 0 0 0 0 0 0 ]
CSI_DATA,AP,10:B4:1D:CC:60:E0,-22,11,1,7,1,1,1,1,0,0,1,-93,0,6,2,7820693,0,68,0,0,7.53011,384,[0 0 0 0 0 0 0 0 0 0 0 0 3 10 3 10 3 10 3 10 3 10 3 9 3 9 3 9 3 9 4 9 4 9 4 8 4 8 4 8 4 8 5 8 5 7 5 7 5 7 5 7 5 7 5 7 6 7 6 7 6 7 6 7 0 0 6 7 6 7 6 7 6 8 6 8 5 8 5 8 5 8 5 8 4 8 4 8 4 8 4 7 3 8 3 7 3 7 2 7 2 7 2 7 2 7 1 7 1 6 1 6 0 6 0 6 0 6 0 0 0 0 0 0 0 0 0 0 ]
CSI_DATA,AP,10:B4:1D:CC:60:E0,-22,11,1,7,1,1,1,1,0,0,1,-93,0,6,2,7910615,0,68,0,0,7.62003,384,[0 0 0 0 0 0 0 0 0 0 0 0 4 -11 4 -11 4 -11 4 -11 3 -11 3 -11 3 -10 3 -10 3 -10 2 -10 2 -10 2 -10 2 -10 1 -10 1 -10 1 -10 1 -10 0 -10 0 -10 0 -10 0 -10 0 -10 -1 -10 -1 -10 -1 -10 -1 -10 0 0 -1 -11 -1 -11 -1 -11 -1 -11 0 -11 0 -11 0 -11 0 -10 0 -10 1 -10 1 -10 1 -10 1 -10 1 -9 1 -9 2 -8 2 -8 2 -8 2 -8 2 -7 2 -7 3 -7 3 -7 3 -6 3 -6 3 -5 0 0 0 0 0 0 0 0 0 0 ]
CSI_DATA,AP,10:B4:1D:CC:60:E0,-22,11,1,7,1,1,1,1,0,0,1,-93,0,6,2,8000753,0,68,0,0,7.71017,384,[0 0 0 0 0 0 0 0 0 0 0 0 3 10 3 10 3 10 3 10 3 10 4 10 3 9 3 9 4 9 4 8 4 8 4 8 5 8 5 8 5 8 5 8 5 7 5 7 5 7 5 7 6 7 6 7 6 7 6 7 6 7 6 7 0 0 6 7 6 7 6 7 6 7 6 7 6 8 6 8 5 7 5 8 5 7 5 7 4 7 4 7 4 7 4 7 3 7 3 7 3 7 2 7 2 7 2 6 1 6 1 6 1 6 1 6 0 6 0 0 0 0 0 0 0 0 0 0 ]
CSI_DATA,AP,10:B4:1D:CC:60:E0,-22,11,1,7,1,1,1,1,0,0,1,-93,0,6,2,8090655,0,68,0,0,7.80007,384,[0 0 0 0 0 0 0 0 0 0 0 0 10 -4 10 -4 11 -4 10 -4 10 -4 9 -4 9 -4 9 -5 9 -5 9 -5 8 -5 8 -5 8 -6 8 -6 8 -6 8 -6 7 -6 7 -6 7 -7 7 -7 7 -7 7 -7 7 -7 7 -7 7 -7 7 -7 0 0 7 -7 7 -8 7 -7 7 -8 7 -7 7 -7 7 -7 7 -7 7 -6 7 -6 7 -6 7 -6 7 -5 7 -5 7 -5 7 -4 7 -4 6 -4 6 -4 6 -3 6 -3 6 -3 6 -3 6 -2 6 -2 6 -1 0 0 0 0 0 0 0 0 0 0 ]
CSI_DATA,AP,10:B4:1D:CC:60:E0,-22,11,1,7,1,1,1,1,0,0,1,-93,0,6,2,8182111,0,68,0,0,7.89153,384,[0 0 0 0 0 0 0 0 0 0 0 0 -10 -7 -10 -7 -10 -6 -10 -6 -10 -6 -10 -6 -10 -6 -10 -5 -10 -5 -10 -5 -9 -5 -10 -4 -10 -4 -10 -4 -10 -4 -10 -3 -10 -3 -10 -3 -10 -3 -10 -3 -10 -3 -10 -2 -10 -2 -10 -2 -10 -2 -10 -2 0 0 -11 -3 -10 -3 -10 -3 -10 -3 -10 -3 -10 -3 -10 -3 -10 -3 -10 -4 -10 -4 -10 -4 -9 -4 -9 -4 -8 -4 -8 -4 -8 -5 -7 -5 -7 -5 -7 -5 -7 -5 -6 -5 -6 -5 -6 -5 -5 -5 -5 -5 -4 -5 0 0 0 0 0 0 0 0 0 0 ]
CSI_DATA,AP,10:B4:1D:CC:60:E0,-22,11,1,7,1,1,1,1,0,0,1,-93,0,6,2,8270656,0,68,0,0,7.98007,384,[0 0 0 0 0 0 0 0 0 0 0 0 6 9 6 9 6 8 6 8 6 8 6 8 6 8 6 8 6 7 6 7 6 7 6 7 6 6 7 6 7 6 7 6 7 6 7 5 7 5 7 5 7 5 7 5 8 5 8 5 8 5 8 5 0 0 8 5 8 5 8 5 8 5 8 5 8 5 7 6 7 6 7 6 7 6 7 6 6 6 6 6 6 6 5 6 5 6 4 6 4 6 4 5 4 6 3 6 3 6 3 5 2 5 2 6 2 5 0 0 0 0 0 0 0 0 0 0 ]
CSI_DATA,AP,10:B4:1D:CC:60:E0,-22,11,1,7,1,1,1,1,0,0,1,-93,0,6,2,8360622,0,68,0,0,8.07004,384,[0 0 0 0 0 0 0 0 0 0 0 0 -12 2 -12 2 -12 2 -12 2 -12 2 -11 2 -11 2 -11 2 -10 2 -11 3 -10 3 -10 3 -10 3 -10 3 -10 4 -10 4 -9 4 -9 4 -9 4 -9 4 -9 4 -9 4 -9 5 -9 5 -9 5 -9 5 0 0 -10 5 -9 5 -9 5 -10 5 -10 5 -10 4 -10 4 -10 4 -10 3 -10 3 -10 3 -9 3 -9 2 -9 2 -9 2 -9 1 -9 1 -9 1 -8 0 -8 0 -8 0 -8 0 -7 -1 -7 -1 -7 -1 -7 -2 0 0 0 0 0 0 0 0 0 0 ]
CSI_DATA,AP,10:B4:1D:CC:60:E0,-22,11,1,7,1,1,1,1,0,0,1,-93,0,6,2,8450679,0,68,0,0,8.1601,384,[0 0 0 0 0 0 0 0 0 0 0 0 -10 6 -10 6 -9 6 -10 6 -9 6 -9 6 -9 6 -8 6 -8 6 -8 6 -8 6 -8 6 -8 7 -7 6 -7 7 -7 6 -7 7 -6 7 -7 7 -7 7 -7 7 -7 7 -6 7 -6 8 -6 8 -6 8 0 0 -7 8 -7 7 -7 8 -7 7 -7 7 -7 7 -7 7 -7 7 -8 6 -7 6 -7 6 -7 6 -8 6 -8 5 -7 4 -7 4 -7 4 -7 4 -7 3 -7 3 -7 3 -7 2 -7 2 -7 2 -7 1 -6 1 0 0 0 0 0 0 0 0 0 0 ]
CSI_DATA,AP,10:B4:1D:CC:60:E0,-22,11,1,7,1,1,1,1,0,0,1,-93,0,6,2,8540620,0,68,0,0,8.25004,384,[0 0 0 0 0 0 0 0 0 0 0 0 11 -1 11 -1 11 -2 10 -1 10 -1 10 -2 10 -2 10 -2 10 -2 9 -3 9 -3 9 -3 9 -3 9 -3 9 -3 9 -3 9 -4 8 -4 8 -4 9 -4 8 -4 8 -4 8 -5 8 -5 8 -5 9 -5 0 0 9 -5 9 -5 9 -5 9 -4 9 -4 9 -4 9 -4 9 -4 9 -3 9 -3 9 -3 8 -3 8 -3 8 -2 8 -2 8 -1 7 -1 7 -1 7 -1 7 0 7 0 6 0 6 0 6 0 6 1 5 1 0 0 0 0 0 0 0 0 0 0 ]
CSI_DATA,AP,10:B4:1D:CC:60:E0,-22,11,1,7,1,1,1,1,0,0,1,-93,0,6,2,8631047,0,68,0,0,8.34047,384,[0 0 0 0 0 0 0 0 0 0 0 0 -1 -12 -1 -12 -1 -11 -1 -12 -1 -11 -1 -11 -2 -11 -1 -11 -2 -11 -2 -10 -2 -10 -2 -10 -3 -10 -3 -10 -3 -10 -3 -10 -3 -10 -4 -9 -4 -10 -4 -10 -4 -9 -4 -10 -4 -9 -5 -10 -5 -10 -5 -9 0 0 -5 -10 -4 -10 -4 -10 -4 -10 -4 -10 -4 -10 -4 -10 -3 -10 -3 -10 -3 -10 -3 -10 -3 -10 -2 -9 -2 -9 -2 -9 -2 -9 -1 -8 -1 -8 -1 -8 -1 -8 0 -8 0 -8 0 -7 0 -7 1 -7 1 -7 0 0 0 0 0 0 0 0 0 0 ]
CSI_DATA,AP,10:B4:1D:CC:60:E0,-22,11,1,7,1,1,1,1,0,0,1,-93,0,6,2,8720706,0,68,0,0,8.43013,384,[0 0 0 0 0 0 0 0 0 0 0 0 11 0 11 0 11 0 11 -1 10 -1 10 -1 10 -1 10 -1 10 -1 9 -2 9 -2 9 -2 9 -2 9 -3 9 -3 9 -3 9 -3 9 -3 9 -3 9 -3 9 -4 9 -4 9 -4 9 -4 9 -4 9 -4 0 0 9 -4 9 -4 9 -4 9 -4 9 -4 9 -4 9 -3 9 -3 9 -3 9 -2 9 -3 8 -2 8 -2 8 -2 8 -1 8 -1 7 -1 7 -1 7 0 7 0 7 0 6 0 6 0 6 1 6 1 5 1 0 0 0 0 0 0 0 0 0 0 ]
CSI_DATA,AP,10:B4:1D:CC:60:E0,-22,11,1,7,1,1,1,1,0,0,1,-93,0,6,2,8811839,0,68,0,0,8.52126,384,[0 0 0 0 0 0 0 0 0 0 0 0 5 -10 5 -10 5 -10 4 -10 4 -10 4 -10 4 -10 4 -10 3 -10 3 -10 3 -10 3 -10 2 -10 2 -10 2 -10 2 -10 1 -10 1 -10 1 -10 1 -10 1 -10 1 -10 0 -10 0 -10 0 -10 0 -10 0 0 0 -10 0 -11 0 -10 0 -11 1 -11 1 -11 1 -11 1 -10 1 -10 2 -10 2 -10 2 -9 2 -9 2 -9 2 -8 2 -8 3 -8 2 -7 3 -7 3 -7 3 -7 3 -7 3 -6 3 -6 3 -6 4 -5 0 0 0 0 0 0 0 0 0 0 ]
CSI_DATA,AP,10:B4:1D:CC:60:E0,-22,11,1,7,1,1,1,1,0,0,1,-93,0,6,2,8900689,0,68,0,0,8.6101,384,[0 0 0 0 0 0 0 0 0 0 0 0 -1 -12 -1 -12 -1 -12 -1 -11 -1 -11 -2 -11 -2 -11 -2 -11 -2 -11 -2 -10 -2 -10 -3 -10 -3 -10 -3 -10 -3 -10 -3 -10 -4 -10 -4 -10 -4 -9 -4 -10 -4 -9 -4 -9 -5 -9 -5 -9 -5 -10 -5 -9 0 0 -5 -10 -5 -10 -5 -10 -5 -10 -5 -10 -4 -10 -4 -10 -4 -10 -4 -10 -3 -10 -3 -9 -3 -9 -3 -9 -2 -9 -2 -9 -2 -9 -1 -8 -2 -8 -1 -8 -1 -8 -1 -8 0 -8 0 -7 0 -7 0 -7 1 -7 0 0 0 0 0 0 0 0 0 0 ]
CSI_DATA,AP,10:B4:1D:CC:60:E0,-22,11,1,7,1,1,1,1,0,0,1,-93,0,6,2,8993005,0,68,0,0,8.70242,384,[0 0 0 0 0 0 0 0 0 0 0 0 -8 -9 -8 -9 -8 -9 -8 -8 -8 -8 -8 -8 -8 -8 -8 -8 -8 -8 -8 -7 -8 -7 -8 -7 -8 -7 -8 -6 -8 -6 -8 -6 -8 -6 -8 -6 -9 -6 -9 -6 -9 -6 -9 -5 -9 -5 -9 -5 -9 -5 -9 -5 0 0 -9 -6 -9 -5 -9 -6 -9 -6 -9 -6 -9 -6 -9 -6 -8 -6 -8 -7 -8 -7 -8 -7 -7 -7 -7 -7 -7 -7 -7 -7 -6 -7 -6 -7 -6 -7 -5 -6 -5 -7 -4 -7 -4 -7 -4 -7 -3 -6 -3 -6 -3 -6 0 0 0 0 0 0 0 0 0 0 ]
CSI_DATA,AP,10:B4:1D:CC:60:E0,-22,11,1,7,1,1,1,1,0,0,1,-93,0,6,2,9080548,0,68,0,0,8.78997,384,[0 0 0 0 0 0 0 0 0 0 0 0 7 8 7 9 6 8 7 8 6 8 7 8 6 7 7 7 7 7 6 6 7 6 7 6 7 6 7 6 7 6 7 5 7 5 7 5 8 5 8 5 8 4 8 4 8 4 8 4 8 4 8 4 0 0 8 5 8 4 8 4 8 5 8 5 8 5 8 5 8 5 7 5 7 5 7 5 7 5 6 5 6 5 6 5 5 6 5 5 5 5 4 5 4 5 4 5 3 6 3 5 3 5 3 5 2 5 0 0 0 0 0 0 0 0 0 0 ]
CSI_DATA,AP,10:B4:1D:CC:60:E0,-22,11,1,7,1,1,1,1,0,0,1,-93,0,6,2,9170667,0,68,0,0,8.88009,384,[0 0 0 0 0 0 0 0 0 0 0 0 0 -12 0 -12 0 -12 -1 -11 -1 -11 -1 -11 -1 -11 -1 -11 -1 -11 -2 -11 -2 -11 -2 -10 -2 -10 -2 -10 -2 -10 -3 -10 -3 -10 -3 -10 -3 -10 -3 -10 -3 -10 -3 -10 -4 -10 -4 -10 -4 -10 -4 -10 0 0 -4 -10 -4 -10 -4 -10 -4 -10 -4 -10 -3 -10 -3 -10 -3 -10 -3 -10 -3 -10 -3 -10 -2 -10 -2 -10 -1 -9 -1 -9 -1 -9 -1 -9 -1 -8 0 -8 0 -8 0 -8 1 -8 1 -7 1 -7 1 -7 1 -6 0 0 0 0 0 0 0 0 0 0 ]
CSI_DATA,AP,10:B4:1D:CC:60:E0,-22,11,1,7,1,1,1,1,0,0,1,-93,0,6,2,9261205,0,68,0,0,8.97062,384,[0 0 0 0 0 0 0 0 0 0 0 0 11 -4 11 -4 10 -4 10 -4 10 -4 10 -4 10 -4 9 -4 9 -4 9 -5 9 -5 8 -5 8 -5 8 -6 8 -6 8 -6 8 -6 8 -6 8 -6 8 -6 8 -6 8 -6 7 -7 7 -7 7 -7 7 -7 0 0 8 -7 7 -7 8 -7 8 -7 8 -7 8 -7 8 -7 8 -6 8 -6 8 -6 8 -5 8 -5 8 -5 8 -5 7 -4 7 -4 7 -4 7 -3 7 -3 7 -3 7 -2 7 -2 6 -2 6 -2 6 -1 6 -1 0 0 0 0 0 0 0 0 0 0 ]
CSI_DATA,AP,10:B4:1D:CC:60:E0,-22,11,1,7,1,1,1,1,0,0,1,-93,0,6,2,9350513,0,68,0,0,9.05993,384,[0 0 0 0 0 0 0 0 0 0 0 0 -10 6 -10 6 -10 6 -10 6 -9 6 -9 6 -9 5 -9 6 -8 6 -8 6 -8 6 -8 6 -8 6 -7 6 -7 7 -7 7 -7 7 -7 7 -7 7 -7 7 -7 7 -6 7 -6 7 -6 8 -6 8 -6 8 0 0 -6 8 -6 8 -7 8 -7 8 -7 7 -7 8 -7 7 -7 7 -7 6 -7 6 -7 6 -7 6 -7 6 -7 5 -7 5 -7 5 -7 4 -7 4 -7 3 -7 3 -7 3 -7 3 -7 2 -7 2 -7 2 -7 1 0 0 0 0 0 0 0 0 0 0 ]
CSI_DATA,AP,10:B4:1D:CC:60:E0,-22,11,1,7,1,1,1,1,0,0,1,-93,0,6,2,9440662,0,68,0,0,9.15008,384,[0 0 0 0 0 0 0 0 0 0 0 0 11 -2 11 -2 11 -3 10 -3 10 -3 10 -3 10 -3 9 -3 9 -3 9 -4 9 -4 9 -4 9 -4 9 -4 8 -4 8 -5 8 -5 8 -5 8 -5 8 -6 8 -6 8 -6 8 -6 8 -6 8 -6 8 -6 0 0 8 -6 8 -6 8 -6 8 -6 8 -6 8 -6 8 -6 8 -6 8 -5 8 -5 8 -4 8 -5 8 -4 8 -4 8 -3 7 -3 7 -3 7 -3 7 -2 7 -2 7 -2 6 -2 6 -1 6 -1 6 -1 6 0 0 0 0 0 0 0 0 0 0 0 ]
CSI_DATA,AP,10:B4:1D:CC:60:E0,-22,11,1,7,1,1,1,1,0,0,1,-93,0,6,2,9530580,0,68,0,0,9.24,384,[0 0 0 0 0 0 0 0 0 0 0 0 9 -7 9 -7 9 -7 8 -7 8 -7 8 -7 8 -7 8 -7 7 -7 7 -7 7 -7 7 -7 6 -7 6 -8 6 -8 6 -8 6 -8 5 -8 5 -8 5 -8 5 -8 5 -8 5 -8 5 -9 5 -9 5 -9 0 0 5 -9 5 -9 5 -9 5 -9 6 -9 6 -9 6 -8 6 -8 6 -8 6 -7 6 -7 6 -7 6 -7 6 -6 6 -6 6 -6 6 -5 6 -5 6 -5 6 -4 6 -4 6 -4 6 -4 6 -3 6 -3 5 -2 0 0 0 0 0 0 0 0 0 0 ]
CSI_DATA,AP,10:B4:1D:CC:60:E0,-22,11,1,7,1,1,1,1,0,0,1,-93,0,6,2,9620465,0,68,0,0,9.32989,384,[0 0 0 0 0 0 0 0 0 0 0 0 10 -6 9 -6 10 -6 9 -6 9 -6 8 -6 8 -6 8 -6 8 -6 8 -6 8 -6 7 -6 7 -7 7 -7 7 -7 7 -7 7 -7 6 -7 6 -7 6 -7 6 -7 6 -8 6 -8 6 -8 6 -8 6 -8 0 0 6 -8 6 -8 6 -8 7 -8 7 -8 7 -7 7 -7 7 -7 7 -6 7 -6 7 -6 7 -6 7 -6 7 -5 7 -5 7 -4 7 -4 6 -4 6 -3 6 -3 6 -3 6 -3 6 -2 6 -2 6 -2 6 -1 0 0 0 0 0 0 0 0 0 0 ]
CSI_DATA,AP,10:B4:1D:CC:60:E0,-22,11,1,7,1,1,1,1,0,0,1,-93,0,6,2,9710544,0,68,0,0,9.41996,384,[0 0 0 0 0 0 0 0 0 0 0 0 5 -11 5 -11 5 -10 4 -10 4 -10 4 -10 4 -10 4 -10 3 -10 3 -10 3 -10 2 -10 2 -10 2 -10 2 -10 2 -10 1 -10 1 -10 1 -10 1 -10 1 -10 1 -10 0 -10 1 -10 0 -10 0 -10 0 0 1 -10 1 -11 1 -11 1 -11 1 -11 1 -11 1 -10 2 -10 2 -10 2 -10 2 -10 2 -9 2 -9 3 -9 2 -8 3 -8 3 -8 3 -8 3 -7 3 -7 3 -7 3 -6 4 -6 4 -6 4 -5 4 -5 0 0 0 0 0 0 0 0 0 0 ]
CSI_DATA,AP,10:B4:1D:CC:60:E0,-22,11,1,7,1,1,1,1,0,0,1,-93,0,6,2,9800496,0,68,0,0,9.50991,384,[0 0 0 0 0 0 0 0 0 0 0 0 -12 0 -11 0 -12 0 -11 0 -11 0 -11 1 -11 1 -11 1 -11 1 -10 1 -10 1 -10 1 -10 2 -10 2 -10 2 -10 3 -9 2 -9 3 -9 3 -9 4 -9 3 -9 4 -9 4 -9 4 -9 4 -9 4 0 0 -10 4 -10 4 -9 4 -10 4 -10 4 -10 4 -10 3 -10 3 -10 3 -10 3 -10 2 -9 2 -9 2 -9 2 -9 1 -9 1 -9 1 -8 1 -8 0 -8 0 -8 0 -8 0 -7 -1 -7 -1 -7 -1 -7 -2 0 0 0 0 0 0 0 0 0 0 ]
CSI_DATA,AP,10:B4:1D:CC:60:E0,-22,11,1,7,1,1,1,1,0,0,1,-93,0,6,2,9890640,0,68,0,0,9.60006,384,[0 0 0 0 0 0 0 0 0 0 0 0 10 -5 10 -5 10 -5 9 -5 9 -5 9 -5 9 -5 9 -5 8 -5 8 -6 8 -6 8 -6 8 -6 7 -6 7 -6 7 -6 7 -7 7 -7 7 -7 7 -7 7 -7 6 -7 6 -7 7 -8 6 -8 6 -8 0 0 6 -8 7 -8 7 -8 7 -8 7 -8 7 -8 7 -7 7 -7 7 -6 7 -6 7 -6 7 -6 7 -6 7 -5 7 -5 7 -5 7 -4 6 -4 6 -4 6 -3 6 -3 6 -3 6 -3 6 -2 6 -2 6 -1 0 0 0 0 0 0 0 0 0 0 ]
CSI_DATA,AP,10:B4:1D:CC:60:E0,-22,11,1,7,1,1,1,1,0,0,1,-93,0,6,2,9980832,0,68,0,0,9.69025,384,[0 0 0 0 0 0 0 0 0 0 0 0 7 7 7 7 7 7 7 7 7 7 7 7 7 6 7 6 7 6 7 6 7 5 7 5 7 5 7 5 7 5 7 4 7 4 7 4 8 4 8 4 8 4 8 4 8 3 8 3 8 3 8 3 0 0 8 4 8 4 8 4 8 3 8 4 8 4 8 4 8 4 7 4 7 5 7 4 7 5 6 5 6 5 6 5 6 5 5 5 5 5 5 5 4 5 4 5 4 5 3 5 3 5 3 5 2 5 0 0 0 0 0 0 0 0 0 0 ]
CSI_DATA,AP,10:B4:1D:CC:60:E0,-22,11,1,7,1,1,1,1,0,0,1,-93,0,6,2,10070587,0,68,0,0,9.78001,384,[0 0 0 0 0 0 0 0 0 0 0 0 6 -10 5 -10 6 -10 5 -10 5 -10 5 -10 5 -10 5 -9 5 -9 4 -10 4 -10 3 -9 3 -10 3 -10 3 -10 3 -10 3 -9 2 -10 2 -10 2 -10 2 -10 2 -10 2 -10 2 -10 2 -10 1 -10 0 0 2 -10 2 -10 2 -10 2 -10 2 -10 3 -10 3 -10 3 -10 3 -9 3 -9 3 -9 3 -9 4 -9 4 -8 4 -8 4 -7 4 -7 4 -7 4 -6 4 -6 4 -6 4 -6 4 -5 4 -5 4 -5 4 -4 0 0 0 0 0 0 0 0 0 0 ]
CSI_DATA,AP,10:B4:1D:CC:60:E0,-22,11,1,7,1,1,1,1,0,0,1,-93,0,6,2,10160693,0,68,0,0,9.87011,384,[0 0 0 0 0 0 0 0 0 0 0 0 -11 -6 -10 -6 -10 -6 -10 -6 -10 -6 -10 -5 -10 -5 -10 -5 -10 -5 -10 -4 -10 -4 -10 -4 -10 -4 -10 -3 -10 -3 -10 -3 -10 -3 -10 -3 -10 -2 -10 -2 -10 -2 -10 -2 -10 -2 -10 -2 -10 -2 -10 -2 0 0 -11 -2 -11 -2 -10 -2 -11 -2 -10 -2 -10 -2 -10 -3 -10 -3 -10 -3 -10 -3 -10 -3 -9 -3 -9 -4 -9 -4 -8 -4 -8 -4 -8 -4 -8 -4 -7 -4 -7 -4 -7 -5 -6 -5 -6 -5 -6 -5 -5 -5 -5 -5 0 0 0 0 0 0 0 0 0 0 ]
CSI_DATA,AP,10:B4:1D:CC:60:E0,-22,11,1,7,1,1,1,1,0,0,1,-93,0,6,2,10250649,0,68,0,0,9.96007,384,[0 0 0 0 0 0 0 0 0 0 0 0 0 11 0 11 0 11 0 10 0 10 1 10 1 10 1 10 1 10 1 10 1 9 1 9 2 9 2 9 2 9 3 8 3 9 3 9 3 9 3 9 3 8 3 8 4 8 4 9 4 8 4 8 0 0 4 9 4 9 4 9 4 8 4 9 3 9 3 9 3 9 3 9 2 9 2 9 2 8 2 8 1 8 1 8 1 8 1 8 1 7 0 7 0 7 0 7 0 7 -1 7 -1 6 -1 6 -2 6 0 0 0 0 0 0 0 0 0 0 ]
CSI_DATA,AP,10:B4:1D:CC:60:E0,-22,11,1,7,1,1,1,1,0,0,1,-93,0,6,2,10340422,0,68,0,0,10.0498,384,[0 0 0 0 0 0 0 0 0 0 0 0 11 -1 11 -1 11 -1 10 -1 10 -1 10 -1 10 -2 10 -2 10 -2 10 -2 9 -2 9 -3 9 -3 9 -3 9 -3 9 -3 9 -3 9 -4 9 -4 9 -4 8 -4 9 -4 9 -4 9 -5 9 -5 9 -5 0 0 9 -4 9 -5 9 -4 9 -4 9 -4 9 -4 9 -4 9 -3 9 -3 9 -3 9 -3 8 -3 8 -2 8 -2 8 -2 8 -1 8 -1 7 -1 7 -1 7 0 7 0 6 0 6 0 6 1 6 1 5 1 0 0 0 0 0 0 0 0 0 0 ]
CSI_DATA,AP,10:B4:1D:CC:60:E0,-22,11,1,7,1,1,1,1,0,0,1,-93,0,6,2,10430566,0,68,0,0,10.14,384,[0 0 0 0 0 0 0 0 0 0 0 0 -7 -10 -7 -10 -7 -9 -7 -9 -7 -9 -7 -9 -7 -9 -7 -9 -7 -8 -7 -8 -7 -8 -8 -7 -8 -7 -8 -7 -8 -7 -8 -7 -8 -7 -8 -6 -8 -6 -8 -6 -8 -6 -8 -6 -9 -6 -9 -6 -9 -6 -9 -6 0 0 -9 -6 -9 -6 -9 -6 -9 -6 -9 -7 -8 -7 -8 -7 -8 -7 -8 -7 -7 -7 -7 -7 -7 -7 -7 -7 -6 -7 -6 -7 -6 -7 -5 -7 -5 -7 -5 -7 -4 -7 -4 -7 -3 -7 -3 -7 -3 -6 -3 -7 -2 -7 0 0 0 0 0 0 0 0 0 0 ]
CSI_DATA,AP,10:B4:1D:CC:60:E0,-22,11,1,7,1,1,1,1,0,0,1,-93,0,6,2,10520559,0,68,0,0,10.23,384,[0 0 0 0 0 0 0 0 0 0 0 0 5 10 5 10 5 10 5 9 5 9 5 9 5 9 5 9 5 8 5 8 6 8 6 8 6 8 6 7 6 7 6 7 6 7 6 7 7 6 7 6 7 6 7 6 7 6 7 6 7 6 7 6 0 0 7 6 7 6 7 6 8 6 7 7 7 7 7 7 6 7 6 7 6 7 6 7 5 7 5 7 5 7 5 7 4 7 4 7 4 6 3 7 3 6 3 6 2 6 2 6 1 6 1 6 1 6 0 0 0 0 0 0 0 0 0 0 ]
CSI_DATA,AP,10:B4:1D:CC:60:E0,-22,11,1,7,1,1,1,1,0,0,1,-93,0,6,2,10610584,0,68,0,0,10.32,384,[0 0 0 0 0 0 0 0 0 0 0 0 -8 -9 -8 -9 -8 -9 -8 -8 -8 -9 -8 -8 -8 -8 -8 -8 -8 -8 -8 -7 -8 -7 -8 -7 -8 -6 -8 -6 -8 -6 -9 -6 -8 -6 -9 -6 -9 -5 -9 -5 -9 -5 -9 -5 -9 -5 -10 -5 -9 -5 -10 -5 0 0 -10 -5 -10 -5 -9 -5 -10 -5 -9 -5 -10 -5 -9 -5 -9 -5 -9 -6 -9 -6 -8 -6 -8 -6 -8 -6 -7 -6 -7 -6 -7 -6 -7 -6 -6 -6 -6 -6 -6 -6 -5 -6 -5 -6 -5 -6 -4 -6 -4 -6 -4 -6 0 0 0 0 0 0 0 0 0 0 ]
CSI_DATA,AP,10:B4:1D:CC:60:E0,-22,11,1,7,1,1,1,1,0,0,1,-93,0,6,2,10700542,0,68,0,0,10.41,384,[0 0 0 0 0 0 0 0 0 0 0 0 -11 4 -10 4 -11 5 -10 4 -10 4 -10 4 -10 5 -9 4 -9 5 -9 5 -9 5 -9 5 -9 5 -9 5 -8 5 -8 6 -8 6 -8 6 -8 6 -8 6 -7 6 -7 6 -7 6 -8 7 -7 7 -7 7 0 0 -8 7 -8 7 -8 7 -8 7 -8 7 -8 7 -8 6 -8 6 -8 5 -8 5 -8 5 -8 5 -8 4 -8 4 -8 4 -8 3 -8 3 -8 3 -7 3 -7 2 -7 2 -7 2 -7 1 -7 1 -7 1 -7 0 0 0 0 0 0 0 0 0 0 0 ]
CSI_DATA,AP,10:B4:1D:CC:60:E0,-22,11,1,7,1,1,1,1,0,0,1,-93,0,6,2,10790515,0,68,0,0,10.4999,384,[0 0 0 0 0 0 0 0 0 0 0 0 8 8 7 8 8 8 7 7 7 7 7 7 7 7 7 7 7 6 7 6 7 6 7 6 8 5 7 5 7 5 8 5 8 4 8 4 8 4 8 4 8 4 8 4 9 4 8 4 8 4 9 4 0 0 9 4 9 4 8 4 9 4 8 4 8 5 8 5 8 5 8 5 8 5 7 5 7 5 6 5 6 5 6 6 5 5 5 6 5 5 4 5 4 5 4 5 3 5 3 5 3 5 2 5 2 5 0 0 0 0 0 0 0 0 0 0 ]
CSI_DATA,AP,10:B4:1D:CC:60:E0,-22,11,1,7,1,1,1,1,0,0,1,-93,0,6,2,10880672,0,68,0,0,10.5901,384,[0 0 0 0 0 0 0 0 0 0 0 0 4 -11 4 -11 4 -11 4 -10 4 -11 4 -10 3 -10 3 -10 3 -10 3 -10 3 -10 2 -10 2 -10 2 -10 2 -10 1 -10 1 -10 1 -10 1 -10 1 -10 1 -10 1 -10 0 -10 0 -11 0 -10 0 -10 0 0 0 -10 0 -11 0 -10 0 -11 1 -10 1 -11 1 -10 1 -10 1 -10 1 -10 1 -9 2 -10 2 -9 2 -9 2 -9 2 -8 3 -8 2 -7 3 -7 3 -7 3 -7 3 -7 3 -6 3 -6 3 -6 3 -5 0 0 0 0 0 0 0 0 0 0 ]
CSI_DATA,AP,10:B4:1D:CC:60:E0,-22,11,1,7,1,1,1,1,0,0,1,-93,0,6,2,10972766,0,68,0,0,10.6822,384,[0 0 0 0 0 0 0 0 0 0 0 0 1 11 1 11 1 11 1 10 1 10 1 10 2 10 1 10 2 10 2 9 2 9 2 9 2 9 3 9 3 9 3 8 3 8 3 8 4 8 4 8 4 8 4 8 4 8 4 8 4 8 4 8 0 0 4 8 4 8 4 9 4 8 4 9 4 9 3 9 3 9 3 8 3 9 3 8 2 8 2 8 2 8 2 8 1 8 1 8 1 7 0 7 0 7 0 7 -1 7 -1 6 -1 6 -1 6 -2 6 0 0 0 0 0 0 0 0 0 0 ]
CSI_DATA,AP,10:B4:1D:CC:60:E0,-22,11,1,7,1,1,1,1,0,0,1,-93,0,6,2,11060555,0,68,0,0,10.77,384,[0 0 0 0 0 0 0 0 0 0 0 0 -11 -5 -11 -5 -11 -5 -11 -4 -11 -4 -10 -4 -10 -4 -10 -4 -10 -4 -10 -3 -10 -3 -10 -3 -10 -3 -10 -2 -10 -2 -10 -2 -10 -2 -10 -1 -10 -1 -10 -1 -10 -1 -10 -1 -10 -1 -10 -1 -10 -1 -10 -1 0 0 -11 -1 -11 -1 -10 -1 -11 -1 -10 -1 -11 -1 -10 -2 -10 -2 -10 -2 -10 -2 -10 -2 -10 -2 -9 -3 -9 -3 -9 -3 -8 -3 -8 -3 -8 -3 -7 -4 -7 -4 -7 -4 -7 -4 -6 -4 -6 -4 -6 -4 -5 -5 0 0 0 0 0 0 0 0 0 0 ]
CSI_DATA,AP,10:B4:1D:CC:60:E0,-22,11,1,7,1,1,1,1,0,0,1,-93,0,6,2,11151678,0,68,0,0,10.8611,384,[0 0 0 0 0 0 0 0 0 0 0 0 -10 -7 -10 -7 -10 -6 -10 -6 -10 -6 -10 -6 -10 -6 -10 -6 -10 -5 -10 -5 -10 -5 -10 -5 -10 -4 -10 -4 -10 -4 -10 -3 -10 -3 -10 -3 -10 -3 -10 -3 -10 -2 -10 -2 -10 -2 -10 -2 -10 -2 -10 -2 0 0 -11 -2 -10 -2 -10 -2 -11 -3 -10 -3 -10 -3 -10 -3 -10 -3 -10 -3 -10 -3 -10 -4 -9 -4 -9 -4 -9 -4 -8 -4 -8 -4 -8 -4 -8 -4 -7 -4 -7 -4 -6 -5 -6 -5 -6 -5 -5 -5 -5 -5 -5 -5 0 0 0 0 0 0 0 0 0 0 ]
CSI_DATA,AP,10:B4:1D:CC:60:E0,-22,11,1,7,1,1,1,1,0,0,1,-93,0,6,2,11240724,0,68,0,0,10.9501,384,[0 0 0 0 0 0 0 0 0 0 0 0 -10 -7 -10 -7 -10 -6 -10 -6 -10 -6 -10 -6 -10 -6 -10 -6 -10 -5 -10 -5 -10 -5 -10 -5 -10 -4 -10 -4 -10 -3 -10 -3 -10 -3 -10 -3 -10 -3 -10 -3 -10 -3 -10 -2 -10 -3 -10 -2 -10 -2 -10 -2 0 0 -10 -2 -11 -2 -10 -2 -11 -2 -10 -3 -10 -3 -10 -3 -10 -3 -10 -3 -10 -4 -10 -4 -9 -4 -9 -4 -8 -4 -9 -4 -8 -4 -8 -4 -7 -4 -7 -4 -7 -4 -6 -5 -6 -5 -6 -5 -5 -5 -5 -5 -5 -5 0 0 0 0 0 0 0 0 0 0 ]
CSI_DATA,AP,10:B4:1D:CC:60:E0,-22,11,1,7,1,1,1,1,0,0,1,-93,0,6,2,11330584,0,68,0,0,11.04,384,[0 0 0 0 0 0 0 0 0 0 0 0 6 -10 6 -10 6 -10 6 -9 6 -10 5 -9 5 -9 5 -9 5 -9 5 -9 4 -9 4 -9 4 -9 4 -9 4 -10 3 -10 3 -9 3 -9 3 -10 3 -10 3 -10 3 -10 2 -10 2 -10 2 -10 2 -10 0 0 2 -10 2 -10 3 -10 3 -10 3 -10 3 -10 3 -10 4 -10 4 -9 4 -9 3 -9 4 -9 4 -9 4 -8 4 -8 4 -7 4 -7 4 -7 4 -6 4 -6 5 -6 5 -5 5 -5 5 -5 5 -4 5 -4 0 0 0 0 0 0 0 0 0 0 ]
CSI_DATA,AP,10:B4:1D:CC:60:E0,-22,11,1,7,1,1,1,1,0,0,1,-93,0,6,2,11420545,0,68,0,0,11.13,384,[0 0 0 0 0 0 0 0 0 0 0 0 -11 -5 -11 -5 -11 -5 -11 -4 -11 -4 -11 -4 -10 -4 -10 -4 -10 -4 -10 -3 -10 -3 -10 -3 -10 -3 -10 -2 -10 -2 -10 -2 -10 -2 -10 -1 -10 -1 -10 -1 -10 -1 -10 -1 -10 -1 -10 -1 -10 -1 -10 -1 0 0 -11 -1 -11 -1 -11 -1 -11 -1 -11 -1 -11 -1 -11 -1 -10 -2 -10 -2 -10 -2 -10 -2 -10 -2 -9 -3 -9 -3 -9 -3 -8 -3 -8 -3 -8 -3 -8 -3 -7 -4 -7 -4 -7 -4 -6 -4 -6 -4 -6 -4 -5 -5 0 0 0 0 0 0 0 0 0 0 ]
CSI_DATA,AP,10:B4:1D:CC:60:E0,-22,11,1,7,1,1,1,1,0,0,1,-93,0,6,2,11510602,0,68,0,0,11.22,384,[0 0 0 0 0 0 0 0 0 0 0 0 -2 -12 -2 -12 -3 -12 -2 -11 -3 -11 -3 -11 -3 -11 -3 -11 -3 -10 -3 -10 -4 -10 -4 -10 -4 -10 -4 -9 -5 -10 -5 -9 -5 -9 -5 -9 -5 -9 -5 -9 -5 -9 -6 -9 -6 -9 -6 -9 -6 -9 -6 -9 0 0 -6 -9 -6 -9 -6 -9 -6 -9 -6 -9 -6 -9 -5 -9 -5 -9 -5 -9 -5 -9 -5 -9 -5 -9 -4 -9 -4 -9 -3 -9 -3 -8 -3 -8 -3 -8 -3 -8 -2 -8 -2 -8 -1 -7 -1 -7 -1 -7 -1 -7 0 -7 0 0 0 0 0 0 0 0 0 0 ]
CSI_DATA,AP,10:B4:1D:CC:60:E0,-22,11,1,7,1,1,1,1,0,0,1,-93,0,6,2,11600526,0,68,0,0,11.3099,384,[0 0 0 0 0 0 0 0 0 0 0 0 -3 -12 -3 -12 -3 -11 -3 -11 -3 -11 -3 -11 -3 -11 -3 -11 -3 -10 -3 -10 -4 -10 -4 -10 -4 -10 -4 -9 -4 -9 -5 -9 -5 -9 -5 -9 -5 -9 -5 -9 -5 -9 -5 -9 -6 -9 -6 -9 -6 -9 -6 -9 0 0 -6 -9 -6 -9 -6 -9 -6 -9 -6 -9 -5 -9 -5 -10 -5 -9 -5 -9 -4 -9 -4 -9 -4 -9 -4 -9 -3 -9 -3 -9 -3 -8 -2 -8 -2 -8 -2 -8 -2 -8 -2 -8 -1 -8 -1 -7 -1 -7 0 -7 0 -7 0 0 0 0 0 0 0 0 0 0 ]
CSI_DATA,AP,10:B4:1D:CC:60:E0,-22,11,1,7,1,1,1,1,0,0,1,-93,0,6,2,11690643,0,68,0,0,11.4001,384,[0 0 0 0 0 0 0 0 0 0 0 0 -5 -11 -5 -11 -6 -10 -5 -10 -6 -10 -6 -10 -6 -10 -6 -10 -6 -9 -6 -9 -6 -9 -6 -9 -6 -9 -6 -8 -6 -8 -7 -8 -7 -8 -7 -8 -7 -8 -7 -7 -7 -7 -7 -7 -7 -7 -8 -7 -8 -7 -8 -7 0 0 -8 -8 -8 -8 -8 -8 -8 -8 -7 -8 -7 -8 -7 -8 -7 -8 -7 -8 -7 -8 -6 -8 -6 -8 -5 -8 -5 -8 -5 -8 -5 -8 -4 -8 -4 -8 -4 -8 -3 -7 -3 -7 -3 -7 -2 -7 -2 -7 -2 -7 -1 -7 0 0 0 0 0 0 0 0 0 0 ]
CSI_DATA,AP,10:B4:1D:CC:60:E0,-22,11,1,7,1,1,1,1,0,0,1,-93,0,6,2,11780646,0,68,0,0,11.4901,384,[0 0 0 0 0 0 0 0 0 0 0 0 -6 9 -6 9 -6 9 -6 9 -6 9 -5 9 -5 9 -5 9 -5 9 -4 9 -4 9 -4 9 -4 9 -3 9 -3 9 -3 9 -3 9 -2 9 -2 9 -2 9 -2 9 -2 9 -2 9 -2 9 -2 9 -2 9 0 0 -2 9 -2 10 -2 10 -2 9 -2 10 -2 10 -3 9 -3 9 -3 9 -3 9 -3 8 -3 8 -3 8 -4 8 -4 7 -4 7 -4 7 -4 6 -4 6 -4 6 -4 6 -5 5 -5 5 -5 5 -4 4 -5 4 0 0 0 0 0 0 0 0 0 0 ]
CSI_DATA,AP,10:B4:1D:CC:60:E0,-22,11,1,7,1,1,1,1,0,0,1,-93,0,6,2,11870463,0,68,0,0,11.5799,384,[0 0 0 0 0 0 0 0 0 0 0 0 7 -9 7 -9 7 -9 7 -9 7 -9 6 -9 6 -9 6 -9 6 -9 5 -9 5 -9 5 -9 4 -9 4 -9 4 -9 4 -9 4 -9 3 -9 3 -10 3 -10 3 -9 3 -10 3 -10 3 -10 3 -10 2 -10 0 0 3 -10 3 -10 3 -10 3 -10 3 -10 3 -10 4 -10 3 -10 4 -9 4 -9 4 -9 4 -9 4 -9 4 -8 4 -8 4 -7 4 -7 4 -7 4 -6 4 -6 4 -6 5 -6 5 -5 5 -5 4 -5 5 -4 0 0 0 0 0 0 0 0 0 0 ]
CSI_DATA,AP,10:B4:1D:CC:60:E0,-22,11,1,7,1,1,1,1,0,0,1,-93,0,6,2,11962615,0,68,0,0,11.672,384,[0 0 0 0 0 0 0 0 0 0 0 0 7 -9 7 -9 6 -9 6 -9 6 -9 6 -9 6 -9 5 -9 5 -9 5 -9 4 -9 4 -9 4 -9 4 -9 4 -10 3 -9 3 -9 3 -9 3 -10 3 -10 3 -10 3 -10 2 -10 2 -10 2 -10 2 -10 0 0 3 -10 2 -10 3 -10 2 -10 3 -10 3 -10 3 -10 3 -10 3 -9 3 -9 3 -9 4 -9 4 -9 4 -8 4 -8 4 -8 4 -7 4 -7 4 -7 4 -6 4 -6 4 -6 4 -5 4 -5 4 -5 5 -4 0 0 0 0 0 0 0 0 0 0 ]
CSI_DATA,AP,10:B4:1D:CC:60:E0,-22,11,1,7,1,1,1,1,0,0,1,-93,0,6,2,12050628,0,68,0,0,11.76,384,[0 0 0 0 0 0 0 0 0 0 0 0 6 -10 6 -9 6 -10 6 -9 6 -9 5 -10 5 -9 5 -9 5 -9 5 -9 5 -9 4 -9 4 -9 4 -9 4 -9 3 -9 3 -9 3 -9 3 -10 3 -10 3 -10 2 -10 2 -10 2 -10 2 -10 2 -10 0 0 2 -10 2 -10 2 -10 2 -10 3 -10 3 -10 3 -10 3 -10 3 -9 3 -9 4 -9 4 -9 4 -8 4 -8 4 -8 4 -7 4 -7 4 -7 4 -6 4 -6 4 -6 4 -6 4 -5 5 -5 5 -4 5 -4 0 0 0 0 0 0 0 0 0 0 ]
CSI_DATA,AP,10:B4:1D:CC:60:E0,-22,11,1,7,1,1,1,1,0,0,1,-93,0,6,2,12140581,0,68,0,0,11.85,384,[0 0 0 0 0 0 0 0 0 0 0 0 -7 -10 -7 -10 -7 -9 -7 -10 -7 -9 -7 -9 -7 -9 -7 -9 -7 -9 -7 -8 -7 -8 -7 -8 -7 -8 -8 -7 -8 -7 -8 -7 -8 -7 -8 -7 -8 -6 -8 -6 -8 -6 -8 -6 -8 -6 -9 -6 -9 -6 -9 -6 0 0 -9 -6 -9 -6 -9 -6 -9 -6 -9 -7 -9 -7 -8 -7 -8 -7 -8 -7 -8 -7 -8 -7 -7 -7 -7 -7 -6 -7 -6 -7 -6 -7 -5 -7 -5 -7 -5 -7 -5 -6 -4 -7 -4 -6 -4 -7 -3 -7 -3 -6 -3 -6 0 0 0 0 0 0 0 0 0 0 ]
CSI_DATA,AP,10:B4:1D:CC:60:E0,-19,11,1,7,0,1,1,1,0,0,1,-93,0,6,2,12231112,0,68,0,0,11.9405,256,[0 0 0 0 0 0 0 0 0 0 0 0 -10 13 -9 12 -10 13 -9 12 -9 13 -8 12 -8 12 -8 12 -7 12 -8 13 -7 12 -7 12 -6 12 -6 12 -5 12 -5 13 -5 12 -5 13 -4 13 -4 13 -4 13 -4 13 -3 13 -3 13 -3 13 -3 13 0 0 -3 13 -3 14 -3 13 -4 14 -4 13 -4 13 -4 13 -5 13 -5 13 -5 13 -5 12 -5 12 -5 11 -5 10 -6 11 -6 10 -7 10 -6 9 -6 9 -6 8 -7 8 -6 8 -7 7 -7 7 -7 6 -7 5 0 0 0 0 0 0 0 0 0 0 ]
CSI_DATA,AP,10:B4:1D:CC:60:E0,-22,11,1,7,1,1,1,1,0,0,1,-93,0,6,2,12320743,0,68,0,0,12.0302,384,[0 0 0 0 0 0 0 0 0 0 0 0 2 -12 1 -12 1 -12 1 -11 1 -11 1 -11 0 -11 0 -11 0 -11 0 -11 0 -10 0 -10 -1 -11 -1 -10 -1 -10 -2 -10 -2 -10 -2 -10 -2 -10 -2 -10 -2 -10 -3 -10 -3 -10 -3 -10 -3 -10 -3 -10 0 0 -3 -10 -3 -10 -3 -10 -3 -10 -3 -11 -2 -10 -2 -11 -2 -10 -2 -10 -2 -10 -1 -10 -1 -10 -1 -10 -1 -9 -1 -9 -1 -9 0 -9 0 -8 0 -8 0 -8 0 -8 1 -7 1 -7 1 -7 1 -7 2 -6 0 0 0 0 0 0 0 0 0 0 ]
CSI_DATA,AP,10:B4:1D:CC:60:E0,-22,11,1,7,1,1,1,1,0,0,1,-93,0,6,2,12410620,0,68,0,0,12.12,384,[0 0 0 0 0 0 0 0 0 0 0 0 9 7 9 6 9 6 9 6 8 6 8 6 8 5 8 5 8 5 8 4 8 5 8 4 8 4 8 4 9 4 8 3 9 3 8 3 9 3 9 2 9 2 9 2 9 2 9 2 9 2 9 2 0 0 9 2 9 2 9 2 9 3 9 3 9 3 9 3 9 3 9 3 8 4 8 4 8 4 7 4 7 4 7 4 6 4 6 4 6 4 5 4 5 4 5 4 5 4 4 4 4 4 3 5 3 5 0 0 0 0 0 0 0 0 0 0 ]
CSI_DATA,AP,10:B4:1D:CC:60:E0,-22,11,1,7,1,1,1,1,0,0,1,-93,0,6,2,12500651,0,68,0,0,12.2101,384,[0 0 0 0 0 0 0 0 0 0 0 0 -8 -9 -8 -9 -8 -9 -8 -8 -8 -8 -8 -8 -8 -8 -8 -8 -8 -7 -8 -7 -8 -7 -8 -7 -8 -6 -8 -6 -8 -6 -9 -6 -8 -6 -9 -5 -9 -5 -9 -5 -9 -5 -9 -5 -9 -5 -9 -5 -9 -5 -9 -5 0 0 -9 -5 -9 -5 -9 -5 -9 -6 -9 -5 -9 -6 -9 -6 -9 -6 -8 -6 -8 -6 -8 -6 -8 -6 -7 -6 -7 -6 -7 -7 -6 -6 -6 -7 -6 -6 -5 -7 -5 -7 -4 -7 -4 -6 -4 -6 -4 -6 -3 -6 -3 -6 0 0 0 0 0 0 0 0 0 0 ]
CSI_DATA,AP,10:B4:1D:CC:60:E0,-22,11,1,7,1,1,1,1,0,0,1,-93,0,6,2,12590461,0,68,0,0,12.2999,384,[0 0 0 0 0 0 0 0 0 0 0 0 -12 3 -11 3 -11 3 -11 3 -11 3 -11 3 -10 3 -10 3 -10 3 -10 4 -10 4 -9 4 -9 4 -9 4 -9 4 -9 4 -8 5 -8 5 -8 5 -8 5 -8 5 -8 6 -8 6 -8 6 -8 6 -8 6 0 0 -8 6 -8 6 -8 6 -8 6 -8 6 -9 6 -9 6 -9 5 -9 5 -9 5 -8 4 -8 4 -8 4 -8 4 -8 3 -8 3 -8 3 -8 2 -8 2 -7 2 -8 1 -7 1 -7 1 -7 1 -7 0 -7 0 0 0 0 0 0 0 0 0 0 0 ]
CSI_DATA,AP,10:B4:1D:CC:60:E0,-22,11,1,7,1,1,1,1,0,0,1,-93,0,6,2,12680601,0,68,0,0,12.39,384,[0 0 0 0 0 0 0 0 0 0 0 0 -11 5 -11 4 -10 5 -10 5 -10 5 -10 5 -10 5 -10 5 -9 5 -9 5 -9 5 -8 5 -8 6 -8 6 -8 6 -8 6 -8 6 -7 6 -7 7 -7 7 -7 6 -7 7 -7 7 -7 7 -7 7 -7 7 0 0 -7 7 -7 7 -7 7 -7 7 -8 7 -8 7 -8 7 -8 6 -8 6 -8 6 -8 5 -8 5 -8 5 -8 5 -8 4 -8 4 -7 4 -7 3 -7 3 -7 2 -7 2 -7 2 -7 2 -7 2 -7 1 -7 1 0 0 0 0 0 0 0 0 0 0 ]
CSI_DATA,AP,10:B4:1D:CC:60:E0,-22,11,1,7,1,1,1,1,0,0,1,-93,0,6,2,12770555,0,68,0,0,12.48,384,[0 0 0 0 0 0 0 0 0 0 0 0 -9 7 -9 7 -9 7 -9 7 -9 7 -8 7 -8 7 -8 7 -8 7 -7 7 -7 7 -7 7 -7 7 -7 7 -6 8 -6 7 -6 7 -5 8 -5 8 -5 8 -5 8 -5 8 -5 8 -5 8 -5 9 -5 8 0 0 -5 9 -5 9 -5 9 -5 8 -5 9 -5 9 -6 8 -6 8 -6 8 -6 8 -6 7 -6 7 -6 7 -6 7 -6 6 -6 6 -6 6 -6 5 -6 5 -6 4 -6 4 -6 4 -6 4 -6 3 -6 3 -6 2 0 0 0 0 0 0 0 0 0 0 ]
CSI_DATA,AP,10:B4:1D:CC:60:E0,-22,11,1,7,1,1,1,1,0,0,1,-93,0,6,2,12860616,0,68,0,0,12.57,384,[0 0 0 0 0 0 0 0 0 0 0 0 -6 -11 -6 -10 -6 -10 -6 -10 -6 -10 -6 -10 -6 -9 -6 -9 -6 -9 -7 -9 -7 -8 -7 -8 -7 -8 -7 -8 -7 -8 -7 -8 -8 -7 -8 -7 -8 -7 -8 -7 -8 -7 -8 -7 -8 -7 -8 -7 -8 -7 -9 -7 0 0 -9 -7 -8 -7 -8 -7 -8 -7 -8 -7 -8 -7 -8 -8 -8 -8 -7 -8 -7 -7 -7 -7 -7 -8 -6 -7 -6 -8 -6 -7 -5 -7 -5 -7 -5 -7 -4 -7 -4 -7 -4 -7 -3 -7 -3 -7 -3 -7 -3 -7 -2 -6 0 0 0 0 0 0 0 0 0 0 ]
CSI_DATA,AP,10:B4:1D:CC:60:E0,-22,11,1,7,1,1,1,1,0,0,1,-93,0,6,2,12950626,0,68,0,0,12.66,384,[0 0 0 0 0 0 0 0 0 0 0 0 -9 8 -9 7 -8 8 -8 7 -8 8 -8 8 -7 7 -7 7 -7 7 -7 8 -7 8 -6 8 -6 8 -6 8 -5 8 -5 8 -5 8 -5 8 -5 8 -5 8 -5 8 -4 9 -4 8 -4 9 -4 9 -4 9 0 0 -4 9 -4 9 -4 9 -4 9 -5 9 -5 9 -5 9 -5 8 -5 8 -5 8 -5 8 -5 8 -5 7 -5 7 -5 7 -5 6 -6 6 -5 6 -5 5 -5 5 -6 5 -6 4 -6 4 -6 4 -6 3 -6 3 0 0 0 0 0 0 0 0 0 0 ]
CSI_DATA,AP,10:B4:1D:CC:60:E0,-22,11,1,7,1,1,1,1,0,0,1,-93,0,6,2,13040609,0,68,0,0,12.75,384,[0 0 0 0 0 0 0 0 0 0 0 0 -6 9 -6 9 -6 9 -5 9 -5 9 -5 9 -5 9 -5 9 -4 9 -4 9 -4 9 -4 9 -4 9 -3 9 -3 9 -3 9 -3 9 -2 9 -2 9 -2 9 -2 9 -2 9 -2 9 -2 9 -1 9 -1 9 0 0 -2 9 -2 9 -2 9 -2 9 -2 9 -2 9 -2 9 -3 9 -3 9 -3 8 -3 8 -3 8 -3 8 -4 8 -4 7 -4 7 -4 7 -4 6 -4 6 -4 6 -4 5 -4 5 -5 5 -5 5 -4 4 -5 4 0 0 0 0 0 0 0 0 0 0 ]
CSI_DATA,AP,10:B4:1D:CC:60:E0,-22,11,1,7,1,1,1,1,0,0,1,-93,0,6,2,13130773,0,68,0,0,12.8402,384,[0 0 0 0 0 0 0 0 0 0 0 0 3 10 3 10 3 10 3 10 3 9 3 10 3 9 3 9 3 9 3 9 4 9 4 8 4 8 4 8 4 8 4 8 4 8 5 7 5 8 5 7 5 7 5 7 5 7 5 7 5 7 5 7 0 0 5 8 5 8 5 8 5 8 5 8 5 8 5 8 4 8 4 8 4 8 4 8 3 8 3 8 3 7 3 7 2 7 2 7 2 7 1 7 1 6 1 7 0 6 0 6 0 6 0 6 -1 6 0 0 0 0 0 0 0 0 0 0 ]
CSI_DATA,AP,10:B4:1D:CC:60:E0,-22,11,1,7,1,1,1,1,0,0,1,-93,0,6,2,13220602,0,68,0,0,12.93,384,[0 0 0 0 0 0 0 0 0 0 0 0 6 9 6 9 6 9 6 8 6 8 6 8 6 8 6 8 6 8 6 7 6 7 6 7 6 6 7 6 7 6 7 6 7 6 7 6 7 6 7 5 7 6 7 5 7 5 8 5 8 5 8 5 0 0 8 5 8 5 8 6 8 6 7 6 7 6 7 6 7 6 7 6 7 6 6 6 6 6 6 6 5 6 5 7 4 6 4 6 4 6 3 6 3 6 3 6 2 6 2 6 2 6 2 6 1 6 0 0 0 0 0 0 0 0 0 0 ]
CSI_DATA,AP,10:B4:1D:CC:60:E0,-22,11,1,7,1,1,1,1,0,0,1,-93,0,6,2,13310517,0,68,0,0,13.0199,384,[0 0 0 0 0 0 0 0 0 0 0 0 -9 -8 -9 -8 -9 -7 -9 -7 -9 -7 -9 -7 -9 -7 -9 -6 -9 -6 -9 -6 -9 -6 -9 -6 -9 -5 -9 -5 -9 -5 -9 -5 -9 -4 -9 -4 -9 -4 -9 -4 -9 -4 -9 -4 -10 -4 -10 -3 -10 -3 -10 -3 0 0 -10 -4 -10 -4 -10 -4 -10 -4 -10 -4 -10 -4 -10 -4 -9 -4 -9 -5 -9 -5 -9 -5 -8 -5 -8 -5 -8 -5 -8 -5 -7 -5 -7 -5 -7 -5 -6 -5 -6 -5 -6 -5 -5 -5 -5 -5 -5 -5 -4 -6 -4 -6 0 0 0 0 0 0 0 0 0 0 ]
CSI_DATA,AP,10:B4:1D:CC:60:E0,-22,11,1,7,1,1,1,1,0,0,1,-93,0,6,2,13400657,0,68,0,0,13.1101,384,[0 0 0 0 0 0 0 0 0 0 0 0 7 -9 7 -9 7 -9 7 -9 7 -9 7 -9 6 -9 6 -8 6 -8 6 -8 5 -9 5 -8 5 -9 5 -9 5 -9 4 -9 4 -9 4 -9 4 -9 4 -9 4 -9 4 -10 4 -9 3 -10 3 -10 3 -10 0 0 4 -10 4 -10 4 -10 4 -10 4 -10 4 -10 5 -9 4 -9 5 -9 5 -8 5 -8 5 -8 5 -8 5 -7 5 -7 5 -7 5 -7 5 -6 5 -5 5 -5 5 -5 5 -5 5 -5 5 -4 5 -4 5 -3 0 0 0 0 0 0 0 0 0 0 ]
CSI_DATA,AP,10:B4:1D:CC:60:E0,-22,11,1,7,1,1,1,1,0,0,1,-93,0,6,2,13490813,0,68,0,0,13.2002,384,[0 0 0 0 0 0 0 0 0 0 0 0 11 3 10 3 11 2 10 2 10 2 10 2 10 2 10 2 10 2 10 1 10 1 9 1 9 0 9 0 9 0 9 0 9 0 9 -1 9 -1 9 -1 9 -1 9 -1 9 -1 9 -2 9 -2 9 -2 0 0 10 -1 10 -2 9 -2 10 -2 10 -1 10 -1 10 -1 9 -1 9 0 9 0 9 0 9 0 8 0 8 0 8 1 8 1 8 1 7 1 7 1 7 2 7 2 6 2 6 2 6 2 5 2 5 3 0 0 0 0 0 0 0 0 0 0 ]
CSI_DATA,AP,10:B4:1D:CC:60:E0,-22,11,1,7,1,1,1,1,0,0,1,-93,0,6,2,13580577,0,68,0,0,13.29,384,[0 0 0 0 0 0 0 0 0 0 0 0 -12 -1 -11 -1 -12 -1 -11 -1 -11 -1 -11 -1 -11 -1 -11 0 -11 0 -10 0 -10 0 -10 1 -10 1 -10 1 -10 1 -10 1 -9 1 -10 2 -9 2 -10 2 -9 2 -10 2 -10 3 -10 3 -9 3 -10 3 0 0 -10 3 -10 3 -10 3 -10 3 -10 3 -10 2 -10 2 -10 2 -10 1 -10 1 -10 1 -9 1 -9 1 -9 1 -9 0 -9 0 -8 0 -8 0 -8 -1 -8 -1 -8 -1 -7 -1 -7 -2 -7 -2 -7 -2 -6 -2 0 0 0 0 0 0 0 0 0 0 ]
CSI_DATA,AP,10:B4:1D:CC:60:E0,-22,11,1,7,1,1,1,1,0,0,1,-93,0,6,2,13670452,0,68,0,0,13.3799,384,[0 0 0 0 0 0 0 0 0 0 0 0 -9 7 -9 7 -9 7 -8 7 -8 7 -8 7 -7 7 -7 7 -7 7 -7 7 -7 7 -7 7 -6 8 -6 8 -6 8 -5 8 -5 8 -5 8 -5 8 -5 8 -5 8 -4 8 -4 8 -4 9 -4 9 -4 9 0 0 -5 9 -4 9 -4 9 -5 9 -5 9 -5 9 -5 9 -5 8 -5 8 -5 8 -5 7 -6 7 -6 7 -6 7 -6 6 -6 6 -6 6 -6 5 -6 5 -6 5 -6 4 -6 4 -6 4 -6 3 -6 3 -6 3 0 0 0 0 0 0 0 0 0 0 ]
CSI_DATA,AP,10:B4:1D:CC:60:E0,-22,11,1,7,1,1,1,1,0,0,1,-93,0,6,2,13760575,0,68,0,0,13.47,384,[0 0 0 0 0 0 0 0 0 0 0 0 6 -10 6 -10 6 -10 6 -10 5 -10 5 -10 5 -9 5 -10 5 -9 4 -10 4 -10 4 -9 3 -10 3 -10 3 -10 3 -9 3 -10 2 -10 2 -10 2 -10 2 -10 2 -10 2 -10 2 -10 2 -10 2 -10 0 0 2 -10 2 -10 2 -11 2 -10 2 -10 3 -10 3 -10 3 -10 3 -10 3 -9 3 -9 3 -9 3 -9 3 -8 3 -8 4 -8 4 -7 4 -7 4 -7 4 -6 4 -6 4 -6 4 -6 4 -5 4 -5 4 -4 0 0 0 0 0 0 0 0 0 0 ]
CSI_DATA,AP,10:B4:1D:CC:60:E0,-22,11,1,7,1,1,1,1,0,0,1,-93,0,6,2,13850519,0,68,0,0,13.5599,384,[0 0 0 0 0 0 0 0 0 0 0 0 -12 2 -11 2 -12 2 -11 2 -11 2 -11 2 -11 2 -11 2 -10 2 -10 3 -10 3 -10 3 -10 3 -10 3 -9 4 -9 4 -9 4 -9 4 -9 4 -9 5 -9 5 -9 5 -9 5 -9 5 -9 5 -9 5 0 0 -9 5 -9 5 -9 5 -9 5 -9 5 -9 5 -9 5 -9 4 -9 4 -9 4 -9 3 -9 3 -9 3 -9 3 -9 3 -8 2 -9 2 -8 1 -8 1 -8 1 -8 1 -8 1 -8 0 -7 0 -7 -1 -7 -1 0 0 0 0 0 0 0 0 0 0 ]
CSI_DATA,AP,10:B4:1D:CC:60:E0,-22,11,1,7,1,1,1,1,0,0,1,-93,0,6,2,13940586,0,68,0,0,13.65,384,[0 0 0 0 0 0 0 0 0 0 0 0 -11 3 -11 3 -11 3 -11 3 -11 3 -10 4 -10 3 -10 3 -10 3 -10 4 -9 4 -9 4 -9 5 -9 5 -9 5 -9 5 -9 5 -8 5 -8 5 -9 5 -8 5 -8 5 -8 6 -8 6 -8 6 -8 6 0 0 -9 6 -8 6 -8 6 -8 6 -9 6 -9 5 -9 5 -9 5 -9 4 -9 4 -9 4 -9 4 -9 4 -9 3 -8 3 -8 2 -8 2 -8 2 -8 1 -8 1 -8 1 -8 1 -7 1 -7 0 -7 0 -7 -1 0 0 0 0 0 0 0 0 0 0 ]
CSI_DATA,AP,10:B4:1D:CC:60:E0,-22,11,1,7,1,1,1,1,0,0,1,-93,0,6,2,14030555,0,68,0,0,13.74,384,[0 0 0 0 0 0 0 0 0 0 0 0 10 5 9 5 10 5 9 4 9 4 9 4 9 4 9 4 9 3 9 3 9 3 9 3 9 3 9 2 9 2 9 2 9 2 9 2 9 1 9 1 9 1 9 1 9 1 9 1 9 1 9 1 0 0 10 1 10 1 9 1 10 1 9 1 10 1 9 2 9 2 9 2 9 2 9 2 8 2 8 3 8 3 8 3 7 3 7 3 6 3 6 3 6 3 6 3 5 3 5 4 5 4 4 4 4 4 0 0 0 0 0 0 0 0 0 0 ]
CSI_DATA,AP,10:B4:1D:CC:60:E0,-22,11,1,7,1,1,1,1,0,0,1,-93,0,6,2,14121308,0,68,0,0,13.8307,384,[0 0 0 0 0 0 0 0 0 0 0 0 9 6 9 6 9 6 9 5 9 5 9 5 9 5 9 5 9 4 9 4 9 4 9 3 9 3 9 3 9 3 9 3 9 3 9 2 9 2 9 2 9 2 9 2 9 1 9 1 9 1 9 1 0 0 9 2 10 1 9 1 9 2 9 2 9 2 9 2 9 2 9 3 9 3 8 3 8 3 8 3 8 3 7 3 7 3 7 3 6 3 6 4 6 4 5 4 5 4 5 4 4 4 4 4 4 4 0 0 0 0 0 0 0 0 0 0 ]
CSI_DATA,AP,10:B4:1D:CC:60:E0,-22,11,1,7,1,1,1,1,0,0,1,-93,0,6,2,14210574,0,68,0,0,13.92,384,[0 0 0 0 0 0 0 0 0 0 0 0 -3 -12 -3 -11 -3 -11 -3 -11 -3 -11 -3 -10 -3 -11 -4 -10 -4 -10 -4 -10 -4 -10 -4 -9 -5 -9 -5 -9 -5 -9 -5 -9 -5 -9 -6 -9 -6 -8 -6 -9 -6 -8 -6 -8 -6 -8 -6 -8 -6 -8 -6 -8 0 0 -6 -9 -6 -9 -6 -8 -7 -9 -6 -9 -6 -9 -6 -9 -5 -9 -5 -9 -5 -9 -5 -9 -5 -9 -4 -9 -4 -8 -4 -8 -3 -8 -3 -8 -3 -8 -3 -8 -2 -7 -2 -7 -2 -7 -1 -7 -1 -7 -1 -7 -1 -7 0 0 0 0 0 0 0 0 0 0 ]
CSI_DATA,AP,10:B4:1D:CC:60:E0,-22,11,1,7,1,1,1,1,0,0,1,-93,0,6,2,14300653,0,68,0,0,14.0101,384,[0 0 0 0 0 0 0 0 0 0 0 0 -7 -10 -7 -10 -7 -10 -7 -10 -7 -9 -7 -9 -7 -9 -7 -9 -7 -9 -7 -8 -7 -8 -7 -8 -7 -8 -8 -7 -8 -7 -7 -7 -8 -7 -8 -7 -8 -7 -8 -7 -8 -6 -8 -6 -8 -6 -9 -6 -9 -6 -9 -6 0 0 -9 -7 -8 -6 -9 -7 -8 -6 -9 -7 -8 -7 -8 -7 -8 -7 -8 -7 -7 -7 -7 -7 -7 -7 -6 -7 -6 -7 -6 -7 -6 -7 -5 -7 -5 -7 -5 -7 -4 -7 -4 -7 -3 -7 -3 -7 -3 -7 -3 -7 -2 -7 0 0 0 0 0 0 0 0 0 0 ]
CSI_DATA,AP,10:B4:1D:CC:60:E0,-22,11,1,7,1,1,1,1,0,0,1,-93,0,6,2,14390488,0,68,0,0,14.0999,384,[0 0 0 0 0 0 0 0 0 0 0 0 11 -2 11 -2 11 -2 10 -2 10 -2 10 -2 10 -2 10 -2 10 -2 9 -3 9 -3 9 -3 9 -4 9 -4 9 -4 9 -4 9 -4 8 -4 8 -5 8 -5 8 -4 8 -5 8 -5 8 -5 8 -5 8 -6 0 0 9 -5 8 -5 9 -5 9 -5 9 -5 9 -5 9 -4 9 -4 9 -4 9 -3 8 -3 8 -3 8 -3 8 -3 8 -2 8 -2 7 -2 7 -2 7 -1 7 -1 7 -1 7 0 6 0 6 0 6 0 6 1 0 0 0 0 0 0 0 0 0 0 ]
CSI_DATA,AP,10:B4:1D:CC:60:E0,-22,11,1,7,1,1,1,1,0,0,1,-93,0,6,2,14480659,0,68,0,0,14.1901,384,[0 0 0 0 0 0 0 0 0 0 0 0 -10 5 -10 5 -10 5 -10 5 -10 5 -10 5 -9 5 -9 5 -9 5 -9 5 -8 6 -8 6 -8 6 -8 6 -8 6 -7 6 -7 6 -7 6 -7 7 -7 7 -7 7 -7 7 -7 7 -6 8 -6 8 -6 8 0 0 -7 8 -7 8 -7 8 -7 7 -7 7 -7 7 -7 7 -7 7 -7 6 -7 6 -7 6 -7 6 -7 6 -7 5 -7 4 -7 4 -7 4 -7 4 -7 3 -7 3 -7 3 -7 3 -7 2 -7 2 -6 2 -7 1 0 0 0 0 0 0 0 0 0 0 ]
CSI_DATA,AP,10:B4:1D:CC:60:E0,-22,11,1,7,1,1,1,1,0,0,1,-93,0,6,2,14570689,0,68,0,0,14.2801,384,[0 0 0 0 0 0 0 0 0 0 0 0 -9 -9 -8 -9 -9 -8 -8 -8 -8 -8 -8 -8 -8 -8 -8 -8 -8 -7 -8 -7 -8 -7 -8 -6 -8 -6 -9 -6 -9 -6 -9 -6 -9 -5 -9 -5 -9 -5 -9 -5 -9 -5 -9 -5 -9 -5 -10 -4 -10 -4 -10 -5 0 0 -10 -5 -10 -5 -9 -5 -10 -5 -9 -5 -9 -5 -9 -6 -9 -6 -9 -6 -8 -6 -8 -6 -8 -6 -8 -6 -7 -6 -7 -6 -7 -6 -6 -6 -6 -6 -6 -6 -5 -6 -5 -6 -5 -6 -4 -6 -4 -6 -4 -6 -3 -6 0 0 0 0 0 0 0 0 0 0 ]
CSI_DATA,AP,10:B4:1D:CC:60:E0,-22,11,1,7,1,1,1,1,0,0,1,-93,0,6,2,14660571,0,68,0,0,14.37,384,[0 0 0 0 0 0 0 0 0 0 0 0 -6 -11 -6 -11 -5 -10 -5 -10 -6 -10 -6 -10 -5 -10 -6 -10 -6 -10 -6 -9 -6 -9 -6 -9 -6 -8 -7 -8 -7 -8 -7 -8 -7 -8 -7 -8 -7 -8 -7 -8 -7 -8 -7 -7 -8 -7 -8 -7 -8 -7 -8 -7 0 0 -8 -8 -8 -8 -8 -8 -8 -8 -8 -8 -7 -8 -7 -8 -7 -8 -7 -8 -6 -8 -7 -8 -6 -8 -6 -8 -5 -8 -5 -8 -5 -8 -4 -8 -4 -8 -4 -8 -3 -7 -3 -7 -3 -7 -2 -7 -2 -7 -2 -7 -1 -7 0 0 0 0 0 0 0 0 0 0 ]
CSI_DATA,AP,10:B4:1D:CC:60:E0,-22,11,1,7,1,1,1,1,0,0,1,-93,0,6,2,14751116,0,68,0,0,14.4605,384,[0 0 0 0 0 0 0 0 0 0 0 0 10 -3 10 -3 10 -3 10 -3 10 -3 9 -3 9 -4 9 -4 9 -4 9 -4 9 -4 8 -4 8 -4 8 -5 8 -5 8 -5 8 -5 8 -5 8 -5 8 -6 7 -6 7 -6 7 -6 7 -6 7 -6 7 -6 0 0 8 -6 8 -6 7 -6 8 -6 8 -6 8 -6 8 -5 8 -5 8 -5 8 -5 8 -4 8 -4 8 -4 8 -4 7 -3 7 -3 7 -3 7 -2 7 -2 7 -2 6 -1 6 -1 6 -1 6 -1 6 0 5 0 0 0 0 0 0 0 0 0 0 0 ]
CSI_DATA,AP,10:B4:1D:CC:60:E0,-22,11,1,7,1,1,1,1,0,0,1,-93,0,6,2,14840534,0,68,0,0,14.5499,384,[0 0 0 0 0 0 0 0 0 0 0 0 -4 -12 -4 -11 -4 -11 -4 -11 -4 -11 -4 -11 -4 -10 -4 -10 -5 -10 -5 -10 -5 -10 -5 -9 -5 -9 -5 -9 -6 -9 -6 -9 -6 -9 -6 -8 -6 -8 -6 -8 -6 -8 -7 -8 -7 -8 -7 -8 -7 -8 -7 -8 0 0 -7 -8 -7 -8 -7 -8 -7 -8 -7 -9 -7 -9 -7 -9 -6 -9 -6 -9 -6 -9 -6 -8 -5 -9 -5 -9 -5 -9 -4 -8 -4 -8 -4 -8 -4 -8 -3 -8 -3 -8 -3 -8 -2 -8 -2 -7 -2 -7 -1 -7 -1 -7 0 0 0 0 0 0 0 0 0 0 ]
CSI_DATA,AP,10:B4:1D:CC:60:E0,-22,11,1,7,1,1,1,1,0,0,1,-93,0,6,2,14932227,0,68,0,0,14.6416,384,[0 0 0 0 0 0 0 0 0 0 0 0 -3 11 -3 10 -3 10 -3 10 -3 10 -3 10 -3 10 -2 10 -2 10 -2 10 -2 10 -1 9 -1 9 -1 9 -1 9 -1 9 0 9 0 9 0 9 0 9 0 9 0 9 1 9 1 9 1 9 1 9 0 0 1 10 1 10 1 10 1 10 1 10 0 10 0 10 0 10 -1 9 -1 9 -1 9 -1 9 -1 9 -2 8 -2 8 -2 8 -2 8 -2 7 -2 7 -3 7 -3 6 -3 6 -3 6 -3 6 -3 5 -4 5 0 0 0 0 0 0 0 0 0 0 ]
CSI_DATA,AP,10:B4:1D:CC:60:E0,-22,11,1,7,1,1,1,1,0,0,1,-93,0,6,2,15020477,0,68,0,0,14.7299,384,[0 0 0 0 0 0 0 0 0 0 0 0 5 -11 5 -10 5 -11 5 -10 4 -10 4 -10 4 -10 4 -10 4 -10 3 -10 3 -10 3 -10 3 -10 3 -10 2 -10 2 -10 2 -10 1 -10 1 -10 1 -10 1 -10 1 -10 1 -10 1 -11 1 -10 1 -10 0 0 1 -11 1 -11 1 -11 1 -11 1 -11 1 -11 2 -11 2 -10 2 -10 2 -10 2 -10 3 -9 3 -9 3 -9 3 -8 3 -8 3 -8 3 -8 3 -7 3 -7 3 -7 4 -6 4 -6 4 -6 4 -5 4 -5 0 0 0 0 0 0 0 0 0 0 ]
CSI_DATA,AP,10:B4:1D:CC:60:E0,-22,11,1,7,1,1,1,1,0,0,1,-93,0,6,2,15110702,0,68,0,0,14.8201,384,[0 0 0 0 0 0 0 0 0 0 0 0 11 0 10 0 11 0 10 -1 11 -1 10 -1 10 -1 10 -1 10 -1 10 -1 9 -1 9 -2 9 -2 9 -2 9 -2 9 -2 9 -3 9 -3 9 -3 9 -3 9 -3 9 -4 9 -3 9 -4 9 -4 9 -4 0 0 9 -4 9 -4 9 -4 9 -3 9 -3 9 -3 9 -3 9 -3 9 -2 9 -2 9 -2 9 -2 9 -1 8 -1 8 -1 8 0 8 0 7 0 7 0 7 1 7 1 7 1 6 1 6 1 6 2 5 2 0 0 0 0 0 0 0 0 0 0 ]
CSI_DATA,AP,10:B4:1D:CC:60:E0,-22,11,1,7,1,1,1,1,0,0,1,-93,0,6,2,15200627,0,68,0,0,14.91,384,[0 0 0 0 0 0 0 0 0 0 0 0 8 -7 8 -7 8 -8 8 -7 8 -8 7 -7 7 -7 7 -7 7 -7 7 -8 6 -8 6 -8 6 -8 5 -8 5 -8 5 -8 5 -8 5 -8 5 -9 5 -9 4 -9 4 -9 4 -9 4 -9 4 -9 4 -9 0 0 4 -9 4 -10 4 -9 4 -9 4 -9 5 -9 5 -9 5 -9 5 -8 5 -8 5 -8 5 -8 5 -8 5 -7 5 -7 5 -6 5 -7 5 -6 5 -6 5 -5 5 -5 5 -5 5 -5 5 -4 5 -4 5 -3 0 0 0 0 0 0 0 0 0 0 ]
CSI_DATA,AP,10:B4:1D:CC:60:E0,-22,11,1,7,1,1,1,1,0,0,1,-93,0,6,2,15290632,0,68,0,0,15.0001,384,[0 0 0 0 0 0 0 0 0 0 0 0 -12 1 -12 1 -12 2 -11 2 -11 2 -11 2 -11 2 -11 2 -10 2 -10 2 -10 3 -10 3 -10 3 -10 3 -10 3 -9 3 -9 4 -9 4 -9 4 -9 4 -9 4 -9 4 -9 4 -9 5 -9 5 -9 5 0 0 -9 4 -9 5 -9 5 -9 4 -10 4 -10 4 -10 4 -10 4 -10 3 -9 3 -9 3 -9 3 -9 3 -9 2 -9 2 -9 1 -9 1 -8 1 -8 0 -8 0 -8 0 -8 0 -7 0 -7 -1 -7 -1 -7 -1 0 0 0 0 0 0 0 0 0 0 ]
CSI_DATA,AP,10:B4:1D:CC:60:E0,-22,11,1,7,1,1,1,1,0,0,1,-93,0,6,2,15380593,0,68,0,0,15.09,384,[0 0 0 0 0 0 0 0 0 0 0 0 -7 8 -7 9 -7 9 -7 8 -7 8 -6 8 -6 8 -6 8 -5 8 -5 8 -5 8 -5 8 -5 8 -5 8 -4 8 -4 8 -4 8 -3 8 -3 9 -3 9 -3 9 -3 9 -3 9 -3 9 -3 9 -3 9 0 0 -3 9 -3 9 -3 9 -3 9 -3 9 -4 9 -4 9 -4 9 -4 8 -4 8 -4 8 -4 8 -5 8 -5 7 -5 7 -5 6 -5 6 -5 6 -5 6 -5 5 -5 5 -5 5 -5 5 -6 4 -5 3 -5 3 0 0 0 0 0 0 0 0 0 0 ]
CSI_DATA,AP,10:B4:1D:CC:60:E0,-19,11,1,7,0,1,1,1,0,0,1,-93,0,6,2,15470627,0,68,0,0,15.1801,256,[0 0 0 0 0 0 0 0 0 0 0 0 9 13 8 12 9 12 8 12 8 12 9 11 8 11 9 11 9 11 9 10 9 10 9 10 9 9 10 9 10 8 10 8 10 8 10 8 10 8 10 8 11 8 11 7 11 7 11 7 11 7 11 7 0 0 11 7 11 7 11 7 11 8 11 8 11 8 10 8 10 9 10 9 10 9 9 8 9 8 8 8 8 9 8 9 7 8 7 9 6 8 6 9 5 8 5 8 4 8 4 8 4 8 3 8 2 8 0 0 0 0 0 0 0 0 0 0 ]
CSI_DATA,AP,10:B4:1D:CC:60:E0,-22,11,1,6,1,1,1,1,0,0,0,-93,0,6,2,15563156,0,68,0,0,15.2726,384,[0 0 0 0 0 0 0 0 0 0 0 0 10 -6 9 -6 10 -6 9 -6 9 -6 9 -6 9 -6 8 -6 8 -6 8 -6 8 -6 7 -6 7 -7 7 -7 7 -7 7 -7 7 -7 6 -7 6 -8 6 -8 6 -8 6 -8 6 -8 6 -9 6 -8 6 -8 0 0 6 -8 6 -9 6 -8 6 -8 6 -8 7 -8 7 -8 7 -8 7 -7 7 -7 7 -7 7 -7 7 -6 7 -6 7 -5 7 -5 7 -5 6 -5 6 -4 6 -4 6 -4 6 -3 6 -3 6 -3 6 -2 6 -2 0 0 0 0 0 0 0 0 0 0 ]
CSI_DATA,AP,10:B4:1D:CC:60:E0,-22,11,1,7,1,1,1,1,0,0,1,-93,0,6,2,15650678,0,68,0,0,15.3601,384,[0 0 0 0 0 0 0 0 0 0 0 0 0 -12 0 -12 0 -12 0 -11 0 -12 0 -11 0 -11 0 -11 -1 -11 -1 -11 -1 -11 -1 -11 -1 -11 -2 -10 -2 -10 -2 -10 -2 -10 -2 -10 -3 -10 -3 -10 -3 -10 -3 -10 -3 -10 -3 -10 -3 -10 -4 -10 0 0 -3 -10 -3 -11 -3 -10 -3 -11 -3 -11 -3 -11 -2 -11 -2 -10 -2 -10 -2 -10 -2 -10 -1 -10 -1 -10 -1 -9 -1 -9 0 -9 0 -9 0 -8 0 -8 1 -8 1 -8 1 -8 1 -8 2 -7 2 -7 2 -6 0 0 0 0 0 0 0 0 0 0 ]
CSI_DATA,AP,10:B4:1D:CC:60:E0,-22,11,1,7,1,1,1,1,0,0,1,-93,0,6,2,15740714,0,68,0,0,15.4501,384,[0 0 0 0 0 0 0 0 0 0 0 0 11 -1 11 -1 10 -2 10 -1 10 -2 10 -1 10 -1 10 -2 10 -2 9 -2 9 -2 9 -3 9 -3 9 -3 9 -3 9 -3 9 -4 8 -4 9 -4 9 -4 8 -4 8 -4 8 -4 8 -5 8 -5 9 -5 0 0 9 -5 8 -5 9 -5 9 -4 9 -4 9 -4 9 -4 9 -4 9 -3 9 -3 9 -3 8 -3 8 -3 8 -2 8 -2 8 -2 8 -2 8 -1 7 -1 7 0 7 0 7 0 6 0 6 0 6 1 6 1 0 0 0 0 0 0 0 0 0 0 ]
CSI_DATA,AP,10:B4:1D:CC:60:E0,-22,11,1,7,1,1,1,1,0,0,1,-93,0,6,2,15830518,0,68,0,0,15.5399,384,[0 0 0 0 0 0 0 0 0 0 0 0 -10 -8 -10 -8 -9 -7 -9 -7 -9 -7 -9 -7 -9 -7 -9 -7 -9 -6 -9 -6 -9 -6 -9 -6 -9 -5 -10 -5 -10 -5 -10 -5 -10 -5 -10 -4 -10 -4 -10 -4 -10 -4 -10 -4 -10 -3 -10 -3 -10 -3 -10 -3 0 0 -11 -4 -10 -4 -10 -4 -10 -4 -10 -4 -10 -4 -10 -4 -10 -4 -10 -5 -9 -5 -9 -5 -9 -5 -9 -5 -8 -5 -8 -5 -8 -5 -7 -5 -7 -5 -7 -5 -6 -6 -6 -6 -6 -6 -5 -6 -5 -5 -5 -6 -4 -6 0 0 0 0 0 0 0 0 0 0 ]
CSI_DATA,AP,10:B4:1D:CC:60:E0,-19,11,1,7,0,1,1,1,0,0,1,-93,0,6,2,15920504,0,68,0,0,15.6299,256,[0 0 0 0 0 0 0 0 0 0 0 0 -16 2 -16 2 -16 2 -16 2 -15 3 -15 3 -15 3 -15 3 -14 3 -14 4 -14 4 -14 4 -13 5 -13 5 -13 5 -13 5 -13 5 -12 6 -13 6 -12 6 -12 6 -12 6 -12 7 -12 7 -12 7 -12 7 0 0 -13 7 -12 7 -13 7 -13 7 -13 7 -13 6 -13 6 -13 6 -13 5 -13 5 -13 5 -13 4 -13 4 -12 4 -12 3 -12 3 -12 2 -12 2 -11 1 -11 1 -11 1 -11 0 -10 0 -10 0 -10 -1 -9 -1 0 0 0 0 0 0 0 0 0 0 ]
CSI_DATA,AP,10:B4:1D:CC:60:E0,-22,11,1,7,1,1,1,1,0,0,1,-93,0,6,2,16010547,0,68,0,0,15.72,384,[0 0 0 0 0 0 0 0 0 0 0 0 -12 -3 -12 -2 -12 -2 -11 -2 -12 -2 -11 -2 -11 -2 -11 -2 -11 -2 -11 -1 -11 -1 -11 -1 -11 -1 -11 0 -10 0 -11 0 -10 0 -10 1 -10 1 -10 1 -10 1 -11 1 -11 1 -10 1 -11 1 -11 1 0 0 -11 1 -11 1 -11 1 -11 1 -11 1 -11 1 -11 0 -11 0 -11 0 -10 -1 -10 -1 -10 -1 -10 -1 -9 -1 -9 -2 -9 -2 -9 -2 -8 -2 -8 -2 -8 -3 -8 -3 -7 -3 -7 -3 -7 -3 -6 -4 -6 -4 0 0 0 0 0 0 0 0 0 0 ]
CSI_DATA,AP,10:B4:1D:CC:60:E0,-22,11,1,7,1,1,1,1,0,0,1,-93,0,6,2,16100593,0,68,0,0,15.81,384,[0 0 0 0 0 0 0 0 0 0 0 0 1 -12 1 -12 1 -12 0 -12 0 -11 0 -11 0 -11 0 -11 0 -11 -1 -11 -1 -11 -1 -10 -1 -11 -1 -10 -2 -10 -2 -10 -2 -10 -2 -10 -2 -10 -3 -10 -2 -10 -3 -10 -3 -10 -3 -11 -3 -10 -3 -10 0 0 -3 -10 -3 -11 -3 -11 -3 -10 -3 -11 -2 -11 -2 -11 -2 -10 -2 -10 -1 -10 -1 -10 -1 -10 0 -10 0 -9 0 -9 0 -9 0 -9 0 -8 0 -8 1 -8 1 -8 1 -7 1 -7 2 -7 2 -7 2 -6 0 0 0 0 0 0 0 0 0 0 ]
CSI_DATA,AP,10:B4:1D:CC:60:E0,-21,11,1,7,1,1,1,1,0,0,1,-93,0,6,2,16190572,0,68,0,0,15.9,384,[0 0 0 0 0 0 0 0 0 0 0 0 -10 6 -10 5 -10 6 -10 6 -9 6 -9 6 -9 5 -9 6 -9 6 -8 6 -8 6 -8 6 -8 6 -7 6 -8 7 -7 6 -7 7 -7 7 -7 7 -7 7 -6 7 -6 7 -6 7 -6 8 -6 8 -6 8 0 0 -7 8 -7 8 -7 8 -6 8 -7 8 -7 8 -7 7 -7 7 -7 7 -7 6 -7 6 -7 6 -7 6 -7 5 -7 5 -7 4 -7 4 -7 4 -7 4 -7 3 -7 3 -7 3 -7 2 -7 2 -7 2 -7 1 0 0 0 0 0 0 0 0 0 0 ]
CSI_DATA,AP,10:B4:1D:CC:60:E0,-21,11,1,7,1,1,1,1,0,0,1,-93,0,6,2,16280554,0,68,0,0,15.99,384,[0 0 0 0 0 0 0 0 0 0 0 0 10 3 10 3 10 2 10 2 10 2 10 2 9 2 9 2 9 1 9 1 9 1 9 1 9 0 9 0 9 0 9 0 9 0 9 -1 9 -1 9 -1 9 -1 9 -1 9 -1 9 -2 9 -2 9 -2 0 0 9 -2 9 -2 9 -1 9 -1 9 -1 9 -1 9 -1 9 -1 9 0 9 0 9 0 8 0 8 0 8 0 8 1 7 1 7 1 7 1 7 1 6 2 6 2 6 2 6 2 5 2 5 2 5 3 0 0 0 0 0 0 0 0 0 0 ]
CSI_DATA,AP,10:B4:1D:CC:60:E0,-21,11,1,7,1,1,1,1,0,0,1,-93,0,6,2,16370623,0,68,0,0,16.08,384,[0 0 0 0 0 0 0 0 0 0 0 0 9 6 9 6 9 5 9 5 9 5 9 5 8 5 8 5 8 4 8 4 8 4 8 4 8 3 8 3 9 3 8 3 9 3 8 2 9 2 9 2 9 2 9 2 9 2 9 1 9 1 9 2 0 0 9 2 9 2 9 2 9 2 9 2 9 2 9 2 9 3 9 3 8 3 8 3 8 3 8 3 7 3 7 4 7 4 6 4 6 4 6 4 5 4 5 4 5 4 4 4 4 4 4 4 3 4 0 0 0 0 0 0 0 0 0 0 ]
CSI_DATA,AP,10:B4:1D:CC:60:E0,-22,11,1,7,1,1,1,1,0,0,1,-93,0,6,2,16460583,0,68,0,0,16.17,384,[0 0 0 0 0 0 0 0 0 0 0 0 0 -12 0 -12 0 -12 0 -11 0 -11 0 -11 0 -11 -1 -11 -1 -11 -1 -11 -1 -11 -1 -10 -2 -10 -2 -10 -2 -10 -2 -10 -3 -10 -3 -10 -3 -10 -3 -10 -3 -10 -3 -10 -3 -10 -4 -10 -4 -10 -4 -10 0 0 -3 -10 -4 -10 -4 -10 -3 -10 -3 -10 -3 -11 -3 -11 -3 -10 -2 -10 -2 -10 -2 -10 -2 -10 -1 -10 -1 -9 -1 -9 -1 -9 -1 -9 0 -8 0 -8 0 -8 0 -8 1 -8 1 -7 1 -7 1 -7 1 -6 0 0 0 0 0 0 0 0 0 0 ]
CSI_DATA,AP,10:B4:1D:CC:60:E0,-23,11,1,7,1,1,1,1,0,0,1,-93,0,6,2,16550525,0,68,0,0,16.2599,384,[0 0 0 0 0 0 0 0 0 0 0 0 -11 -3 -11 -3 -11 -3 -11 -3 -11 -3 -11 -2 -11 -2 -11 -2 -11 -2 -11 -1 -10 -1 -10 -1 -10 -1 -10 -1 -10 0 -10 0 -10 0 -10 0 -10 0 -10 1 -10 1 -10 1 -10 1 -10 1 -10 1 -10 1 0 0 -10 1 -10 1 -10 1 -10 1 -10 1 -10 1 -10 0 -10 0 -10 0 -10 0 -10 0 -10 -1 -9 -1 -9 -1 -9 -1 -9 -1 -8 -2 -8 -2 -8 -2 -8 -2 -8 -2 -7 -2 -7 -2 -7 -3 -6 -3 -6 -3 0 0 0 0 0 0 0 0 0 0 ]
CSI_DATA,AP,10:B4:1D:CC:60:E0,-23,11,1,7,1,1,1,1,0,0,1,-93,0,6,2,16640606,0,68,0,0,16.35,384,[0 0 0 0 0 0 0 0 0 0 0 0 -8 -9 -7 -9 -8 -9 -8 -8 -8 -9 -7 -8 -8 -8 -8 -8 -7 -8 -8 -7 -8 -7 -8 -7 -8 -7 -8 -7 -8 -6 -8 -6 -8 -6 -8 -6 -8 -5 -9 -6 -8 -5 -9 -6 -9 -5 -9 -5 -9 -5 -9 -5 0 0 -9 -5 -9 -5 -9 -5 -9 -6 -9 -6 -9 -6 -8 -6 -8 -6 -8 -6 -8 -6 -8 -6 -7 -6 -7 -6 -7 -6 -6 -7 -6 -6 -6 -6 -5 -6 -5 -6 -5 -6 -4 -6 -4 -6 -4 -6 -3 -6 -3 -6 -3 -6 0 0 0 0 0 0 0 0 0 0 ]
CSI_DATA,AP,10:B4:1D:CC:60:E0,-24,11,1,7,1,1,1,1,0,0,1,-93,0,6,2,16730614,0,68,0,0,16.44,384,[0 0 0 0 0 0 0 0 0 0 0 0 5 10 5 9 5 9 5 9 5 9 5 9 5 8 5 8 5 8 5 8 5 8 5 7 6 7 6 7 6 7 6 7 6 6 6 6 6 6 7 6 6 6 7 6 7 6 7 6 7 6 7 6 0 0 7 6 7 6 7 6 7 6 7 6 7 7 6 7 6 7 6 6 6 7 6 7 5 7 5 7 5 6 4 6 4 6 4 6 3 6 3 6 3 6 2 6 2 6 2 6 1 6 1 6 1 5 0 0 0 0 0 0 0 0 0 0 ]
CSI_DATA,AP,10:B4:1D:CC:60:E0,-24,11,1,7,1,1,1,1,0,0,1,-93,0,6,2,16820793,0,68,0,0,16.5302,384,[0 0 0 0 0 0 0 0 0 0 0 0 -1 -12 -1 -12 -1 -12 -2 -12 -1 -11 -2 -11 -2 -11 -2 -11 -2 -10 -2 -10 -2 -10 -2 -10 -3 -10 -3 -10 -3 -10 -3 -10 -3 -10 -3 -9 -4 -10 -4 -10 -4 -9 -4 -9 -4 -9 -5 -10 -4 -9 -5 -9 0 0 -4 -10 -4 -10 -4 -10 -4 -9 -4 -10 -4 -10 -3 -10 -3 -10 -3 -10 -3 -9 -2 -9 -2 -9 -2 -9 -2 -9 -1 -9 -1 -9 -1 -8 -1 -8 -1 -8 -1 -7 0 -8 0 -7 0 -7 1 -7 1 -7 1 -6 0 0 0 0 0 0 0 0 0 0 ]
CSI_DATA,AP,10:B4:1D:CC:60:E0,-24,11,1,7,1,1,1,1,0,0,1,-93,0,6,2,16910656,0,68,0,0,16.6201,384,[0 0 0 0 0 0 0 0 0 0 0 0 6 8 6 8 7 8 6 8 7 8 6 7 6 7 7 7 6 7 7 7 7 6 7 6 7 6 7 5 7 5 7 5 7 5 7 5 7 4 8 4 8 4 8 4 8 4 8 4 8 4 8 4 0 0 8 4 8 4 8 4 8 4 8 4 8 5 8 5 8 5 7 5 7 5 7 5 7 5 6 5 6 5 6 5 5 5 5 5 5 5 4 5 4 5 4 5 4 5 3 5 3 5 3 5 2 5 0 0 0 0 0 0 0 0 0 0 ]
CSI_DATA,AP,10:B4:1D:CC:60:E0,-24,11,1,7,1,1,1,1,0,0,1,-93,0,6,2,17000562,0,68,0,0,16.71,384,[0 0 0 0 0 0 0 0 0 0 0 0 -6 9 -6 9 -5 9 -5 9 -5 9 -5 9 -5 9 -5 9 -5 9 -4 9 -4 9 -4 9 -3 9 -3 9 -3 9 -3 9 -3 9 -2 9 -2 9 -2 9 -2 9 -2 9 -2 9 -2 10 -2 9 -2 9 0 0 -2 9 -2 9 -2 9 -2 9 -2 9 -3 9 -3 9 -3 9 -3 8 -3 8 -3 8 -3 8 -3 8 -4 7 -4 7 -4 7 -4 7 -4 6 -4 6 -4 5 -5 5 -5 5 -5 5 -5 4 -5 4 -5 3 0 0 0 0 0 0 0 0 0 0 ]
CSI_DATA,AP,10:B4:1D:CC:60:E0,-24,11,1,7,1,1,1,1,0,0,1,-93,0,6,2,17090928,0,68,0,0,16.8003,384,[0 0 0 0 0 0 0 0 0 0 0 0 1 -12 1 -11 1 -11 0 -11 1 -11 0 -11 1 -11 0 -10 0 -10 0 -10 0 -10 -1 -10 -1 -10 -1 -10 -1 -10 -1 -10 -1 -10 -1 -9 -2 -10 -2 -10 -2 -10 -2 -10 -2 -9 -2 -10 -3 -10 -2 -10 0 0 -2 -10 -2 -10 -2 -10 -2 -9 -2 -10 -2 -10 -1 -10 -1 -10 -1 -9 -1 -9 -1 -9 -1 -9 0 -9 0 -9 0 -8 1 -8 1 -8 1 -8 1 -7 1 -7 1 -7 2 -7 2 -7 2 -6 2 -6 2 -6 0 0 0 0 0 0 0 0 0 0 ]
