CSI_DATA,AP,10:B4:1D:CC:60:E0,-21,11,0,0,0,0,0,0,0,0,0,-93,0,6,2,3134361,0,374,0,0,2.859,128,[0 0 0 0 0 0 0 0 0 0 0 0 -16 7 -15 7 -15 7 -15 7 -14 7 -14 7 -14 7 -14 7 -13 6 -13 7 -13 7 -13 7 -12 7 -12 7 -12 7 -11 7 -11 8 -11 8 -11 8 -11 8 -11 8 -11 8 -11 9 -10 9 -11 9 -11 9 0 0 -11 9 -11 9 -11 9 -11 9 -11 8 -12 8 -12 8 -12 8 -12 7 -12 7 -12 6 -11 6 -11 6 -11 5 -11 5 -11 4 -11 4 -11 3 -10 3 -10 3 -10 2 -10 2 -10 2 -10 1 -9 0 -9 0 0 0 0 0 0 0 0 0 0 0 ]
CSI_DATA,AP,10:B4:1D:CC:60:E0,-21,11,0,0,0,0,0,0,0,0,0,-93,0,6,2,3197422,0,374,0,0,2.9426,128,[0 0 0 0 0 0 0 0 0 0 0 0 -3 -17 -3 -16 -3 -17 -3 -16 -3 -16 -3 -15 -3 -15 -3 -15 -4 -15 -3 -15 -4 -14 -4 -14 -4 -14 -4 -14 -5 -13 -5 -13 -5 -13 -5 -13 -5 -13 -6 -13 -6 -13 -6 -13 -6 -13 -7 -13 -7 -13 -6 -13 0 0 -6 -13 -7 -13 -6 -12 -6 -13 -6 -13 -6 -13 -6 -13 -5 -13 -5 -13 -5 -13 -4 -13 -4 -12 -3 -12 -3 -12 -3 -12 -3 -11 -2 -12 -2 -11 -2 -11 -1 -11 -1 -10 -1 -10 0 -10 0 -10 1 -9 1 -9 0 0 0 0 0 0 0 0 0 0 ]
CSI_DATA,AP,10:B4:1D:CC:60:E0,-21,11,0,0,0,0,0,0,0,0,0,-93,0,6,2,3290627,0,66,0,0,3.03598,128,[0 0 0 0 0 0 0 0 0 0 0 0 15 7 14 6 14 6 14 6 14 6 13 5 13 5 13 5 13 5 13 4 13 4 13 4 13 4 13 3 13 3 13 3 13 3 13 2 13 2 13 2 13 2 13 2 13 1 13 1 13 1 13 1 0 0 13 2 14 2 13 2 13 2 13 2 13 2 13 3 13 3 12 3 12 3 12 4 12 4 11 4 11 4 10 4 10 4 9 5 9 5 8 5 8 5 8 5 7 5 7 5 6 6 6 6 5 6 0 0 0 0 0 0 0 0 0 0 ]
CSI_DATA,AP,10:B4:1D:CC:60:E0,-21,11,0,0,0,0,0,0,0,0,0,-93,0,6,2,3389680,0,66,0,0,3.09915,128,[0 0 0 0 0 0 0 0 0 0 0 0 8 14 8 14 8 14 8 13 8 13 8 12 8 12 8 12 8 12 8 11 8 11 8 11 8 11 8 10 8 10 9 10 8 9 9 9 9 9 9 9 9 9 10 9 9 9 10 8 10 9 10 9 0 0 10 9 10 9 10 9 10 9 9 9 9 9 9 9 9 10 8 10 8 10 7 10 7 10 7 10 6 9 6 9 6 9 5 9 5 9 4 9 4 9 4 9 3 9 3 9 2 9 2 8 1 8 0 0 0 0 0 0 0 0 0 0 ]
CSI_DATA,AP,10:B4:1D:CC:60:E0,-21,11,0,0,0,0,0,0,0,0,0,-93,0,6,2,3780523,0,66,0,0,3.49001,128,[0 0 0 0 0 0 0 0 0 0 0 0 -3 16 -3 16 -2 16 -2 16 -2 15 -2 15 -2 15 -1 15 -1 14 -1 14 0 14 0 14 0 14 0 14 0 13 1 13 1 13 1 13 1 13 2 13 2 13 2 13 3 13 3 13 3 13 3 13 0 0 3 13 3 13 2 13 2 13 2 13 2 13 2 13 1 13 1 13 1 12 1 13 1 12 0 12 0 12 -1 11 -1 11 -1 10 -1 10 -2 10 -2 10 -2 10 -3 9 -3 9 -3 9 -4 8 -4 8 0 0 0 0 0 0 0 0 0 0 ]
CSI_DATA,AP,10:B4:1D:CC:60:E0,-21,11,0,0,0,0,0,0,0,0,0,-93,0,6,2,4389923,0,66,0,0,4.0994,128,[0 0 0 0 0 0 0 0 0 0 0 0 -4 -17 -4 -16 -4 -16 -4 -16 -4 -16 -4 -15 -4 -15 -4 -15 -5 -15 -5 -14 -5 -14 -5 -14 -5 -13 -6 -13 -6 -13 -6 -13 -6 -13 -6 -13 -7 -12 -7 -12 -7 -12 -7 -12 -7 -12 -8 -12 -8 -12 -8 -12 0 0 -7 -12 -8 -12 -8 -12 -7 -12 -7 -13 -7 -13 -7 -13 -6 -13 -6 -12 -6 -13 -6 -12 -5 -12 -5 -12 -4 -12 -4 -12 -4 -11 -3 -11 -3 -11 -3 -11 -2 -11 -2 -10 -2 -10 -1 -10 -1 -10 0 -9 0 -9 0 0 0 0 0 0 0 0 0 0 ]
CSI_DATA,AP,10:B4:1D:CC:60:E0,-21,11,0,0,0,0,0,0,0,0,0,-93,0,6,2,4645922,0,66,0,0,4.35541,128,[0 0 0 0 0 0 0 0 0 0 0 0 -17 2 -16 1 -17 2 -16 2 -16 2 -15 2 -15 2 -15 2 -15 2 -15 3 -14 3 -14 3 -14 4 -14 4 -13 4 -13 4 -13 4 -13 4 -13 5 -13 4 -13 5 -13 5 -13 5 -13 6 -13 6 -13 6 0 0 -13 5 -13 6 -13 5 -14 6 -13 5 -13 4 -13 4 -13 4 -13 4 -13 4 -13 4 -12 3 -12 3 -12 2 -12 2 -11 2 -12 1 -11 1 -11 0 -11 0 -10 0 -10 -1 -10 -1 -10 -1 -9 -1 -9 -2 0 0 0 0 0 0 0 0 0 0 ]
CSI_DATA,AP,10:B4:1D:CC:60:E0,-21,11,0,0,0,0,0,0,0,0,0,-93,0,6,2,4679231,0,37,0,0,4.46848,128,[0 0 0 0 0 0 0 0 0 0 0 0 10 13 10 13 9 13 9 12 9 12 9 12 9 11 10 11 9 11 10 10 10 10 10 10 10 9 10 9 10 9 10 8 10 8 10 8 10 8 11 7 11 8 11 7 11 7 11 7 11 7 11 7 0 0 12 7 12 7 11 7 11 7 11 7 11 8 11 8 11 8 10 8 10 8 10 8 9 8 9 8 8 8 8 8 7 8 7 8 7 8 6 8 6 8 5 8 5 8 5 8 4 8 4 8 3 8 0 0 0 0 0 0 0 0 0 0 ]
CSI_DATA,AP,10:B4:1D:CC:60:E0,-21,11,0,0,0,0,0,0,0,0,0,-93,0,6,2,4680661,0,37,0,0,4.50293,128,[0 0 0 0 0 0 0 0 0 0 0 0 -1 -17 -1 -17 -1 -17 -1 -17 -1 -16 -1 -16 -1 -16 -2 -16 -2 -15 -3 -15 -3 -15 -3 -15 -3 -15 -3 -15 -3 -14 -3 -14 -4 -14 -4 -14 -4 -14 -5 -14 -5 -14 -5 -14 -5 -13 -6 -13 -6 -14 -6 -14 0 0 -5 -14 -6 -14 -5 -14 -5 -14 -5 -14 -5 -14 -4 -14 -4 -14 -4 -14 -4 -14 -3 -13 -3 -13 -2 -13 -2 -13 -2 -12 -2 -12 -1 -11 -1 -12 -1 -11 0 -11 0 -11 0 -10 0 -10 1 -10 1 -9 2 -9 0 0 0 0 0 0 0 0 0 0 ]
CSI_DATA,AP,10:B4:1D:CC:60:E0,-26,11,1,7,1,1,1,0,0,0,1,-93,0,6,2,4680862,0,68,0,0,4.54645,384,[0 0 0 0 0 0 0 0 0 0 0 0 -10 -7 -10 -7 -10 -6 -10 -6 -10 -6 -10 -6 -10 -6 -10 -6 -10 -5 -9 -5 -10 -5 -9 -4 -9 -4 -9 -4 -9 -4 -9 -3 -9 -3 -9 -3 -10 -3 -10 -3 -9 -3 -9 -2 -10 -2 -10 -2 -10 -2 -10 -2 0 0 -10 -2 -10 -2 -10 -2 -10 -2 -10 -3 -10 -3 -10 -3 -9 -3 -9 -3 -9 -3 -9 -3 -9 -4 -8 -4 -8 -4 -8 -4 -8 -4 -7 -4 -7 -4 -7 -4 -6 -4 -6 -4 -6 -4 -6 -5 -5 -5 -5 -5 -5 -5 0 0 0 0 0 0 0 0 0 0 ]
CSI_DATA,AP,10:B4:1D:CC:60:E0,-26,11,1,7,1,1,1,0,0,0,1,-93,0,6,2,4745230,0,68,0,0,4.5882,384,[0 0 0 0 0 0 0 0 0 0 0 0 11 -3 11 -4 10 -3 10 -3 9 -4 10 -4 9 -3 9 -4 9 -4 9 -4 9 -4 8 -4 8 -4 8 -5 8 -5 8 -5 8 -5 7 -5 8 -5 7 -5 7 -6 7 -6 7 -6 7 -6 7 -6 7 -6 0 0 7 -6 7 -6 7 -6 7 -6 7 -6 7 -6 7 -6 7 -5 8 -5 7 -5 7 -5 7 -5 7 -4 7 -4 7 -3 7 -4 7 -3 7 -3 7 -3 6 -2 6 -2 6 -2 6 -2 6 -1 6 -1 6 -1 0 0 0 0 0 0 0 0 0 0 ]
CSI_DATA,AP,10:B4:1D:CC:60:E0,-26,11,1,7,1,1,1,0,0,0,1,-93,0,6,2,4835072,0,68,0,0,4.62379,384,[0 0 0 0 0 0 0 0 0 0 0 0 5 10 5 10 5 9 5 9 5 9 5 9 5 8 5 9 5 8 5 8 5 8 5 7 6 7 6 7 6 7 6 7 6 7 6 6 6 6 6 7 6 6 6 6 6 6 7 6 7 6 7 6 0 0 7 6 6 6 6 6 7 6 6 6 6 7 6 7 6 7 5 7 5 7 5 7 5 7 5 7 4 7 4 7 4 7 3 7 3 6 3 6 3 6 2 6 2 6 2 6 1 6 1 6 1 6 0 0 0 0 0 0 0 0 0 0 ]
CSI_DATA,AP,10:B4:1D:CC:60:E0,-26,11,1,7,1,1,1,0,0,0,1,-93,0,6,2,4925044,0,68,0,0,4.65635,384,[0 0 0 0 0 0 0 0 0 0 0 0 0 -12 0 -12 0 -12 0 -12 0 -12 0 -11 0 -11 0 -11 0 -11 -1 -11 -1 -11 -1 -10 -1 -10 -1 -10 -2 -10 -2 -10 -2 -10 -2 -10 -3 -10 -3 -10 -3 -10 -3 -10 -3 -10 -3 -10 -3 -10 -3 -10 0 0 -3 -10 -3 -10 -3 -10 -3 -10 -3 -10 -3 -10 -2 -10 -2 -10 -2 -10 -2 -10 -2 -9 -1 -10 -1 -9 -1 -9 -1 -9 0 -9 0 -9 0 -8 0 -8 0 -8 0 -8 1 -7 1 -7 1 -7 2 -7 2 -6 0 0 0 0 0 0 0 0 0 0 ]
CSI_DATA,AP,10:B4:1D:CC:60:E0,-26,11,1,7,1,1,1,1,0,0,1,-93,0,6,2,5015151,0,68,0,0,4.74061,384,[0 0 0 0 0 0 0 0 0 0 0 0 -9 -9 -9 -8 -8 -8 -8 -8 -8 -8 -8 -8 -8 -7 -8 -7 -8 -7 -8 -7 -8 -6 -8 -6 -8 -6 -8 -6 -8 -6 -8 -6 -9 -5 -8 -5 -9 -5 -9 -5 -9 -5 -9 -5 -9 -4 -9 -5 -9 -5 -9 -4 0 0 -9 -5 -9 -5 -9 -5 -9 -5 -9 -5 -9 -5 -9 -5 -9 -5 -8 -5 -8 -6 -8 -6 -8 -6 -7 -6 -7 -6 -7 -6 -6 -6 -6 -6 -6 -6 -6 -6 -5 -6 -5 -6 -5 -6 -4 -6 -4 -6 -4 -6 -3 -6 0 0 0 0 0 0 0 0 0 0 ]
CSI_DATA,AP,10:B4:1D:CC:60:E0,-26,11,1,7,1,1,1,1,0,0,0,-93,0,6,2,5072242,0,68,0,0,4.78179,384,[0 0 0 0 0 0 0 0 0 0 0 0 -8 -9 -8 -9 -8 -9 -8 -8 -8 -8 -8 -8 -8 -8 -8 -7 -8 -7 -8 -7 -8 -7 -8 -7 -8 -6 -8 -6 -8 -6 -8 -6 -8 -5 -9 -5 -8 -5 -9 -5 -8 -5 -9 -5 -9 -5 -9 -5 -9 -5 -9 -5 0 0 -9 -5 -9 -5 -9 -5 -9 -5 -9 -5 -9 -5 -8 -5 -8 -6 -8 -6 -8 -6 -8 -6 -7 -6 -7 -6 -7 -6 -7 -6 -6 -6 -6 -6 -6 -6 -6 -6 -5 -6 -5 -6 -5 -6 -4 -6 -4 -6 -4 -6 -3 -6 0 0 0 0 0 0 0 0 0 0 ]
CSI_DATA,AP,10:B4:1D:CC:60:E0,-26,11,1,7,1,1,1,1,0,0,1,-93,0,6,2,5105285,0,68,0,0,4.81986,384,[0 0 0 0 0 0 0 0 0 0 0 0 -1 -12 -2 -11 -2 -12 -2 -11 -2 -11 -2 -11 -2 -11 -2 -10 -2 -10 -2 -10 -2 -10 -3 -10 -3 -10 -3 -10 -3 -10 -3 -10 -3 -9 -4 -9 -4 -9 -4 -9 -4 -9 -4 -9 -4 -9 -4 -9 -5 -9 -5 -9 0 0 -5 -9 -5 -9 -4 -9 -5 -9 -4 -9 -4 -9 -4 -9 -4 -9 -3 -9 -3 -9 -3 -9 -3 -9 -3 -9 -2 -9 -2 -9 -2 -8 -2 -8 -1 -8 -1 -8 -1 -7 -1 -7 0 -7 0 -7 0 -7 0 -7 1 -6 0 0 0 0 0 0 0 0 0 0 ]
CSI_DATA,AP,10:B4:1D:CC:60:E0,-26,11,1,7,1,1,1,1,0,0,1,-93,0,6,2,5195128,0,68,0,0,4.90454,384,[0 0 0 0 0 0 0 0 0 0 0 0 7 -8 8 -8 7 -8 7 -8 6 -8 7 -8 7 -8 6 -8 6 -8 6 -8 6 -8 5 -8 5 -8 4 -8 5 -9 5 -8 4 -9 4 -9 4 -9 4 -9 4 -9 4 -9 3 -9 3 -9 3 -9 3 -9 0 0 4 -9 3 -9 3 -9 3 -9 4 -9 4 -9 4 -9 4 -9 4 -8 4 -8 4 -8 4 -8 4 -8 4 -7 5 -7 5 -6 5 -6 5 -6 4 -6 5 -5 5 -5 5 -5 4 -5 5 -4 5 -4 5 -4 0 0 0 0 0 0 0 0 0 0 ]
CSI_DATA,AP,10:B4:1D:CC:60:E0,-26,11,1,7,1,1,1,1,0,0,1,-93,0,6,2,5285107,0,68,0,0,4.99452,384,[0 0 0 0 0 0 0 0 0 0 0 0 10 3 10 3 9 3 10 3 9 3 9 3 9 3 9 2 9 2 9 2 9 1 9 1 9 1 9 1 9 1 9 1 9 1 8 0 8 0 9 0 9 0 9 0 9 -1 9 -1 9 -1 9 -1 0 0 9 -1 9 -1 9 -1 9 -1 9 -1 9 -1 9 0 9 0 9 0 9 0 8 0 8 1 8 1 8 1 7 1 8 1 7 1 7 1 6 1 6 2 6 2 6 2 5 2 5 2 5 3 5 3 0 0 0 0 0 0 0 0 0 0 ]
CSI_DATA,AP,10:B4:1D:CC:60:E0,-26,11,1,7,1,1,1,1,0,0,1,-93,0,6,2,5376634,0,68,0,0,5.08604,384,[0 0 0 0 0 0 0 0 0 0 0 0 4 9 4 10 4 9 4 9 4 9 4 9 4 8 4 8 4 8 5 8 4 7 5 7 5 7 5 7 5 7 5 7 5 7 5 6 5 6 5 6 6 6 5 6 6 6 6 6 6 6 6 6 0 0 6 6 6 6 6 6 6 6 6 6 6 7 5 7 5 7 5 6 5 6 5 6 4 7 4 7 4 6 4 6 3 6 3 6 3 6 3 6 2 6 2 6 2 6 1 6 1 6 1 5 0 6 0 0 0 0 0 0 0 0 0 0 ]
CSI_DATA,AP,10:B4:1D:CC:60:E0,-21,11,0,0,0,0,0,0,0,0,0,-93,0,6,2,5389657,0,66,0,0,5.10772,128,[0 0 0 0 0 0 0 0 0 0 0 0 16 -1 15 -1 15 -1 15 -1 15 -1 14 -2 14 -2 14 -2 14 -2 13 -2 13 -3 13 -3 13 -3 13 -3 13 -4 12 -4 12 -4 12 -4 12 -5 12 -5 12 -5 12 -5 12 -5 12 -6 12 -6 12 -6 0 0 12 -6 12 -6 12 -6 12 -6 12 -5 12 -5 12 -5 12 -5 12 -4 12 -4 12 -4 12 -3 12 -3 11 -3 11 -2 11 -2 10 -2 10 -2 10 -1 10 -1 9 -1 9 0 9 0 9 1 8 1 8 1 0 0 0 0 0 0 0 0 0 0 ]
CSI_DATA,AP,10:B4:1D:CC:60:E0,-26,11,1,7,1,1,1,1,0,0,1,-93,0,6,2,5465335,0,68,0,0,5.17477,384,[0 0 0 0 0 0 0 0 0 0 0 0 5 -11 5 -10 5 -11 4 -10 4 -11 4 -10 4 -10 4 -10 4 -10 3 -10 3 -10 3 -10 2 -10 2 -10 2 -10 2 -10 2 -10 1 -10 1 -10 1 -10 1 -10 1 -10 1 -10 0 -10 0 -10 1 -10 0 0 1 -10 1 -10 1 -10 1 -10 1 -10 1 -10 2 -10 2 -10 2 -10 2 -9 2 -9 2 -9 2 -9 3 -8 3 -8 2 -8 3 -8 3 -7 3 -7 3 -7 3 -6 4 -6 3 -6 3 -6 4 -6 4 -5 0 0 0 0 0 0 0 0 0 0 ]
CSI_DATA,AP,10:B4:1D:CC:60:E0,-26,11,1,7,1,1,1,1,0,0,1,-93,0,6,2,5555084,0,68,0,0,5.2645,384,[0 0 0 0 0 0 0 0 0 0 0 0 -3 -12 -3 -12 -3 -12 -3 -11 -3 -11 -3 -11 -3 -11 -3 -11 -3 -10 -3 -10 -4 -10 -4 -10 -4 -10 -4 -10 -4 -9 -4 -9 -4 -9 -5 -9 -5 -9 -5 -9 -5 -9 -5 -9 -5 -8 -6 -8 -6 -9 -6 -8 0 0 -6 -9 -6 -9 -6 -9 -6 -9 -6 -9 -5 -9 -5 -9 -5 -9 -5 -9 -4 -9 -5 -9 -4 -9 -4 -9 -3 -9 -3 -8 -3 -8 -3 -8 -2 -8 -2 -8 -2 -7 -2 -8 -1 -8 -1 -7 -1 -7 -1 -7 0 -7 0 0 0 0 0 0 0 0 0 0 ]
CSI_DATA,AP,10:B4:1D:CC:60:E0,-26,11,1,7,1,1,1,1,0,0,1,-93,0,6,2,5645546,0,68,0,0,5.35496,384,[0 0 0 0 0 0 0 0 0 0 0 0 -10 5 -10 5 -10 5 -9 5 -10 5 -9 5 -9 5 -9 5 -9 5 -8 5 -8 5 -8 5 -8 5 -8 5 -7 6 -8 6 -7 5 -7 6 -7 6 -7 6 -7 6 -7 6 -7 6 -7 7 -7 7 -7 6 0 0 -7 6 -7 6 -7 6 -7 7 -7 6 -7 6 -7 6 -7 6 -8 5 -8 5 -8 5 -7 5 -7 4 -7 4 -8 4 -7 3 -7 3 -7 3 -7 2 -7 2 -7 2 -7 2 -7 1 -7 1 -7 1 -6 0 0 0 0 0 0 0 0 0 0 0 ]
CSI_DATA,AP,10:B4:1D:CC:60:E0,-27,11,1,7,1,1,1,1,0,0,1,-93,0,6,2,5735123,0,68,0,0,5.44453,384,[0 0 0 0 0 0 0 0 0 0 0 0 6 9 6 9 6 9 6 9 6 9 6 8 6 8 6 8 6 7 6 7 6 7 6 7 6 7 6 6 6 6 6 6 6 6 7 6 7 6 7 6 7 5 7 5 7 5 7 5 7 5 8 5 0 0 7 5 8 5 8 5 8 5 7 5 7 6 7 6 7 6 7 5 7 5 7 6 6 6 6 6 5 6 5 6 5 6 5 6 4 5 4 6 4 5 3 6 3 5 3 6 2 5 2 5 2 5 0 0 0 0 0 0 0 0 0 0 ]
CSI_DATA,AP,10:B4:1D:CC:60:E0,-27,11,1,7,1,1,1,1,0,0,1,-93,0,6,2,5825120,0,68,0,0,5.53453,384,[0 0 0 0 0 0 0 0 0 0 0 0 8 -9 7 -8 7 -9 6 -8 7 -8 6 -8 6 -8 6 -8 6 -8 5 -8 6 -8 5 -8 5 -8 5 -8 4 -8 4 -9 4 -8 4 -9 3 -9 4 -9 3 -9 3 -9 3 -9 3 -9 3 -9 3 -9 0 0 3 -9 3 -9 3 -9 3 -9 3 -9 3 -9 4 -9 4 -9 4 -8 4 -8 4 -8 4 -8 4 -8 4 -7 4 -7 4 -6 5 -7 4 -6 4 -6 5 -6 5 -5 4 -5 5 -5 5 -4 5 -4 5 -3 0 0 0 0 0 0 0 0 0 0 ]
CSI_DATA,AP,10:B4:1D:CC:60:E0,-26,11,1,7,1,1,1,1,0,0,1,-93,0,6,2,5915197,0,68,0,0,5.62462,384,[0 0 0 0 0 0 0 0 0 0 0 0 2 11 1 11 2 11 2 10 2 10 2 10 2 10 2 10 2 9 2 9 2 9 3 9 3 9 3 9 3 9 3 8 3 8 3 8 4 8 4 8 4 8 4 8 4 8 4 8 4 8 4 8 0 0 4 8 5 8 4 8 4 8 4 8 4 8 4 8 4 8 3 8 3 8 3 8 3 8 2 8 2 8 2 8 1 7 1 7 1 7 1 7 1 7 0 7 0 7 0 6 -1 6 -1 6 -1 6 0 0 0 0 0 0 0 0 0 0 ]
CSI_DATA,AP,10:B4:1D:CC:60:E0,-26,11,1,7,1,1,1,1,0,0,1,-93,0,6,2,6005159,0,68,0,0,5.71457,384,[0 0 0 0 0 0 0 0 0 0 0 0 10 3 10 3 10 3 10 3 10 3 10 3 10 3 9 3 9 2 9 2 9 2 9 1 9 1 9 1 9 1 9 0 9 0 9 0 9 0 9 0 9 0 9 0 9 -1 9 -1 9 -1 9 -1 0 0 9 -1 9 -1 9 -1 10 -1 9 -1 9 -1 9 0 9 0 9 0 9 0 9 0 8 0 8 1 8 1 8 1 7 1 7 1 7 1 7 1 7 2 7 2 6 2 6 2 6 2 5 3 5 3 0 0 0 0 0 0 0 0 0 0 ]
CSI_DATA,AP,10:B4:1D:CC:60:E0,-26,11,1,7,1,1,1,1,0,0,1,-93,0,6,2,6095202,0,68,0,0,5.80462,384,[0 0 0 0 0 0 0 0 0 0 0 0 -12 -3 -12 -3 -12 -3 -11 -3 -11 -3 -11 -2 -11 -2 -11 -2 -11 -2 -10 -2 -11 -1 -10 -1 -10 -2 -10 -1 -10 -1 -10 0 -10 0 -10 0 -10 0 -10 0 -10 0 -10 1 -10 1 -10 1 -10 1 -10 1 0 0 -10 1 -10 1 -10 1 -10 1 -10 1 -10 0 -10 0 -10 0 -10 0 -10 0 -10 -1 -9 -1 -9 -1 -9 -1 -9 -1 -9 -1 -9 -2 -8 -2 -8 -2 -8 -2 -8 -3 -7 -3 -7 -3 -7 -3 -7 -3 -6 -4 0 0 0 0 0 0 0 0 0 0 ]
CSI_DATA,AP,10:B4:1D:CC:60:E0,-27,11,1,7,1,1,1,1,0,0,1,-93,0,6,2,6185230,0,68,0,0,5.89464,384,[0 0 0 0 0 0 0 0 0 0 0 0 11 0 11 0 11 0 11 0 10 0 10 0 10 0 10 0 10 -1 9 -1 10 -1 9 -2 9 -2 9 -2 9 -2 9 -2 9 -2 9 -2 9 -3 9 -3 9 -3 9 -3 8 -3 8 -3 8 -4 9 -4 0 0 9 -3 8 -4 9 -3 9 -3 9 -3 9 -3 9 -2 9 -2 9 -2 9 -2 9 -2 8 -2 8 -1 8 -1 8 -1 8 -1 7 0 8 0 7 0 7 0 7 1 6 1 6 1 6 1 6 1 6 2 0 0 0 0 0 0 0 0 0 0 ]
CSI_DATA,AP,10:B4:1D:CC:60:E0,-27,11,1,7,1,1,1,1,0,0,1,-93,0,6,2,6279084,0,68,0,0,5.98849,384,[0 0 0 0 0 0 0 0 0 0 0 0 -6 10 -6 10 -6 10 -6 9 -5 9 -5 9 -5 9 -5 9 -5 9 -4 9 -4 9 -4 9 -4 9 -3 8 -3 9 -3 9 -3 8 -3 8 -2 9 -2 9 -2 9 -2 9 -2 9 -2 9 -1 9 -2 9 0 0 -2 9 -2 9 -2 9 -2 9 -2 9 -2 9 -2 9 -2 9 -3 8 -3 8 -3 8 -3 8 -3 8 -3 8 -4 7 -4 7 -4 7 -4 6 -4 6 -4 6 -4 6 -4 5 -5 5 -5 5 -5 4 -5 4 0 0 0 0 0 0 0 0 0 0 ]
CSI_DATA,AP,10:B4:1D:CC:60:E0,-27,11,1,7,1,1,1,1,0,0,1,-93,0,6,2,6365223,0,68,0,0,6.07463,384,[0 0 0 0 0 0 0 0 0 0 0 0 -2 11 -2 11 -2 11 -1 10 -1 10 -1 10 -1 10 -1 10 -1 10 0 9 0 9 0 9 0 9 1 9 1 9 1 9 1 9 1 9 1 9 1 9 1 9 1 9 2 8 2 9 2 9 2 9 0 0 2 9 2 9 2 9 2 9 2 9 1 9 1 9 1 9 0 9 1 8 1 8 1 8 0 8 0 8 -1 8 -1 8 -1 7 -1 7 -1 7 -1 6 -1 6 -2 6 -2 6 -2 6 -2 6 -3 5 0 0 0 0 0 0 0 0 0 0 ]
CSI_DATA,AP,10:B4:1D:CC:60:E0,-21,11,0,0,0,0,0,0,0,0,0,-93,0,6,2,6389638,0,66,0,0,6.09963,128,[0 0 0 0 0 0 0 0 0 0 0 0 3 -17 2 -17 2 -16 2 -16 2 -16 1 -16 1 -15 1 -15 1 -15 0 -15 1 -15 0 -14 0 -14 0 -14 -1 -14 -1 -14 -1 -14 -2 -14 -2 -14 -2 -14 -2 -14 -3 -14 -2 -14 -3 -14 -3 -14 -3 -14 0 0 -3 -14 -3 -14 -3 -14 -2 -14 -2 -14 -2 -14 -2 -14 -2 -14 -1 -14 -1 -14 0 -13 0 -13 0 -13 0 -13 0 -12 1 -12 1 -11 1 -11 1 -11 1 -11 1 -10 2 -10 2 -10 3 -9 3 -9 4 -8 0 0 0 0 0 0 0 0 0 0 ]
CSI_DATA,AP,10:B4:1D:CC:60:E0,-27,11,1,7,1,1,1,1,0,0,1,-93,0,6,2,6456125,0,68,0,0,6.16554,384,[0 0 0 0 0 0 0 0 0 0 0 0 -3 -12 -3 -11 -3 -11 -3 -11 -3 -11 -3 -11 -3 -11 -3 -10 -3 -10 -3 -10 -4 -10 -4 -9 -4 -10 -4 -9 -4 -9 -4 -9 -4 -9 -5 -9 -5 -9 -5 -9 -5 -9 -5 -9 -5 -8 -5 -9 -5 -9 -6 -8 0 0 -5 -9 -5 -9 -5 -9 -5 -9 -5 -9 -5 -9 -5 -9 -5 -9 -4 -9 -4 -9 -4 -8 -4 -9 -3 -9 -3 -9 -3 -9 -3 -8 -2 -8 -2 -8 -2 -8 -1 -7 -1 -7 -1 -7 -1 -7 0 -7 0 -7 0 -7 0 0 0 0 0 0 0 0 0 0 ]
CSI_DATA,AP,10:B4:1D:CC:60:E0,-27,11,1,7,1,1,1,1,0,0,1,-93,0,6,2,6545017,0,68,0,0,6.25442,384,[0 0 0 0 0 0 0 0 0 0 0 0 11 3 10 3 10 3 10 3 10 3 10 3 10 2 10 2 9 2 9 2 9 1 9 1 9 1 9 1 9 1 9 0 9 0 9 0 9 0 9 0 9 0 9 -1 9 -1 9 -1 9 -1 9 -1 0 0 9 -1 9 -1 9 -1 10 -1 9 -1 9 0 9 0 9 0 9 0 9 0 9 0 8 0 8 1 8 1 8 1 8 1 7 1 7 1 7 2 6 2 6 2 6 2 6 2 5 2 5 3 5 3 0 0 0 0 0 0 0 0 0 0 ]
CSI_DATA,AP,10:B4:1D:CC:60:E0,-26,11,1,7,1,1,1,1,0,0,1,-93,0,6,2,6635293,0,68,0,0,6.34471,384,[0 0 0 0 0 0 0 0 0 0 0 0 3 11 3 10 3 11 3 10 3 10 3 10 3 10 3 9 3 9 4 9 4 9 4 8 4 8 4 8 4 8 4 8 4 7 4 7 5 7 5 8 5 7 5 7 5 7 6 7 6 7 6 7 0 0 5 7 6 8 5 8 6 7 5 7 5 8 5 8 5 8 4 8 4 8 4 7 4 8 4 8 3 7 3 7 3 7 2 7 2 7 2 7 2 7 1 6 1 6 1 6 0 6 0 6 0 6 0 0 0 0 0 0 0 0 0 0 ]
CSI_DATA,AP,10:B4:1D:CC:60:E0,-26,11,1,7,1,1,1,1,0,0,1,-93,0,6,2,6725132,0,68,0,0,6.43454,384,[0 0 0 0 0 0 0 0 0 0 0 0 -2 11 -2 11 -2 11 -2 11 -2 10 -2 10 -2 10 -2 10 -2 10 -1 10 -1 9 -1 9 0 9 0 9 0 9 0 9 0 9 0 9 0 9 0 9 0 9 1 9 1 9 1 9 1 9 1 9 0 0 1 9 1 9 1 9 1 9 1 9 0 9 0 9 0 9 0 9 0 9 0 8 0 9 -1 9 -1 8 -1 8 -1 7 -2 7 -2 7 -2 7 -2 7 -3 6 -3 6 -3 6 -3 6 -3 5 -3 5 0 0 0 0 0 0 0 0 0 0 ]
CSI_DATA,AP,10:B4:1D:CC:60:E0,-27,11,1,7,1,1,1,1,0,0,1,-93,0,6,2,6815103,0,68,0,0,6.52452,384,[0 0 0 0 0 0 0 0 0 0 0 0 -5 -11 -5 -11 -5 -11 -5 -11 -5 -10 -5 -10 -5 -10 -5 -10 -5 -10 -5 -9 -5 -9 -5 -9 -6 -9 -6 -9 -6 -9 -6 -8 -6 -8 -6 -8 -6 -8 -6 -8 -6 -8 -7 -8 -7 -7 -7 -8 -7 -7 -7 -7 0 0 -7 -7 -7 -8 -7 -7 -7 -7 -7 -8 -7 -8 -7 -8 -6 -8 -6 -8 -6 -8 -6 -8 -6 -8 -5 -8 -5 -8 -5 -7 -4 -7 -4 -8 -4 -7 -3 -7 -3 -7 -3 -7 -3 -7 -2 -7 -2 -7 -2 -7 -1 -7 0 0 0 0 0 0 0 0 0 0 ]
CSI_DATA,AP,10:B4:1D:CC:60:E0,-27,11,1,7,1,1,1,1,0,0,1,-93,0,6,2,6905107,0,68,0,0,6.61452,384,[0 0 0 0 0 0 0 0 0 0 0 0 10 -5 10 -4 10 -5 9 -4 10 -5 9 -5 9 -4 9 -5 9 -5 8 -5 8 -5 8 -5 8 -5 8 -6 7 -6 8 -6 7 -6 7 -6 7 -6 7 -6 7 -6 7 -6 7 -7 6 -7 6 -7 7 -7 0 0 7 -7 7 -7 6 -7 7 -7 6 -7 7 -7 7 -6 7 -6 7 -6 7 -6 7 -6 7 -5 7 -5 7 -4 7 -4 6 -4 7 -4 6 -4 7 -3 6 -3 6 -3 6 -2 6 -2 6 -2 6 -1 6 -1 0 0 0 0 0 0 0 0 0 0 ]
CSI_DATA,AP,10:B4:1D:CC:60:E0,-27,11,1,7,1,1,1,1,0,0,1,-93,0,6,2,6995843,0,68,0,0,6.70525,384,[0 0 0 0 0 0 0 0 0 0 0 0 7 -9 7 -9 7 -9 6 -9 6 -9 6 -9 6 -9 6 -9 6 -9 5 -9 5 -9 5 -9 4 -9 4 -9 4 -9 4 -9 4 -9 3 -9 3 -9 3 -9 3 -9 3 -9 3 -9 3 -10 2 -10 3 -9 0 0 3 -10 3 -10 3 -10 3 -10 3 -10 3 -9 3 -9 4 -9 4 -9 4 -9 4 -8 4 -8 4 -8 4 -8 4 -7 4 -7 4 -7 4 -6 4 -6 4 -6 5 -5 5 -6 5 -5 5 -5 5 -4 5 -4 0 0 0 0 0 0 0 0 0 0 ]
CSI_DATA,AP,10:B4:1D:CC:60:E0,-27,11,1,7,1,1,1,1,0,0,1,-93,0,6,2,7085229,0,68,0,0,6.79463,384,[0 0 0 0 0 0 0 0 0 0 0 0 2 -11 2 -12 1 -11 2 -11 2 -11 1 -11 1 -11 1 -11 1 -10 1 -10 1 -10 0 -10 0 -10 0 -10 0 -10 0 -10 0 -10 -1 -10 -1 -10 -1 -10 -1 -10 -1 -10 -1 -10 -2 -10 -2 -10 -2 -10 0 0 -1 -10 -2 -10 -2 -10 -1 -10 -1 -10 -1 -10 -1 -10 -1 -10 -1 -10 0 -10 0 -9 0 -9 0 -9 0 -9 1 -8 1 -8 1 -8 1 -8 1 -8 2 -7 2 -7 2 -7 2 -7 2 -6 2 -6 3 -6 0 0 0 0 0 0 0 0 0 0 ]
CSI_DATA,AP,10:B4:1D:CC:60:E0,-27,11,1,7,1,1,1,1,0,0,1,-93,0,6,2,7175110,0,68,0,0,6.88452,384,[0 0 0 0 0 0 0 0 0 0 0 0 -12 -3 -12 -3 -12 -3 -11 -3 -11 -2 -11 -2 -11 -2 -11 -2 -11 -2 -11 -2 -11 -1 -10 -1 -10 -1 -10 0 -10 0 -10 0 -10 0 -10 0 -10 1 -10 0 -10 1 -10 1 -10 1 -10 1 -10 1 -10 2 0 0 -10 1 -10 1 -10 1 -10 1 -10 1 -10 1 -10 0 -10 0 -10 0 -10 0 -10 0 -9 0 -9 0 -9 -1 -9 -1 -9 -1 -9 -1 -8 -1 -8 -2 -8 -2 -8 -2 -7 -2 -7 -2 -7 -3 -7 -3 -6 -3 0 0 0 0 0 0 0 0 0 0 ]
CSI_DATA,AP,10:B4:1D:CC:60:E0,-27,11,1,7,1,1,1,1,0,0,1,-93,0,6,2,7265116,0,68,0,0,6.97452,384,[0 0 0 0 0 0 0 0 0 0 0 0 -10 -7 -10 -7 -10 -7 -10 -7 -10 -7 -10 -6 -10 -6 -9 -6 -9 -6 -9 -5 -10 -5 -9 -5 -10 -5 -9 -5 -9 -4 -10 -4 -9 -4 -10 -3 -10 -4 -10 -3 -10 -3 -10 -3 -10 -3 -10 -3 -10 -3 -10 -3 0 0 -10 -3 -10 -3 -10 -3 -10 -3 -10 -3 -10 -3 -10 -4 -10 -4 -9 -4 -9 -4 -9 -4 -9 -4 -9 -4 -8 -4 -8 -4 -8 -4 -7 -5 -7 -5 -7 -5 -7 -5 -6 -5 -6 -5 -6 -5 -5 -5 -5 -5 -5 -6 0 0 0 0 0 0 0 0 0 0 ]
CSI_DATA,AP,10:B4:1D:CC:60:E0,-27,11,1,7,1,1,1,1,0,0,1,-93,0,6,2,7355171,0,68,0,0,7.06458,384,[0 0 0 0 0 0 0 0 0 0 0 0 -9 7 -9 7 -9 7 -8 7 -8 7 -8 7 -8 7 -8 7 -7 7 -7 7 -7 7 -7 7 -6 7 -6 7 -6 7 -6 7 -6 7 -5 7 -5 8 -5 8 -5 8 -5 8 -5 8 -5 8 -5 8 -5 8 0 0 -5 8 -5 8 -5 8 -5 8 -5 8 -5 8 -5 8 -5 7 -6 7 -6 7 -6 7 -6 7 -6 6 -6 6 -6 6 -6 5 -6 5 -6 5 -6 5 -6 4 -6 4 -6 4 -6 3 -6 3 -6 3 -6 2 0 0 0 0 0 0 0 0 0 0 ]
CSI_DATA,AP,10:B4:1D:CC:60:E0,-21,11,0,0,0,0,0,0,0,0,0,-93,0,6,2,7389684,0,66,0,0,7.09916,128,[0 0 0 0 0 0 0 0 0 0 0 0 -7 15 -6 14 -6 14 -6 14 -6 14 -5 13 -5 13 -5 14 -5 13 -4 13 -4 13 -4 13 -4 13 -4 13 -3 13 -3 13 -3 13 -2 13 -2 12 -1 13 -1 13 -1 13 -1 13 -1 13 -1 13 -1 13 0 0 -1 13 -1 14 -1 13 -1 13 -2 13 -2 13 -2 13 -2 13 -2 13 -3 12 -3 12 -3 12 -4 11 -4 11 -4 11 -4 10 -4 10 -4 10 -4 9 -5 9 -5 9 -5 8 -5 8 -6 7 -6 7 -6 6 0 0 0 0 0 0 0 0 0 0 ]
CSI_DATA,AP,10:B4:1D:CC:60:E0,-26,11,1,7,1,1,1,1,0,0,1,-93,0,6,2,7445149,0,68,0,0,7.15455,384,[0 0 0 0 0 0 0 0 0 0 0 0 -7 8 -8 8 -7 8 -7 8 -7 8 -7 8 -7 7 -6 8 -6 7 -6 8 -6 8 -5 7 -5 8 -5 8 -5 8 -5 7 -4 8 -4 8 -4 8 -4 8 -4 8 -4 8 -4 8 -3 8 -3 8 -3 8 0 0 -4 8 -3 8 -4 8 -4 8 -4 8 -4 8 -4 8 -4 8 -5 8 -5 7 -5 7 -5 7 -5 7 -5 7 -5 6 -5 6 -5 6 -5 5 -5 5 -5 5 -5 4 -5 4 -5 4 -6 4 -6 3 -6 3 0 0 0 0 0 0 0 0 0 0 ]
CSI_DATA,AP,10:B4:1D:CC:60:E0,-27,11,1,7,1,1,1,1,0,0,1,-93,0,6,2,7535130,0,68,0,0,7.24454,384,[0 0 0 0 0 0 0 0 0 0 0 0 -3 11 -3 10 -2 11 -2 10 -2 10 -2 10 -2 10 -2 10 -2 10 -1 9 -1 9 -1 9 -1 9 -1 9 -1 9 0 9 0 9 0 9 0 9 0 9 0 9 1 9 1 9 1 9 1 9 1 9 0 0 1 9 1 9 1 9 1 9 0 9 0 9 0 9 0 9 -1 9 -1 9 -1 9 -1 9 -1 8 -1 8 -2 8 -2 7 -2 7 -2 7 -2 7 -3 6 -3 6 -3 6 -3 6 -3 5 -4 5 -4 5 0 0 0 0 0 0 0 0 0 0 ]
CSI_DATA,AP,10:B4:1D:CC:60:E0,-26,11,1,7,1,1,1,1,0,0,1,-93,0,6,2,7626478,0,68,0,0,7.33589,384,[0 0 0 0 0 0 0 0 0 0 0 0 8 7 8 7 8 7 7 6 8 7 8 6 8 6 8 6 8 6 8 6 8 5 8 5 8 5 8 4 8 5 8 4 8 4 8 4 8 3 8 4 8 4 8 3 8 3 8 3 8 3 8 3 0 0 9 3 8 3 8 3 9 3 8 3 8 4 8 4 8 4 8 4 8 4 7 4 7 4 7 4 6 4 7 4 6 4 6 4 5 4 5 4 5 4 5 5 4 5 4 5 4 5 3 5 3 5 0 0 0 0 0 0 0 0 0 0 ]
CSI_DATA,AP,10:B4:1D:CC:60:E0,-27,11,1,7,1,1,1,1,0,0,1,-93,0,6,2,7715396,0,68,0,0,7.4248,384,[0 0 0 0 0 0 0 0 0 0 0 0 6 -10 6 -10 5 -10 5 -9 5 -9 5 -9 5 -9 5 -9 5 -9 4 -9 4 -9 4 -9 4 -9 4 -9 3 -9 3 -9 3 -9 3 -9 3 -9 3 -9 2 -9 2 -9 2 -9 2 -9 2 -9 2 -9 0 0 2 -10 2 -10 2 -10 2 -9 2 -9 3 -10 3 -9 3 -9 3 -9 3 -9 3 -8 3 -8 3 -8 4 -8 4 -7 4 -7 4 -7 4 -6 4 -6 4 -6 4 -6 4 -5 4 -5 4 -5 4 -4 5 -4 0 0 0 0 0 0 0 0 0 0 ]
CSI_DATA,AP,10:B4:1D:CC:60:E0,-27,11,1,7,1,1,1,1,0,0,1,-93,0,6,2,7805172,0,68,0,0,7.51458,384,[0 0 0 0 0 0 0 0 0 0 0 0 -9 -8 -9 -8 -9 -8 -9 -8 -9 -7 -9 -7 -9 -7 -9 -7 -9 -6 -9 -6 -9 -6 -9 -6 -9 -6 -9 -5 -9 -5 -9 -5 -9 -5 -9 -4 -9 -4 -9 -4 -9 -4 -9 -4 -10 -4 -9 -4 -10 -4 -10 -3 0 0 -10 -3 -10 -4 -10 -4 -10 -4 -10 -4 -10 -4 -9 -4 -9 -4 -9 -4 -9 -4 -9 -4 -8 -5 -8 -5 -8 -5 -8 -5 -7 -5 -7 -5 -7 -5 -6 -5 -6 -5 -6 -5 -6 -5 -5 -6 -5 -6 -5 -6 -4 -6 0 0 0 0 0 0 0 0 0 0 ]
CSI_DATA,AP,10:B4:1D:CC:60:E0,-26,11,1,7,1,1,1,1,0,0,1,-93,0,6,2,7896383,0,68,0,0,7.60579,384,[0 0 0 0 0 0 0 0 0 0 0 0 11 -3 11 -3 10 -3 10 -3 10 -3 10 -3 10 -3 10 -3 9 -3 9 -4 9 -4 9 -4 8 -4 8 -4 8 -4 8 -5 8 -4 8 -5 8 -5 8 -5 8 -5 8 -5 8 -5 8 -6 8 -5 8 -6 0 0 8 -5 8 -5 8 -5 8 -5 8 -5 8 -5 8 -5 8 -5 8 -4 8 -4 8 -4 8 -4 8 -3 8 -3 8 -3 7 -2 7 -2 7 -2 7 -2 7 -1 7 -1 6 -1 6 -1 6 0 6 0 6 1 0 0 0 0 0 0 0 0 0 0 ]
CSI_DATA,AP,10:B4:1D:CC:60:E0,-27,11,1,7,1,1,1,1,0,0,1,-93,0,6,2,7985105,0,68,0,0,7.69451,384,[0 0 0 0 0 0 0 0 0 0 0 0 -11 3 -11 3 -10 3 -10 3 -10 3 -10 3 -10 3 -10 4 -10 3 -9 4 -9 4 -9 4 -9 4 -9 4 -9 4 -8 5 -8 4 -8 5 -8 5 -8 5 -8 5 -8 5 -8 5 -8 5 -8 6 -8 6 0 0 -8 6 -8 6 -8 5 -8 6 -8 5 -8 5 -8 5 -8 5 -8 4 -8 4 -8 4 -8 4 -8 4 -8 3 -8 3 -8 2 -8 2 -8 2 -7 2 -8 1 -8 1 -7 1 -7 1 -7 0 -7 0 -7 0 0 0 0 0 0 0 0 0 0 0 ]
CSI_DATA,AP,10:B4:1D:CC:60:E0,-26,11,1,7,1,1,1,1,0,0,1,-93,0,6,2,8075117,0,68,0,0,7.78453,384,[0 0 0 0 0 0 0 0 0 0 0 0 11 0 11 0 11 0 11 0 10 0 10 0 10 0 10 0 10 -1 10 -1 10 -1 9 -1 9 -1 9 -2 9 -2 9 -2 9 -2 9 -2 9 -2 9 -3 9 -2 9 -3 9 -3 9 -3 9 -3 9 -3 0 0 9 -3 9 -3 9 -3 9 -3 9 -3 9 -3 9 -2 9 -2 9 -2 9 -2 9 -2 8 -1 8 -1 8 -1 8 -1 8 0 7 0 7 0 7 0 7 1 7 1 6 1 6 1 6 1 6 2 6 2 0 0 0 0 0 0 0 0 0 0 ]
CSI_DATA,AP,10:B4:1D:CC:60:E0,-26,11,1,7,1,1,1,1,0,0,1,-93,0,6,2,8165209,0,68,0,0,7.87462,384,[0 0 0 0 0 0 0 0 0 0 0 0 7 8 7 8 7 8 7 8 7 8 7 7 7 7 7 7 7 7 7 6 7 6 7 6 7 6 7 6 7 6 7 5 7 5 7 5 7 5 8 5 8 5 8 5 8 4 8 4 8 4 8 4 0 0 8 4 8 4 8 5 8 4 8 5 8 5 7 5 7 5 7 5 7 5 7 5 7 5 6 5 6 5 6 6 5 5 5 6 5 5 4 5 4 5 4 5 3 6 3 6 3 5 3 6 2 5 0 0 0 0 0 0 0 0 0 0 ]
CSI_DATA,AP,10:B4:1D:CC:60:E0,-26,11,1,7,1,1,1,1,0,0,1,-93,0,6,2,8255159,0,68,0,0,7.96457,384,[0 0 0 0 0 0 0 0 0 0 0 0 9 -6 9 -6 9 -6 9 -6 9 -6 9 -6 8 -6 8 -6 8 -6 8 -6 7 -6 7 -6 7 -6 7 -7 6 -7 7 -7 6 -7 6 -7 6 -7 6 -7 6 -7 5 -7 6 -8 5 -8 5 -8 5 -8 0 0 6 -8 5 -8 5 -8 6 -8 6 -8 6 -8 6 -7 6 -7 6 -7 6 -7 6 -7 6 -7 6 -6 6 -6 6 -6 6 -5 6 -5 6 -5 6 -5 6 -4 6 -4 6 -4 5 -3 5 -3 6 -3 6 -2 0 0 0 0 0 0 0 0 0 0 ]
CSI_DATA,AP,10:B4:1D:CC:60:E0,-24,11,1,7,0,1,1,1,0,0,1,-93,0,6,2,8346116,0,68,0,0,8.05552,256,[0 0 0 0 0 0 0 0 0 0 0 0 -15 8 -15 8 -14 8 -14 8 -14 8 -14 8 -13 8 -13 8 -12 8 -12 8 -12 8 -12 8 -11 8 -11 9 -11 9 -11 9 -10 9 -10 9 -10 9 -10 9 -9 10 -10 9 -9 10 -9 10 -9 10 -9 10 0 0 -10 10 -10 10 -10 10 -10 10 -10 10 -10 10 -10 9 -10 9 -11 9 -11 8 -11 8 -10 8 -11 7 -11 7 -11 6 -11 6 -10 5 -10 5 -10 5 -10 4 -10 4 -10 3 -10 3 -10 2 -10 2 -10 1 0 0 0 0 0 0 0 0 0 0 ]
CSI_DATA,AP,10:B4:1D:CC:60:E0,-26,11,1,7,1,1,1,1,0,0,1,-93,0,6,2,8435182,0,68,0,0,8.1446,384,[0 0 0 0 0 0 0 0 0 0 0 0 10 -6 10 -6 10 -6 9 -6 9 -6 9 -6 9 -5 9 -6 9 -5 8 -6 8 -6 8 -6 8 -6 7 -6 7 -6 7 -6 7 -6 7 -6 7 -7 7 -7 7 -7 6 -7 7 -7 6 -7 6 -7 7 -7 0 0 7 -7 7 -7 7 -7 7 -7 7 -7 7 -7 7 -7 7 -6 7 -6 7 -6 7 -6 7 -6 7 -5 7 -5 7 -4 7 -4 7 -4 7 -3 7 -3 7 -3 7 -2 6 -3 6 -2 6 -2 6 -1 6 -1 0 0 0 0 0 0 0 0 0 0 ]
CSI_DATA,AP,10:B4:1D:CC:60:E0,-26,11,1,7,1,1,1,1,0,0,1,-93,0,6,2,8525717,0,68,0,0,8.23512,384,[0 0 0 0 0 0 0 0 0 0 0 0 11 -1 11 -1 10 -1 10 -1 10 -1 10 -1 10 -1 10 -2 10 -1 9 -2 9 -2 9 -2 9 -2 8 -3 9 -3 8 -3 9 -3 8 -3 8 -4 8 -4 8 -4 8 -4 8 -4 8 -4 8 -4 8 -5 0 0 8 -4 8 -4 8 -4 8 -4 8 -4 8 -4 9 -3 8 -3 9 -3 8 -3 8 -3 8 -3 8 -2 8 -2 7 -2 8 -2 7 -1 7 -1 7 -1 7 0 7 0 6 0 6 0 6 0 6 1 6 1 0 0 0 0 0 0 0 0 0 0 ]
CSI_DATA,AP,10:B4:1D:CC:60:E0,-26,11,1,7,1,1,1,1,0,0,1,-93,0,6,2,8615772,0,68,0,0,8.32518,384,[0 0 0 0 0 0 0 0 0 0 0 0 0 11 0 11 0 11 0 11 1 11 0 10 0 10 0 10 1 10 1 10 1 9 2 9 2 9 2 9 2 9 2 9 2 8 3 9 3 9 3 9 3 9 3 9 3 9 4 9 4 8 3 8 0 0 3 9 4 9 3 8 4 9 3 9 3 9 3 9 2 9 2 9 2 9 2 8 2 8 2 8 1 8 1 8 1 8 1 8 0 7 0 7 0 7 -1 7 -1 7 -1 7 -1 6 -1 6 -2 6 0 0 0 0 0 0 0 0 0 0 ]
CSI_DATA,AP,10:B4:1D:CC:60:E0,-26,11,1,7,1,1,1,1,0,0,1,-93,0,6,2,8705162,0,68,0,0,8.41457,384,[0 0 0 0 0 0 0 0 0 0 0 0 -12 -3 -12 -3 -12 -3 -11 -3 -11 -2 -11 -2 -11 -2 -11 -2 -11 -2 -10 -1 -11 -1 -11 -1 -10 -1 -10 -1 -10 0 -10 0 -10 0 -10 0 -10 1 -10 1 -10 1 -10 1 -10 1 -10 1 -10 1 -10 1 0 0 -10 1 -10 1 -10 1 -11 1 -10 1 -10 1 -10 1 -10 0 -10 0 -10 0 -10 0 -9 0 -9 -1 -9 -1 -9 -1 -9 -1 -9 -1 -9 -2 -8 -2 -8 -2 -8 -2 -7 -3 -7 -2 -7 -3 -7 -3 -6 -4 0 0 0 0 0 0 0 0 0 0 ]
CSI_DATA,AP,10:B4:1D:CC:60:E0,-26,11,1,7,1,1,1,1,0,0,1,-93,0,6,2,8795114,0,68,0,0,8.50452,384,[0 0 0 0 0 0 0 0 0 0 0 0 5 9 5 9 5 9 5 9 5 9 5 8 5 8 5 8 5 8 5 8 5 7 6 7 5 7 6 7 6 7 6 6 6 6 6 6 6 6 6 6 6 6 6 6 7 6 7 6 7 5 7 5 0 0 7 5 7 6 7 6 7 6 7 6 7 6 6 6 6 6 6 6 6 6 6 6 5 6 5 6 5 6 4 6 4 6 4 6 3 6 3 6 3 6 3 6 2 6 2 6 1 6 1 6 1 6 0 0 0 0 0 0 0 0 0 0 ]
CSI_DATA,AP,10:B4:1D:CC:60:E0,-26,11,1,7,1,1,1,1,0,0,1,-93,0,6,2,8885278,0,68,0,0,8.59468,384,[0 0 0 0 0 0 0 0 0 0 0 0 1 -12 0 -12 0 -12 0 -12 0 -12 0 -11 0 -11 0 -11 -1 -11 -1 -11 -1 -11 -1 -10 -1 -10 -1 -10 -2 -10 -2 -10 -2 -10 -2 -10 -3 -10 -3 -10 -3 -10 -3 -10 -3 -10 -3 -10 -3 -10 -3 -10 0 0 -3 -10 -3 -10 -4 -10 -3 -10 -3 -10 -3 -10 -3 -10 -3 -10 -2 -10 -2 -10 -2 -10 -2 -10 -1 -9 -1 -9 -1 -9 -1 -9 -1 -9 0 -8 0 -8 0 -8 0 -8 0 -8 1 -7 1 -7 1 -7 2 -6 0 0 0 0 0 0 0 0 0 0 ]
CSI_DATA,AP,10:B4:1D:CC:60:E0,-26,11,1,7,1,1,1,1,0,0,1,-93,0,6,2,8975208,0,68,0,0,8.68462,384,[0 0 0 0 0 0 0 0 0 0 0 0 -8 8 -8 8 -7 8 -7 8 -7 8 -7 8 -7 8 -6 8 -6 8 -6 8 -6 8 -5 8 -5 8 -5 8 -5 8 -5 8 -4 8 -4 8 -4 8 -4 8 -4 8 -3 8 -3 8 -3 9 -3 8 -3 8 0 0 -4 9 -3 9 -3 9 -4 9 -3 9 -4 9 -4 8 -4 8 -4 8 -5 8 -5 8 -4 7 -5 7 -5 7 -5 6 -5 6 -5 6 -5 6 -5 5 -5 5 -5 5 -5 5 -5 4 -5 4 -6 4 -5 3 0 0 0 0 0 0 0 0 0 0 ]
CSI_DATA,AP,10:B4:1D:CC:60:E0,-26,11,1,7,1,1,1,1,0,0,1,-93,0,6,2,9065034,0,68,0,0,8.77445,384,[0 0 0 0 0 0 0 0 0 0 0 0 -9 8 -8 7 -8 7 -8 7 -8 7 -8 7 -8 7 -7 7 -7 7 -7 7 -7 7 -7 7 -6 7 -6 7 -6 7 -6 7 -6 7 -5 7 -5 8 -5 8 -5 8 -5 8 -5 8 -4 8 -4 8 -4 8 0 0 -5 8 -4 8 -5 8 -5 8 -5 8 -5 8 -5 8 -5 8 -6 8 -6 7 -6 7 -5 7 -6 7 -6 6 -6 6 -6 5 -6 5 -6 5 -6 5 -6 4 -6 4 -6 4 -6 4 -6 3 -6 3 -6 2 0 0 0 0 0 0 0 0 0 0 ]
CSI_DATA,AP,10:B4:1D:CC:60:E0,-26,11,1,7,1,1,1,1,0,0,1,-93,0,6,2,9155240,0,68,0,0,8.86465,384,[0 0 0 0 0 0 0 0 0 0 0 0 -5 -11 -5 -11 -5 -10 -5 -10 -5 -10 -5 -10 -5 -10 -5 -9 -5 -9 -6 -9 -6 -9 -6 -9 -6 -9 -6 -8 -6 -8 -6 -8 -6 -8 -6 -7 -7 -8 -7 -7 -7 -7 -7 -7 -7 -7 -7 -7 -7 -7 -7 -7 0 0 -8 -7 -7 -7 -8 -7 -7 -7 -7 -7 -7 -8 -7 -8 -7 -8 -6 -8 -6 -7 -6 -7 -6 -8 -5 -8 -5 -8 -5 -7 -5 -7 -4 -7 -4 -7 -4 -7 -4 -7 -3 -7 -3 -7 -3 -7 -2 -7 -2 -7 -2 -6 0 0 0 0 0 0 0 0 0 0 ]
CSI_DATA,AP,10:B4:1D:CC:60:E0,-26,11,1,7,1,1,1,1,0,0,1,-93,0,6,2,9248635,0,68,0,0,8.95804,384,[0 0 0 0 0 0 0 0 0 0 0 0 -12 -5 -11 -4 -11 -4 -11 -4 -11 -4 -11 -4 -11 -4 -11 -4 -10 -3 -11 -3 -11 -3 -10 -2 -10 -2 -10 -2 -10 -2 -10 -1 -10 -1 -10 -1 -10 -1 -10 -1 -10 -1 -10 -1 -10 0 -10 0 -10 0 -10 0 0 0 -11 0 -10 0 -10 0 -11 0 -10 0 -10 -1 -10 -1 -10 -1 -10 -1 -10 -1 -10 -1 -9 -2 -9 -2 -9 -2 -9 -2 -9 -2 -8 -3 -8 -3 -8 -3 -8 -3 -7 -3 -7 -3 -7 -3 -6 -3 -6 -4 -6 -4 0 0 0 0 0 0 0 0 0 0 ]
CSI_DATA,AP,10:B4:1D:CC:60:E0,-26,11,1,7,1,1,1,1,0,0,1,-93,0,6,2,9335207,0,68,0,0,9.04462,384,[0 0 0 0 0 0 0 0 0 0 0 0 7 7 7 7 8 7 7 7 7 7 7 7 7 6 7 6 7 6 7 6 7 6 7 5 7 5 7 5 7 5 8 4 7 4 7 4 8 4 8 4 8 4 8 3 8 3 8 3 8 3 8 3 0 0 8 3 8 3 8 3 8 3 8 3 8 4 8 4 8 4 8 4 7 4 7 4 7 4 7 4 6 4 6 4 6 4 6 4 5 4 5 4 5 4 5 5 4 5 4 5 3 5 3 5 3 5 0 0 0 0 0 0 0 0 0 0 ]
CSI_DATA,AP,10:B4:1D:CC:60:E0,-27,11,1,7,1,1,1,1,0,0,1,-93,0,6,2,9425731,0,68,0,0,9.13514,384,[0 0 0 0 0 0 0 0 0 0 0 0 10 -4 10 -4 10 -4 10 -4 10 -4 10 -4 9 -4 9 -5 9 -5 8 -4 8 -5 8 -5 8 -5 8 -5 8 -5 7 -6 7 -6 7 -6 7 -6 7 -6 7 -6 7 -6 7 -7 7 -7 7 -7 7 -6 0 0 7 -7 7 -7 7 -7 7 -7 7 -7 7 -6 7 -6 7 -6 8 -5 8 -5 7 -5 7 -5 7 -4 7 -4 7 -4 7 -4 7 -3 7 -3 7 -3 7 -3 7 -2 6 -2 6 -2 6 -2 6 -1 6 -1 0 0 0 0 0 0 0 0 0 0 ]
CSI_DATA,AP,10:B4:1D:CC:60:E0,-26,11,1,7,1,1,1,1,0,0,1,-93,0,6,2,9517229,0,68,0,0,9.22665,384,[0 0 0 0 0 0 0 0 0 0 0 0 -2 11 -2 11 -2 11 -2 11 -2 10 -2 10 -2 10 -2 10 -1 10 -1 10 -1 10 -1 9 0 9 -1 9 0 9 0 9 0 9 0 9 1 9 1 9 1 9 1 9 1 9 1 9 1 9 1 9 0 0 1 9 1 9 1 9 1 9 1 10 1 9 1 9 0 9 0 9 0 9 0 9 0 9 -1 9 -1 8 -1 8 -1 8 -2 8 -2 7 -2 7 -2 7 -2 6 -3 6 -3 6 -3 6 -3 5 -3 5 0 0 0 0 0 0 0 0 0 0 ]
CSI_DATA,AP,10:B4:1D:CC:60:E0,-26,11,1,7,1,1,1,1,0,0,1,-93,0,6,2,9605202,0,68,0,0,9.31462,384,[0 0 0 0 0 0 0 0 0 0 0 0 -12 4 -11 4 -11 4 -11 4 -11 4 -10 4 -10 4 -10 4 -10 4 -9 4 -10 4 -9 4 -9 4 -9 5 -9 4 -9 5 -9 5 -8 5 -8 5 -8 5 -8 5 -8 5 -8 6 -8 6 -8 6 -8 6 0 0 -8 6 -8 6 -8 6 -9 6 -8 5 -8 5 -9 5 -8 5 -9 4 -9 4 -9 4 -8 4 -8 4 -8 3 -9 3 -8 2 -8 2 -8 2 -8 2 -8 1 -8 1 -7 1 -7 1 -7 0 -7 0 -7 -1 0 0 0 0 0 0 0 0 0 0 ]
CSI_DATA,AP,10:B4:1D:CC:60:E0,-26,11,1,7,1,1,1,1,0,0,1,-93,0,6,2,9695158,0,68,0,0,9.40457,384,[0 0 0 0 0 0 0 0 0 0 0 0 -4 -12 -4 -12 -4 -11 -4 -11 -4 -11 -5 -10 -5 -10 -5 -10 -5 -10 -5 -10 -5 -10 -5 -9 -5 -9 -5 -9 -6 -9 -6 -8 -6 -8 -6 -8 -6 -8 -6 -8 -6 -8 -6 -8 -7 -8 -7 -8 -7 -8 -7 -8 0 0 -7 -8 -7 -8 -7 -8 -7 -8 -7 -8 -7 -8 -7 -9 -6 -8 -6 -8 -6 -8 -5 -8 -5 -8 -5 -8 -5 -8 -5 -8 -4 -8 -4 -8 -4 -8 -4 -8 -3 -7 -3 -7 -2 -7 -2 -7 -2 -7 -2 -7 -1 -7 0 0 0 0 0 0 0 0 0 0 ]
CSI_DATA,AP,10:B4:1D:CC:60:E0,-26,11,1,7,1,1,1,1,0,0,1,-93,0,6,2,9785178,0,68,0,0,9.49459,384,[0 0 0 0 0 0 0 0 0 0 0 0 -4 -12 -4 -11 -4 -12 -4 -11 -4 -11 -4 -11 -4 -11 -4 -10 -4 -10 -4 -10 -4 -10 -4 -10 -5 -10 -5 -9 -5 -9 -5 -9 -5 -9 -6 -9 -6 -9 -6 -9 -6 -9 -6 -9 -6 -8 -6 -8 -6 -9 -6 -8 0 0 -6 -9 -6 -9 -6 -9 -6 -9 -6 -9 -6 -9 -5 -9 -5 -9 -5 -9 -5 -9 -4 -9 -4 -9 -4 -9 -3 -9 -3 -9 -3 -8 -3 -8 -3 -8 -2 -8 -2 -8 -2 -8 -1 -7 -1 -8 -1 -7 0 -7 0 -7 0 0 0 0 0 0 0 0 0 0 ]
CSI_DATA,AP,10:B4:1D:CC:60:E0,-26,11,1,7,1,1,1,1,0,0,1,-93,0,6,2,9875087,0,68,0,0,9.5845,384,[0 0 0 0 0 0 0 0 0 0 0 0 1 11 1 11 2 11 1 10 2 10 2 10 2 10 2 10 2 9 2 9 2 9 3 9 3 9 3 9 3 9 3 8 3 8 4 8 4 8 4 8 4 8 4 8 4 8 5 8 5 8 5 8 0 0 5 8 5 8 4 8 4 8 4 8 4 8 4 8 4 8 3 8 3 8 3 8 3 8 3 8 2 8 2 8 2 7 2 7 1 7 1 7 1 7 0 7 0 7 0 6 0 6 -1 6 -1 6 0 0 0 0 0 0 0 0 0 0 ]
CSI_DATA,AP,10:B4:1D:CC:60:E0,-26,11,1,7,1,1,1,1,0,0,1,-93,0,6,2,9965448,0,68,0,0,9.67485,384,[0 0 0 0 0 0 0 0 0 0 0 0 -4 -12 -4 -11 -4 -11 -4 -11 -4 -11 -4 -11 -4 -11 -4 -10 -4 -10 -4 -10 -4 -10 -4 -10 -5 -10 -5 -9 -5 -9 -5 -9 -5 -9 -5 -9 -6 -9 -6 -9 -6 -9 -6 -9 -6 -8 -6 -8 -6 -8 -6 -8 0 0 -6 -9 -6 -9 -6 -9 -6 -9 -6 -9 -6 -9 -6 -9 -5 -9 -5 -9 -5 -9 -5 -9 -4 -9 -4 -9 -4 -9 -3 -8 -3 -8 -3 -8 -3 -8 -2 -8 -2 -7 -2 -8 -1 -8 -1 -8 -1 -7 -1 -7 0 -7 0 0 0 0 0 0 0 0 0 0 ]
CSI_DATA,AP,10:B4:1D:CC:60:E0,-27,11,1,7,1,1,1,1,0,0,1,-93,0,6,2,10055184,0,68,0,0,9.7646,384,[0 0 0 0 0 0 0 0 0 0 0 0 10 4 10 4 10 4 9 4 9 4 9 4 9 4 9 4 9 3 9 3 9 3 9 2 9 2 9 2 9 2 9 1 9 1 9 1 9 1 9 1 9 1 9 1 9 0 9 0 9 0 9 0 0 0 10 0 9 0 9 0 9 0 9 0 9 1 9 1 9 1 9 1 9 1 9 1 8 1 8 2 8 2 8 2 7 2 7 2 7 2 7 2 6 3 6 3 6 3 5 3 5 3 5 3 4 3 0 0 0 0 0 0 0 0 0 0 ]
CSI_DATA,AP,10:B4:1D:CC:60:E0,-26,11,1,7,1,1,1,1,0,0,1,-93,0,6,2,10145231,0,68,0,0,9.85464,384,[0 0 0 0 0 0 0 0 0 0 0 0 11 -1 11 -2 10 -2 10 -2 10 -2 10 -2 10 -2 10 -2 10 -2 9 -2 9 -2 9 -2 9 -3 9 -3 9 -3 9 -3 9 -3 8 -4 8 -4 8 -4 8 -4 8 -4 8 -4 8 -4 8 -5 9 -5 0 0 9 -4 8 -4 8 -4 9 -4 8 -4 8 -4 9 -4 9 -3 9 -3 9 -3 8 -3 8 -2 8 -2 8 -2 8 -2 8 -2 8 -1 7 -1 7 -1 7 0 7 0 7 0 6 0 6 0 6 1 6 1 0 0 0 0 0 0 0 0 0 0 ]
CSI_DATA,AP,10:B4:1D:CC:60:E0,-26,11,1,7,1,1,1,1,0,0,1,-93,0,6,2,10236256,0,68,0,0,9.94583,384,[0 0 0 0 0 0 0 0 0 0 0 0 -11 6 -10 6 -10 5 -10 5 -9 6 -10 6 -10 5 -9 6 -9 5 -8 5 -9 6 -8 6 -8 6 -8 6 -8 6 -8 6 -7 6 -7 6 -7 7 -7 7 -7 7 -7 7 -7 7 -7 7 -6 7 -7 7 0 0 -7 7 -7 7 -7 7 -7 7 -7 7 -7 7 -7 7 -7 7 -8 6 -7 6 -8 6 -7 6 -7 5 -7 5 -7 4 -7 4 -7 4 -7 4 -7 3 -7 3 -7 2 -7 2 -7 2 -7 2 -7 1 -7 1 0 0 0 0 0 0 0 0 0 0 ]
CSI_DATA,AP,10:B4:1D:CC:60:E0,-27,11,1,7,1,1,1,1,0,0,1,-93,0,6,2,10325228,0,68,0,0,10.0346,384,[0 0 0 0 0 0 0 0 0 0 0 0 -12 -4 -11 -4 -11 -3 -11 -3 -11 -3 -11 -3 -11 -3 -11 -3 -11 -3 -10 -3 -11 -2 -10 -2 -10 -2 -10 -1 -10 -1 -10 -1 -10 -1 -10 -1 -10 -1 -10 -1 -10 -1 -10 0 -10 0 -10 0 -10 0 -10 0 0 0 -10 0 -10 0 -10 0 -11 0 -10 0 -10 -1 -10 -1 -10 -1 -10 -1 -10 -1 -10 -1 -9 -2 -9 -2 -9 -2 -9 -2 -8 -2 -8 -3 -8 -3 -8 -3 -7 -3 -7 -3 -7 -3 -7 -4 -6 -4 -6 -4 -6 -4 0 0 0 0 0 0 0 0 0 0 ]
CSI_DATA,AP,10:B4:1D:CC:60:E0,-26,11,1,7,1,1,1,1,0,0,1,-93,0,6,2,10416808,0,68,0,0,10.1262,384,[0 0 0 0 0 0 0 0 0 0 0 0 -1 11 0 11 -1 11 0 11 0 10 0 10 0 10 0 10 0 10 0 10 0 10 1 9 1 9 1 9 1 9 1 9 1 9 2 9 2 9 2 9 2 8 2 9 2 8 3 9 3 9 3 9 0 0 3 9 3 9 3 9 3 9 2 9 2 9 2 9 2 9 1 9 1 9 1 9 1 8 0 8 0 8 0 8 0 8 0 8 0 7 -1 7 -1 7 -1 7 -2 7 -2 6 -2 6 -2 6 -2 5 0 0 0 0 0 0 0 0 0 0 ]
CSI_DATA,AP,10:B4:1D:CC:60:E0,-26,11,1,7,1,1,1,1,0,0,1,-93,0,6,2,10505273,0,68,0,0,10.2147,384,[0 0 0 0 0 0 0 0 0 0 0 0 10 5 10 4 10 4 9 4 9 4 9 4 9 3 9 3 9 3 9 3 9 2 9 2 9 2 9 2 9 1 9 1 9 1 9 1 9 1 9 1 9 1 9 1 9 0 9 0 9 0 9 0 0 0 9 0 9 0 9 0 9 0 9 0 9 1 9 1 9 1 9 1 9 2 8 2 8 2 8 2 7 2 8 2 7 2 7 2 7 3 7 2 6 3 6 3 5 3 5 3 5 3 5 3 4 4 0 0 0 0 0 0 0 0 0 0 ]
CSI_DATA,AP,10:B4:1D:CC:60:E0,-27,11,1,7,1,1,1,1,0,0,1,-93,0,6,2,10596387,0,68,0,0,10.3058,384,[0 0 0 0 0 0 0 0 0 0 0 0 5 -11 5 -10 5 -11 5 -10 4 -10 4 -10 4 -10 4 -10 4 -10 3 -10 3 -10 3 -10 2 -10 2 -10 2 -10 2 -10 2 -10 1 -10 1 -10 1 -10 1 -10 1 -10 1 -10 0 -10 0 -10 0 -10 0 0 1 -10 0 -10 0 -10 1 -10 0 -10 1 -10 1 -10 1 -10 2 -10 1 -10 1 -9 1 -9 2 -9 2 -9 2 -8 2 -8 2 -8 2 -8 3 -7 3 -7 3 -7 3 -7 3 -6 3 -6 3 -6 3 -5 0 0 0 0 0 0 0 0 0 0 ]
CSI_DATA,AP,10:B4:1D:CC:60:E0,-27,11,1,7,1,1,1,1,0,0,1,-93,0,6,2,10685191,0,68,0,0,10.3946,384,[0 0 0 0 0 0 0 0 0 0 0 0 9 -7 9 -6 9 -7 9 -6 8 -6 8 -6 8 -6 8 -6 8 -6 7 -7 7 -7 7 -7 7 -7 6 -7 6 -7 6 -7 6 -7 6 -7 5 -7 6 -8 5 -8 5 -8 5 -8 5 -8 5 -8 5 -8 0 0 5 -8 5 -8 5 -8 5 -8 5 -8 6 -8 6 -8 6 -7 6 -7 6 -7 6 -7 6 -7 6 -7 6 -6 6 -6 6 -5 6 -5 6 -5 6 -5 6 -4 6 -4 6 -4 5 -4 5 -3 6 -3 5 -2 0 0 0 0 0 0 0 0 0 0 ]
CSI_DATA,AP,10:B4:1D:CC:60:E0,-27,11,1,7,1,1,1,1,0,0,1,-93,0,6,2,10775137,0,68,0,0,10.4846,384,[0 0 0 0 0 0 0 0 0 0 0 0 7 -9 6 -9 6 -9 6 -9 6 -9 6 -9 6 -9 6 -9 5 -9 5 -9 5 -9 5 -9 4 -9 4 -9 4 -9 4 -9 4 -9 4 -9 3 -9 3 -9 3 -9 3 -9 3 -9 3 -10 2 -9 3 -9 0 0 3 -9 3 -10 3 -10 3 -9 3 -10 4 -9 4 -9 4 -9 4 -8 4 -8 4 -8 4 -8 4 -7 4 -7 5 -7 5 -7 5 -7 5 -6 5 -6 5 -5 5 -5 5 -5 5 -5 5 -5 5 -4 5 -3 0 0 0 0 0 0 0 0 0 0 ]
CSI_DATA,AP,10:B4:1D:CC:60:E0,-27,11,1,7,1,1,1,1,0,0,1,-93,0,6,2,10865323,0,68,0,0,10.5747,384,[0 0 0 0 0 0 0 0 0 0 0 0 -8 -9 -8 -9 -8 -9 -7 -8 -8 -9 -7 -8 -8 -8 -8 -8 -7 -8 -8 -7 -8 -7 -8 -7 -8 -7 -8 -7 -8 -6 -8 -6 -8 -6 -8 -6 -8 -5 -8 -5 -8 -5 -8 -5 -9 -5 -9 -5 -8 -5 -9 -5 0 0 -9 -5 -9 -5 -8 -5 -9 -5 -8 -5 -8 -6 -8 -6 -8 -6 -8 -6 -8 -6 -7 -6 -7 -6 -7 -6 -6 -6 -6 -6 -6 -6 -6 -6 -6 -6 -5 -6 -5 -6 -5 -6 -4 -6 -4 -6 -3 -6 -3 -6 -3 -6 0 0 0 0 0 0 0 0 0 0 ]
CSI_DATA,AP,10:B4:1D:CC:60:E0,-27,11,1,7,1,1,1,1,0,0,1,-93,0,6,2,10955083,0,68,0,0,10.6645,384,[0 0 0 0 0 0 0 0 0 0 0 0 -2 11 -2 10 -1 10 -1 10 -1 10 -2 10 -1 10 -1 9 -1 9 -1 9 0 9 0 9 0 9 0 9 0 9 0 9 1 8 1 9 1 9 1 9 1 9 1 9 1 8 2 9 2 9 2 8 0 0 1 9 2 9 2 9 1 9 1 9 1 9 1 9 1 9 0 8 0 8 0 8 0 8 0 8 -1 8 -1 8 -1 7 -1 8 -1 7 -2 7 -2 6 -2 6 -2 6 -2 6 -3 6 -3 5 -3 5 0 0 0 0 0 0 0 0 0 0 ]
CSI_DATA,AP,10:B4:1D:CC:60:E0,-27,11,1,7,1,1,1,1,0,0,1,-93,0,6,2,11045200,0,68,0,0,10.7546,384,[0 0 0 0 0 0 0 0 0 0 0 0 1 11 1 11 1 11 1 10 1 10 1 10 1 10 1 10 1 9 2 9 2 9 2 9 2 9 2 9 2 9 3 8 2 8 3 8 3 8 3 8 3 8 3 8 4 8 4 8 4 8 4 8 0 0 4 8 4 8 4 8 4 8 4 8 3 9 3 8 3 8 3 8 3 8 3 8 2 8 2 8 2 8 1 7 1 7 1 7 1 7 0 7 0 7 0 7 0 7 -1 6 -1 6 -1 6 -2 6 0 0 0 0 0 0 0 0 0 0 ]
CSI_DATA,AP,10:B4:1D:CC:60:E0,-27,11,1,7,1,1,1,1,0,0,1,-93,0,6,2,11135314,0,68,0,0,10.8447,384,[0 0 0 0 0 0 0 0 0 0 0 0 -3 11 -2 10 -2 11 -2 10 -2 10 -2 10 -2 10 -1 10 -1 9 -1 10 -1 9 -1 9 -1 9 0 9 0 9 0 9 0 9 1 9 1 9 1 9 1 9 1 9 1 9 2 9 2 9 2 8 0 0 1 9 2 9 2 9 2 9 1 9 1 9 1 9 1 9 1 9 0 9 0 8 0 9 0 8 0 8 0 8 -1 7 -1 8 -1 7 -1 7 -1 6 -2 6 -2 7 -2 6 -2 6 -3 5 -3 5 0 0 0 0 0 0 0 0 0 0 ]
CSI_DATA,AP,10:B4:1D:CC:60:E0,-27,11,1,7,1,1,1,1,0,0,1,-93,0,6,2,11225194,0,68,0,0,10.9346,384,[0 0 0 0 0 0 0 0 0 0 0 0 -8 8 -8 8 -8 8 -7 8 -7 8 -7 8 -7 8 -7 8 -6 8 -6 8 -6 8 -6 8 -5 8 -5 8 -5 8 -5 8 -5 8 -4 8 -4 8 -4 8 -4 8 -4 8 -4 8 -3 9 -3 9 -3 9 0 0 -4 9 -3 9 -3 9 -4 9 -3 9 -4 9 -4 9 -4 9 -4 8 -4 8 -4 8 -4 8 -5 7 -5 7 -5 7 -5 6 -5 6 -5 6 -5 5 -5 5 -5 5 -5 5 -5 5 -5 4 -5 4 -5 3 0 0 0 0 0 0 0 0 0 0 ]
CSI_DATA,AP,10:B4:1D:CC:60:E0,-27,11,1,7,1,1,1,1,0,0,1,-93,0,6,2,11315795,0,68,0,0,11.0252,384,[0 0 0 0 0 0 0 0 0 0 0 0 6 9 6 9 6 9 6 9 6 8 6 8 6 8 6 8 6 8 6 8 6 7 6 7 6 7 6 6 6 7 7 6 6 6 7 6 7 6 7 6 7 6 7 6 7 5 8 6 7 5 7 5 0 0 7 5 8 5 8 5 8 5 7 6 7 6 7 6 7 6 7 6 7 6 6 6 6 6 6 6 5 6 5 6 5 6 4 6 4 6 4 6 4 6 3 6 3 6 3 6 2 6 2 6 2 6 0 0 0 0 0 0 0 0 0 0 ]
CSI_DATA,AP,10:B4:1D:CC:60:E0,-27,11,1,7,1,1,1,1,0,0,1,-93,0,6,2,11405180,0,68,0,0,11.1146,384,[0 0 0 0 0 0 0 0 0 0 0 0 -11 -6 -11 -6 -10 -5 -10 -5 -10 -5 -11 -5 -10 -5 -10 -5 -10 -4 -10 -4 -10 -4 -10 -4 -10 -3 -10 -3 -10 -3 -10 -3 -10 -2 -10 -2 -10 -2 -10 -2 -10 -2 -10 -1 -10 -1 -10 -1 -10 -1 -10 -1 0 0 -11 -1 -10 -1 -11 -1 -11 -1 -11 -1 -10 -2 -10 -2 -10 -2 -10 -2 -10 -2 -10 -2 -10 -2 -10 -3 -9 -3 -9 -3 -9 -3 -8 -3 -8 -3 -8 -4 -8 -4 -7 -4 -7 -4 -7 -4 -6 -4 -6 -4 -6 -5 0 0 0 0 0 0 0 0 0 0 ]
CSI_DATA,AP,10:B4:1D:CC:60:E0,-27,11,1,7,1,1,1,1,0,0,1,-93,0,6,2,11495146,0,68,0,0,11.2046,384,[0 0 0 0 0 0 0 0 0 0 0 0 -4 10 -4 10 -4 10 -3 10 -3 10 -3 10 -3 10 -3 10 -2 9 -2 10 -2 9 -2 9 -2 9 -1 9 -1 9 -1 9 -1 9 0 9 0 9 0 9 0 9 0 9 1 9 1 9 1 9 1 9 0 0 1 9 1 9 1 9 1 9 1 10 0 9 1 9 0 9 0 9 0 9 -1 9 -1 9 -1 9 -1 8 -1 8 -1 8 -1 8 -1 7 -2 7 -2 7 -2 7 -2 7 -3 6 -3 6 -3 6 -3 5 0 0 0 0 0 0 0 0 0 0 ]
CSI_DATA,AP,10:B4:1D:CC:60:E0,-27,11,1,7,1,1,1,1,0,0,1,-93,0,6,2,11585194,0,68,0,0,11.2946,384,[0 0 0 0 0 0 0 0 0 0 0 0 -7 -10 -7 -10 -7 -10 -7 -10 -7 -10 -7 -9 -6 -9 -7 -9 -6 -9 -7 -8 -7 -8 -7 -8 -7 -8 -7 -8 -7 -7 -7 -7 -7 -7 -8 -7 -8 -7 -8 -7 -8 -7 -8 -7 -8 -6 -9 -6 -8 -6 -9 -6 0 0 -8 -7 -8 -6 -8 -6 -8 -6 -8 -7 -8 -7 -8 -7 -8 -7 -8 -7 -7 -7 -7 -7 -7 -7 -7 -7 -6 -7 -6 -7 -6 -7 -5 -7 -5 -7 -5 -7 -5 -7 -4 -7 -4 -7 -4 -7 -3 -7 -3 -7 -2 -6 0 0 0 0 0 0 0 0 0 0 ]
CSI_DATA,AP,10:B4:1D:CC:60:E0,-27,11,1,7,1,1,1,1,0,0,1,-93,0,6,2,11675217,0,68,0,0,11.3846,384,[0 0 0 0 0 0 0 0 0 0 0 0 1 11 1 10 2 11 1 10 1 10 2 10 1 10 1 10 2 9 2 9 2 9 2 9 3 9 3 9 3 8 3 8 3 8 4 8 4 8 4 8 4 8 4 8 4 8 5 8 4 8 4 7 0 0 4 8 5 8 5 8 5 8 4 8 4 8 4 8 4 8 3 8 3 8 3 8 3 8 3 8 2 7 2 8 2 7 1 7 1 7 1 7 1 7 0 7 0 7 0 7 -1 6 -1 6 -1 6 0 0 0 0 0 0 0 0 0 0 ]
CSI_DATA,AP,10:B4:1D:CC:60:E0,-27,11,1,7,1,1,1,1,0,0,1,-93,0,6,2,11765089,0,68,0,0,11.4745,384,[0 0 0 0 0 0 0 0 0 0 0 0 -5 10 -5 9 -5 10 -5 10 -5 9 -4 9 -4 9 -4 9 -4 9 -4 9 -3 9 -3 9 -3 9 -2 9 -3 9 -2 9 -2 9 -2 9 -1 9 -2 9 -1 9 -1 9 -1 9 -1 9 -1 9 -1 9 0 0 -1 9 -1 9 -1 9 -1 9 -1 10 -1 9 -2 9 -2 9 -2 9 -2 9 -2 9 -2 9 -2 8 -3 8 -3 7 -3 7 -3 7 -3 7 -3 6 -3 6 -4 6 -4 6 -4 6 -4 5 -4 5 -5 4 0 0 0 0 0 0 0 0 0 0 ]
CSI_DATA,AP,10:B4:1D:CC:60:E0,-27,11,1,7,1,1,1,1,0,0,1,-93,0,6,2,11855089,0,68,0,0,11.5645,384,[0 0 0 0 0 0 0 0 0 0 0 0 6 -10 6 -9 6 -10 6 -9 6 -9 6 -9 5 -9 5 -9 5 -9 5 -9 5 -9 5 -9 4 -9 4 -9 4 -9 4 -9 3 -9 3 -9 3 -9 3 -9 3 -9 3 -9 3 -9 3 -10 2 -10 2 -10 0 0 3 -10 3 -10 2 -10 3 -10 3 -10 3 -10 4 -9 3 -9 4 -9 4 -9 4 -8 4 -8 4 -8 4 -8 4 -7 4 -7 4 -7 4 -6 4 -6 4 -6 5 -6 5 -5 5 -5 5 -5 5 -4 5 -4 0 0 0 0 0 0 0 0 0 0 ]
CSI_DATA,AP,10:B4:1D:CC:60:E0,-27,11,1,7,1,1,1,1,0,0,1,-93,0,6,2,11945068,0,68,0,0,11.6545,384,[0 0 0 0 0 0 0 0 0 0 0 0 -11 3 -12 3 -11 4 -11 3 -11 3 -11 3 -10 3 -10 3 -10 3 -9 4 -10 4 -9 4 -9 4 -9 4 -9 4 -8 4 -9 5 -8 4 -8 5 -8 5 -8 5 -8 5 -8 5 -8 6 -8 6 -8 6 0 0 -8 6 -8 5 -8 6 -8 5 -9 6 -9 5 -9 5 -8 4 -9 4 -8 4 -8 4 -8 4 -8 4 -9 3 -8 3 -9 3 -8 2 -8 2 -8 2 -8 1 -8 1 -8 1 -7 1 -7 0 -7 0 -7 -1 0 0 0 0 0 0 0 0 0 0 ]
CSI_DATA,AP,10:B4:1D:CC:60:E0,-27,11,1,7,1,1,1,1,0,0,1,-93,0,6,2,12035074,0,68,0,0,11.7445,384,[0 0 0 0 0 0 0 0 0 0 0 0 3 -11 2 -11 2 -11 2 -11 2 -11 2 -11 2 -11 2 -10 2 -10 1 -10 1 -10 1 -10 1 -10 0 -10 0 -10 0 -10 0 -9 0 -10 -1 -10 -1 -10 -1 -10 -1 -10 -1 -10 -1 -10 -1 -10 -1 -10 0 0 -1 -10 -1 -10 -1 -10 -1 -10 -1 -10 -1 -10 -1 -10 0 -10 0 -10 0 -10 0 -10 1 -10 1 -9 1 -9 1 -9 1 -8 1 -8 1 -8 2 -8 2 -7 2 -7 2 -7 2 -7 3 -6 3 -6 3 -5 0 0 0 0 0 0 0 0 0 0 ]
