CSI_DATA,AP,10:B4:1D:CC:60:E0,-30,11,0,0,0,0,0,0,0,0,0,-92,0,6,2,3136717,0,374,0,0,2.86788,128,[0 0 0 0 0 0 0 0 0 0 0 0 3 15 3 14 3 15 4 14 4 14 4 14 4 14 4 13 4 13 4 13 5 13 5 12 5 12 5 12 5 12 5 12 6 11 6 11 6 11 6 11 6 11 7 11 7 11 7 11 7 11 7 11 0 0 7 12 7 11 7 11 7 12 7 12 6 12 6 12 5 12 5 12 5 12 5 12 4 12 4 11 4 11 3 11 3 11 2 10 2 10 2 10 1 10 1 10 1 10 0 9 0 9 -1 9 -1 8 0 0 0 0 0 0 0 0 0 0 ]
CSI_DATA,AP,10:B4:1D:CC:60:E0,-30,11,0,0,0,0,0,0,0,0,0,-92,0,6,2,3203365,0,374,0,0,2.94029,128,[0 0 0 0 0 0 0 0 0 0 0 0 -16 -3 -16 -2 -16 -2 -15 -2 -15 -2 -15 -2 -15 -1 -15 -1 -14 -1 -14 0 -14 0 -14 0 -14 0 -14 0 -14 1 -14 1 -14 1 -14 1 -14 1 -14 2 -14 2 -14 2 -14 2 -14 2 -14 2 -14 3 0 0 -14 3 -14 2 -14 2 -14 2 -15 2 -14 2 -15 2 -14 1 -14 1 -14 0 -14 0 -13 0 -13 -1 -13 -1 -12 -1 -12 -1 -12 -2 -11 -2 -11 -2 -11 -2 -11 -2 -10 -3 -10 -3 -9 -4 -9 -4 -9 -4 0 0 0 0 0 0 0 0 0 0 ]
CSI_DATA,AP,10:B4:1D:CC:60:E0,-30,11,0,0,0,0,0,0,0,0,0,-92,0,6,2,3280848,0,66,0,0,3.02808,128,[0 0 0 0 0 0 0 0 0 0 0 0 -15 7 -15 7 -14 7 -14 7 -14 7 -13 7 -13 8 -13 8 -12 8 -12 8 -12 8 -12 8 -11 8 -12 8 -11 8 -11 9 -10 9 -10 9 -10 9 -10 10 -10 10 -9 10 -10 10 -10 10 -10 10 -10 10 0 0 -10 11 -10 11 -10 10 -10 11 -10 10 -10 10 -11 10 -11 10 -11 9 -11 9 -11 8 -11 8 -11 7 -10 7 -11 7 -10 6 -10 6 -10 5 -10 5 -10 5 -10 4 -10 4 -10 3 -10 3 -10 2 -9 1 0 0 0 0 0 0 0 0 0 0 ]
CSI_DATA,AP,10:B4:1D:CC:60:E0,-32,11,0,0,0,0,0,0,0,0,0,-92,0,6,2,3731810,0,66,0,0,3.44131,128,[0 0 0 0 0 0 0 0 0 0 0 0 -14 5 -14 6 -14 6 -13 6 -14 6 -13 6 -13 6 -13 6 -13 6 -12 6 -12 6 -12 6 -11 7 -11 7 -11 7 -11 8 -10 7 -11 8 -10 8 -10 8 -10 8 -10 8 -10 9 -10 9 -10 9 -11 9 0 0 -11 9 -11 9 -10 9 -11 9 -11 8 -12 8 -12 8 -12 8 -12 8 -12 7 -11 7 -11 6 -11 6 -11 5 -11 5 -10 5 -11 4 -11 4 -11 4 -10 3 -10 3 -10 2 -10 2 -10 2 -10 1 -10 1 0 0 0 0 0 0 0 0 0 0 ]
CSI_DATA,AP,10:B4:1D:CC:60:E0,-33,11,0,0,0,0,0,0,0,0,0,-92,0,6,2,3771733,0,66,0,0,3.4812,128,[0 0 0 0 0 0 0 0 0 0 0 0 9 -12 9 -12 8 -12 8 -12 8 -12 8 -12 7 -12 7 -12 7 -12 6 -12 7 -12 6 -12 6 -12 5 -12 5 -12 5 -12 4 -13 4 -12 4 -13 4 -13 3 -13 3 -13 3 -13 4 -13 3 -14 3 -14 0 0 3 -14 3 -14 4 -14 4 -14 4 -14 4 -14 4 -14 4 -13 4 -13 5 -13 5 -12 6 -12 5 -11 6 -11 5 -11 6 -11 5 -10 6 -10 5 -9 6 -9 6 -9 6 -8 6 -8 6 -7 7 -7 7 -6 0 0 0 0 0 0 0 0 0 0 ]
CSI_DATA,AP,10:B4:1D:CC:60:E0,-33,11,0,0,0,0,0,0,0,0,0,-92,0,6,2,4648069,0,66,0,0,4.35756,128,[0 0 0 0 0 0 0 0 0 0 0 0 3 15 3 15 3 14 3 14 3 14 4 14 4 13 4 13 4 13 5 13 5 12 5 12 5 12 5 12 5 12 5 11 6 12 6 11 6 11 6 11 6 11 7 11 7 11 7 11 8 11 8 12 0 0 7 12 7 11 7 12 7 11 7 12 7 12 6 12 6 12 6 12 5 12 5 12 5 12 4 12 4 11 3 11 3 11 3 11 2 11 2 10 1 10 1 10 1 10 1 10 0 9 -1 9 -1 9 0 0 0 0 0 0 0 0 0 0 ]
CSI_DATA,AP,10:B4:1D:CC:60:E0,-33,11,0,0,0,0,0,0,0,0,0,-92,0,6,2,4676852,0,37,0,0,4.45923,128,[0 0 0 0 0 0 0 0 0 0 0 0 6 -14 6 -14 6 -14 5 -14 5 -14 5 -14 4 -14 4 -14 4 -14 4 -14 3 -14 3 -14 3 -14 2 -13 2 -14 2 -13 2 -13 1 -13 1 -14 1 -14 1 -14 0 -14 0 -14 0 -14 0 -14 0 -14 0 0 0 -15 0 -15 0 -15 0 -15 1 -15 1 -15 1 -14 1 -14 2 -14 2 -14 2 -14 2 -13 3 -13 3 -13 3 -12 3 -12 3 -11 3 -11 3 -11 4 -10 4 -10 4 -10 4 -9 5 -9 5 -9 5 -8 0 0 0 0 0 0 0 0 0 0 ]
CSI_DATA,AP,10:B4:1D:CC:60:E0,-38,11,1,7,1,1,1,0,0,0,1,-92,0,6,2,4677087,0,68,0,0,4.49871,384,[0 0 0 0 0 0 0 0 0 0 0 0 -10 -3 -10 -3 -10 -3 -10 -3 -10 -3 -10 -2 -10 -2 -10 -2 -10 -2 -10 -2 -10 -1 -10 -1 -10 -1 -10 -1 -10 -1 -10 0 -10 0 -9 0 -9 0 -9 0 -9 1 -10 1 -10 1 -9 1 -10 1 -10 1 0 0 -10 1 -10 1 -10 1 -10 1 -10 1 -10 1 -10 0 -10 0 -10 0 -10 0 -10 0 -10 0 -9 -1 -9 -1 -9 -1 -9 -1 -8 -1 -8 -1 -8 -2 -8 -1 -8 -2 -7 -2 -7 -2 -7 -3 -7 -3 -6 -3 0 0 0 0 0 0 0 0 0 0 ]
CSI_DATA,AP,10:B4:1D:CC:60:E0,-33,11,0,0,0,0,0,0,0,0,0,-92,0,6,2,4677742,0,37,0,0,4.53926,128,[0 0 0 0 0 0 0 0 0 0 0 0 14 -3 14 -4 13 -4 14 -4 13 -4 13 -4 13 -4 13 -5 12 -5 12 -5 12 -5 12 -6 11 -6 11 -6 11 -6 11 -6 11 -7 10 -7 10 -7 10 -7 10 -7 11 -8 10 -8 10 -8 10 -8 11 -8 0 0 11 -8 11 -9 11 -8 11 -8 11 -8 11 -8 11 -7 11 -7 11 -7 11 -7 11 -6 11 -6 11 -6 11 -5 10 -5 10 -5 10 -4 10 -4 10 -4 9 -3 9 -3 9 -3 9 -2 9 -2 9 -1 9 -1 0 0 0 0 0 0 0 0 0 0 ]
CSI_DATA,AP,10:B4:1D:CC:60:E0,-33,11,0,0,0,0,0,0,0,0,0,-92,0,6,2,4731917,0,66,0,0,4.57844,128,[0 0 0 0 0 0 0 0 0 0 0 0 1 -17 1 -16 1 -16 0 -16 0 -16 0 -15 0 -15 0 -15 -1 -15 -1 -15 -1 -15 -2 -15 -2 -14 -2 -14 -2 -14 -3 -14 -3 -14 -3 -14 -4 -14 -4 -14 -3 -14 -4 -14 -4 -14 -5 -14 -5 -14 -5 -14 0 0 -5 -14 -5 -14 -5 -14 -5 -15 -4 -15 -4 -15 -3 -15 -3 -15 -3 -15 -3 -14 -3 -14 -2 -14 -2 -14 -2 -14 -1 -13 -1 -13 -1 -12 0 -12 0 -12 0 -12 1 -11 1 -11 1 -11 1 -10 2 -10 3 -10 0 0 0 0 0 0 0 0 0 0 ]
CSI_DATA,AP,10:B4:1D:CC:60:E0,-38,11,1,7,1,1,1,0,0,0,1,-92,0,6,2,4747279,0,68,0,0,4.62124,384,[0 0 0 0 0 0 0 0 0 0 0 0 7 6 7 5 7 6 7 6 7 5 7 5 7 5 7 5 7 5 7 4 7 4 7 4 7 4 7 4 7 4 7 3 7 3 7 2 8 2 8 2 8 2 8 2 8 2 8 2 8 2 8 2 0 0 8 2 9 2 9 2 8 2 8 2 9 2 8 3 8 3 8 3 7 3 8 3 7 3 7 3 7 3 7 3 7 3 6 3 6 3 5 3 5 3 5 3 5 4 5 4 4 4 4 4 4 4 0 0 0 0 0 0 0 0 0 0 ]
CSI_DATA,AP,10:B4:1D:CC:60:E0,-38,11,1,7,1,1,1,0,0,0,1,-92,0,6,2,4837146,0,68,0,0,4.65199,384,[0 0 0 0 0 0 0 0 0 0 0 0 -7 -8 -7 -8 -7 -8 -8 -7 -7 -8 -7 -7 -7 -7 -8 -7 -7 -7 -8 -7 -7 -6 -7 -6 -8 -6 -8 -6 -8 -6 -8 -5 -8 -5 -8 -5 -8 -5 -9 -5 -8 -5 -8 -5 -9 -4 -9 -4 -9 -4 -9 -4 0 0 -9 -5 -9 -5 -9 -4 -9 -4 -9 -5 -9 -5 -8 -5 -9 -5 -8 -5 -8 -5 -8 -5 -7 -5 -8 -6 -7 -6 -7 -6 -6 -6 -6 -6 -6 -5 -6 -5 -6 -5 -5 -6 -5 -6 -5 -6 -5 -6 -4 -6 -4 -6 0 0 0 0 0 0 0 0 0 0 ]
CSI_DATA,AP,10:B4:1D:CC:60:E0,-38,11,1,7,1,1,1,0,0,0,1,-92,0,6,2,4927062,0,68,0,0,4.69171,384,[0 0 0 0 0 0 0 0 0 0 0 0 9 -4 9 -4 9 -4 8 -4 8 -4 8 -4 8 -4 8 -4 8 -4 7 -4 8 -5 7 -5 7 -5 7 -5 7 -5 7 -5 6 -5 6 -6 6 -6 6 -6 6 -6 6 -5 6 -6 6 -7 6 -6 6 -7 0 0 7 -7 7 -6 6 -7 7 -7 7 -6 7 -6 7 -6 7 -5 7 -5 7 -5 7 -5 7 -5 7 -5 7 -4 7 -4 6 -3 7 -4 6 -3 6 -3 6 -2 6 -2 6 -2 6 -2 6 -2 6 -1 6 -1 0 0 0 0 0 0 0 0 0 0 ]
CSI_DATA,AP,10:B4:1D:CC:60:E0,-40,11,1,7,1,1,1,0,0,0,1,-92,0,6,2,5017070,0,68,0,0,4.72898,384,[0 0 0 0 0 0 0 0 0 0 0 0 -6 7 -6 7 -6 7 -6 7 -6 7 -6 7 -6 7 -5 7 -5 7 -5 7 -5 7 -5 7 -4 7 -4 7 -4 7 -4 7 -4 7 -3 7 -3 7 -3 7 -3 8 -3 7 -3 8 -3 8 -3 8 -3 8 0 0 -3 8 -3 8 -3 8 -3 8 -3 8 -3 8 -4 8 -4 8 -4 7 -4 7 -4 7 -4 7 -4 7 -4 7 -4 6 -4 6 -5 6 -4 6 -5 5 -4 5 -5 5 -5 5 -5 5 -5 4 -5 4 -5 3 0 0 0 0 0 0 0 0 0 0 ]
CSI_DATA,AP,10:B4:1D:CC:60:E0,-38,11,1,7,1,1,1,1,0,0,1,-92,0,6,2,5107272,0,68,0,0,4.81671,384,[0 0 0 0 0 0 0 0 0 0 0 0 -10 0 -10 0 -10 0 -10 0 -10 1 -10 1 -10 1 -9 1 -9 1 -9 2 -9 1 -9 2 -9 2 -9 2 -9 2 -9 2 -9 2 -8 3 -8 3 -8 3 -8 3 -9 3 -8 3 -8 4 -8 4 -8 4 0 0 -9 4 -8 4 -9 4 -9 3 -9 3 -9 3 -9 3 -9 3 -9 2 -9 3 -8 2 -9 2 -8 2 -8 2 -8 1 -8 1 -8 1 -8 1 -8 1 -7 0 -7 0 -7 0 -7 0 -7 -1 -7 -1 -6 -1 0 0 0 0 0 0 0 0 0 0 ]
CSI_DATA,AP,10:B4:1D:CC:60:E0,-38,11,1,7,1,1,1,1,0,0,1,-92,0,6,2,5197258,0,68,0,0,4.90668,384,[0 0 0 0 0 0 0 0 0 0 0 0 9 -5 8 -5 9 -5 8 -5 8 -5 8 -5 8 -5 8 -5 7 -5 7 -5 7 -6 7 -5 7 -6 7 -6 6 -6 7 -6 6 -6 6 -6 6 -7 6 -7 6 -6 6 -7 6 -7 6 -7 6 -7 6 -7 0 0 6 -7 6 -7 6 -7 6 -8 6 -7 7 -7 6 -7 6 -7 6 -6 7 -6 6 -6 7 -6 6 -5 6 -5 7 -5 6 -4 6 -4 6 -4 6 -4 6 -3 6 -3 6 -3 6 -3 6 -3 5 -2 6 -2 0 0 0 0 0 0 0 0 0 0 ]
CSI_DATA,AP,10:B4:1D:CC:60:E0,-38,11,1,7,1,1,1,1,0,0,1,-92,0,6,2,5287282,0,68,0,0,4.9967,384,[0 0 0 0 0 0 0 0 0 0 0 0 -6 7 -6 7 -5 8 -5 8 -5 7 -5 7 -5 7 -5 7 -5 7 -4 7 -5 7 -4 7 -4 7 -4 8 -4 7 -4 7 -3 7 -3 8 -3 8 -3 8 -3 8 -3 8 -3 8 -2 8 -2 8 -2 8 0 0 -3 8 -3 8 -2 8 -3 8 -3 8 -3 8 -3 8 -4 8 -4 8 -4 7 -4 7 -3 7 -4 7 -4 7 -4 6 -4 6 -4 6 -4 6 -4 5 -5 5 -5 5 -5 5 -5 4 -5 4 -5 4 -5 3 0 0 0 0 0 0 0 0 0 0 ]
CSI_DATA,AP,10:B4:1D:CC:60:E0,-39,11,1,7,1,1,1,1,0,0,1,-92,0,6,2,5377310,0,68,0,0,5.08673,384,[0 0 0 0 0 0 0 0 0 0 0 0 -10 -1 -10 -1 -10 -1 -10 -1 -10 -1 -10 -1 -10 -1 -10 -1 -10 0 -10 0 -9 0 -9 0 -9 0 -9 1 -9 1 -9 1 -9 1 -9 2 -8 1 -9 2 -9 2 -9 2 -9 3 -9 2 -9 2 -8 2 0 0 -9 3 -9 2 -9 3 -9 2 -9 2 -9 2 -9 2 -9 2 -9 1 -9 1 -9 1 -9 1 -9 1 -9 0 -8 1 -8 0 -8 0 -8 0 -7 -1 -8 0 -7 -1 -7 -1 -7 -1 -7 -1 -7 -1 -6 -2 0 0 0 0 0 0 0 0 0 0 ]
CSI_DATA,AP,10:B4:1D:CC:60:E0,-40,11,1,7,1,1,1,1,0,0,1,-92,0,6,2,5467391,0,68,0,0,5.17683,384,[0 0 0 0 0 0 0 0 0 0 0 0 9 -4 9 -4 8 -4 8 -4 8 -4 8 -4 8 -4 8 -4 8 -4 7 -4 7 -5 7 -5 7 -5 7 -5 7 -5 6 -5 6 -5 6 -5 6 -6 6 -6 6 -6 6 -6 6 -6 6 -7 6 -7 6 -7 0 0 6 -7 6 -7 6 -7 6 -6 6 -7 7 -6 7 -6 7 -6 7 -5 7 -5 6 -5 6 -5 6 -5 7 -5 6 -4 6 -4 6 -4 6 -4 6 -3 6 -3 6 -3 6 -3 6 -2 6 -2 6 -2 5 -1 0 0 0 0 0 0 0 0 0 0 ]
CSI_DATA,AP,10:B4:1D:CC:60:E0,-38,11,1,7,1,1,1,1,0,0,1,-92,0,6,2,5557386,0,68,0,0,5.2668,384,[0 0 0 0 0 0 0 0 0 0 0 0 -5 -9 -5 -9 -5 -9 -5 -9 -5 -9 -5 -8 -5 -8 -5 -8 -5 -8 -5 -8 -5 -7 -6 -7 -6 -7 -6 -7 -6 -7 -6 -7 -6 -6 -6 -6 -7 -6 -6 -6 -6 -6 -7 -6 -7 -6 -7 -6 -7 -6 -7 -6 0 0 -7 -6 -7 -6 -7 -6 -7 -6 -7 -6 -7 -7 -7 -7 -7 -7 -6 -7 -6 -7 -6 -7 -6 -7 -6 -7 -5 -7 -5 -7 -5 -6 -4 -6 -4 -6 -4 -6 -4 -6 -3 -6 -3 -6 -3 -6 -3 -6 -3 -6 -2 -6 0 0 0 0 0 0 0 0 0 0 ]
CSI_DATA,AP,10:B4:1D:CC:60:E0,-40,11,1,7,1,1,1,1,0,0,1,-92,0,6,2,5647286,0,68,0,0,5.35671,384,[0 0 0 0 0 0 0 0 0 0 0 0 1 9 1 9 1 9 1 9 1 9 1 9 1 9 1 9 1 8 1 8 2 8 2 8 2 8 2 8 2 8 3 8 3 7 3 8 3 7 3 7 3 7 3 7 4 7 4 7 4 7 4 7 0 0 4 8 4 8 4 8 4 8 3 8 3 8 3 8 3 8 3 8 2 8 2 8 2 8 2 8 1 7 1 7 1 7 1 7 1 7 0 7 0 6 0 6 0 6 -1 6 -1 6 -1 6 -1 6 0 0 0 0 0 0 0 0 0 0 ]
CSI_DATA,AP,10:B4:1D:CC:60:E0,-33,11,0,0,0,0,0,0,0,0,0,-92,0,6,2,5733281,0,66,0,0,5.44276,128,[0 0 0 0 0 0 0 0 0 0 0 0 9 -13 9 -12 9 -13 8 -13 8 -13 8 -12 7 -12 7 -13 7 -12 7 -12 6 -12 6 -12 6 -13 6 -13 5 -13 5 -13 5 -13 5 -13 4 -13 4 -13 4 -13 4 -13 4 -14 4 -13 4 -14 4 -14 0 0 4 -14 4 -14 4 -14 4 -14 4 -14 4 -14 5 -14 5 -13 5 -13 6 -13 5 -12 6 -12 6 -12 6 -11 6 -11 6 -10 6 -10 6 -10 6 -9 6 -9 6 -8 6 -8 6 -8 7 -7 7 -7 7 -6 0 0 0 0 0 0 0 0 0 0 ]
CSI_DATA,AP,10:B4:1D:CC:60:E0,-38,11,1,7,1,1,1,1,0,0,1,-92,0,6,2,5738450,0,68,0,0,5.47268,384,[0 0 0 0 0 0 0 0 0 0 0 0 -1 9 -1 9 -1 9 -1 10 -1 9 -1 9 -1 9 -1 9 0 9 0 9 0 9 0 9 0 8 1 8 1 9 1 8 1 9 1 8 1 8 2 8 2 8 2 8 2 8 2 8 2 8 2 8 0 0 2 9 2 9 2 9 2 8 2 9 2 9 1 9 1 9 1 8 1 8 1 8 0 8 0 8 0 8 0 8 0 7 -1 7 0 7 -1 6 -1 6 -2 6 -2 6 -2 6 -2 6 -2 6 -3 5 0 0 0 0 0 0 0 0 0 0 ]
CSI_DATA,AP,10:B4:1D:CC:60:E0,-38,11,1,7,1,1,1,1,0,0,1,-92,0,6,2,5827144,0,68,0,0,5.53657,384,[0 0 0 0 0 0 0 0 0 0 0 0 -10 4 -9 4 -9 4 -9 4 -10 4 -9 4 -9 4 -9 4 -8 4 -8 4 -8 4 -8 5 -8 5 -8 5 -7 5 -8 5 -7 5 -7 5 -7 5 -7 5 -7 5 -7 6 -7 6 -7 6 -7 6 -7 7 0 0 -7 6 -7 6 -7 6 -8 6 -7 6 -8 6 -8 6 -8 6 -8 5 -8 5 -8 5 -8 5 -8 4 -8 4 -8 4 -8 3 -7 3 -7 3 -7 3 -7 2 -7 2 -7 2 -7 2 -7 1 -7 1 -7 1 0 0 0 0 0 0 0 0 0 0 ]
CSI_DATA,AP,10:B4:1D:CC:60:E0,-38,11,1,7,1,1,1,1,0,0,1,-92,0,6,2,5917263,0,68,0,0,5.62668,384,[0 0 0 0 0 0 0 0 0 0 0 0 -8 6 -7 7 -7 7 -7 7 -7 7 -7 7 -7 7 -6 7 -6 7 -6 7 -6 7 -6 7 -5 7 -5 7 -5 7 -5 7 -5 7 -4 7 -5 7 -4 7 -4 8 -4 8 -4 8 -4 8 -4 8 -4 8 0 0 -4 8 -4 8 -4 8 -4 8 -5 8 -5 8 -5 8 -5 7 -5 8 -5 7 -5 7 -5 7 -5 7 -5 6 -5 6 -5 6 -5 5 -5 5 -5 5 -5 4 -6 4 -6 4 -6 4 -6 3 -6 3 -6 2 0 0 0 0 0 0 0 0 0 0 ]
CSI_DATA,AP,10:B4:1D:CC:60:E0,-38,11,1,7,1,1,1,1,0,0,1,-92,0,6,2,6007202,0,68,0,0,5.71662,384,[0 0 0 0 0 0 0 0 0 0 0 0 2 9 2 9 2 9 2 8 3 8 3 8 2 8 3 8 3 8 3 7 3 7 3 7 4 7 4 7 4 7 4 6 4 6 4 6 5 6 5 6 5 6 5 6 5 6 5 6 5 6 5 6 0 0 5 7 5 6 5 7 5 6 5 7 5 7 5 7 5 7 4 7 4 6 4 7 4 7 4 7 3 7 3 6 3 6 2 6 2 6 2 6 2 6 2 6 1 6 1 6 1 6 0 6 0 6 0 0 0 0 0 0 0 0 0 0 ]
CSI_DATA,AP,10:B4:1D:CC:60:E0,-40,11,1,7,1,1,1,1,0,0,1,-92,0,6,2,6097471,0,68,0,0,5.80689,384,[0 0 0 0 0 0 0 0 0 0 0 0 6 7 5 7 6 7 6 7 6 7 6 6 6 6 6 6 6 6 6 6 6 6 6 5 6 5 6 5 6 5 7 5 7 5 7 4 7 4 7 4 7 4 7 4 7 4 8 4 8 4 8 4 0 0 8 4 8 4 8 4 8 4 8 5 8 5 7 5 7 5 7 5 7 5 7 5 6 5 6 5 6 5 6 5 5 5 5 6 5 5 5 5 4 5 4 5 4 5 3 6 3 5 3 6 2 5 0 0 0 0 0 0 0 0 0 0 ]
CSI_DATA,AP,10:B4:1D:CC:60:E0,-38,11,1,7,1,1,1,1,0,0,1,-92,0,6,2,6187277,0,68,0,0,5.89669,384,[0 0 0 0 0 0 0 0 0 0 0 0 10 2 10 1 10 1 10 1 10 1 10 1 9 0 9 1 10 1 9 0 9 0 9 0 9 0 9 -1 9 -1 9 -1 9 -1 9 -2 9 -2 9 -2 9 -2 9 -2 9 -2 9 -2 9 -3 9 -3 0 0 10 -2 9 -2 10 -3 10 -2 10 -2 10 -2 10 -2 10 -2 10 -2 9 -1 10 -1 9 -1 9 0 8 -1 8 0 8 0 8 0 8 0 8 1 7 1 7 1 7 1 6 1 7 1 6 2 6 2 0 0 0 0 0 0 0 0 0 0 ]
CSI_DATA,AP,10:B4:1D:CC:60:E0,-37,11,1,7,1,1,1,1,0,0,1,-92,0,6,2,6277304,0,68,0,0,5.98672,384,[0 0 0 0 0 0 0 0 0 0 0 0 -11 1 -10 2 -10 2 -10 2 -10 2 -10 2 -10 2 -10 2 -9 2 -9 2 -9 2 -9 3 -9 3 -9 3 -9 3 -9 4 -9 4 -8 4 -8 4 -8 4 -8 4 -8 5 -9 5 -8 5 -8 5 -8 5 0 0 -9 5 -9 5 -9 5 -9 5 -9 5 -10 5 -9 4 -9 4 -9 4 -10 3 -9 3 -10 3 -9 2 -9 3 -9 2 -9 2 -9 2 -9 1 -8 1 -8 1 -8 0 -8 0 -8 0 -7 0 -8 -1 -7 -1 0 0 0 0 0 0 0 0 0 0 ]
CSI_DATA,AP,10:B4:1D:CC:60:E0,-36,11,1,7,1,1,1,1,0,0,1,-92,0,6,2,6367357,0,68,0,0,6.07677,384,[0 0 0 0 0 0 0 0 0 0 0 0 4 -10 4 -10 3 -10 3 -10 3 -10 3 -10 3 -10 3 -10 2 -10 2 -10 2 -10 2 -10 1 -10 1 -10 1 -10 1 -10 0 -10 0 -10 -1 -10 -1 -10 -1 -10 -1 -10 -1 -10 -1 -10 -1 -11 -1 -11 0 0 -1 -11 -2 -11 -1 -11 -1 -11 -1 -11 -1 -11 0 -11 0 -11 0 -10 0 -10 0 -10 0 -10 1 -10 1 -10 1 -9 1 -9 1 -9 1 -8 1 -8 1 -8 2 -8 2 -8 2 -7 2 -7 2 -7 3 -6 0 0 0 0 0 0 0 0 0 0 ]
CSI_DATA,AP,10:B4:1D:CC:60:E0,-38,11,1,7,1,1,1,1,0,0,1,-92,0,6,2,6458794,0,68,0,0,6.16821,384,[0 0 0 0 0 0 0 0 0 0 0 0 -6 7 -6 7 -6 7 -6 7 -6 7 -6 7 -5 7 -5 7 -5 7 -5 7 -4 7 -4 8 -4 8 -4 8 -4 8 -4 8 -3 8 -3 8 -3 8 -3 8 -2 8 -2 9 -2 9 -2 9 -2 9 -2 9 0 0 -2 10 -2 10 -2 10 -3 10 -2 10 -3 10 -3 10 -3 9 -4 9 -4 9 -4 9 -4 9 -4 9 -4 8 -4 8 -4 7 -4 7 -4 7 -4 6 -5 6 -5 6 -5 6 -5 6 -5 5 -5 5 -5 4 0 0 0 0 0 0 0 0 0 0 ]
CSI_DATA,AP,10:B4:1D:CC:60:E0,-37,11,1,7,1,1,1,1,0,0,1,-92,0,6,2,6547165,0,68,0,0,6.25657,384,[0 0 0 0 0 0 0 0 0 0 0 0 8 4 8 3 8 3 8 3 8 3 8 3 8 3 8 2 8 2 8 2 8 1 8 1 8 1 8 0 8 1 8 0 8 0 8 0 8 0 8 0 8 -1 9 -1 9 -1 9 -1 9 -2 9 -2 0 0 9 -2 9 -1 9 -2 10 -1 9 -1 9 -1 9 -1 9 0 9 0 9 0 9 0 9 0 9 0 9 0 8 1 8 1 8 1 8 1 7 1 7 2 7 2 7 2 6 2 6 2 6 2 5 3 0 0 0 0 0 0 0 0 0 0 ]
CSI_DATA,AP,10:B4:1D:CC:60:E0,-38,11,1,7,1,1,1,1,0,0,1,-92,0,6,2,6637337,0,68,0,0,6.34676,384,[0 0 0 0 0 0 0 0 0 0 0 0 6 5 7 5 7 5 7 5 7 5 7 4 7 5 6 4 6 4 7 3 7 3 7 3 7 3 8 3 8 3 8 2 8 2 8 2 8 2 8 1 8 2 8 2 9 1 9 1 9 1 9 1 0 0 9 1 10 1 10 2 10 1 10 2 10 2 10 2 10 2 10 3 10 2 10 2 9 3 9 3 9 3 8 3 8 3 8 4 8 4 7 4 6 4 6 4 6 4 6 4 5 4 5 5 5 5 0 0 0 0 0 0 0 0 0 0 ]
CSI_DATA,AP,10:B4:1D:CC:60:E0,-37,11,1,7,1,1,1,1,0,0,1,-92,0,6,2,6727290,0,68,0,0,6.43671,384,[0 0 0 0 0 0 0 0 0 0 0 0 3 9 3 8 3 9 3 8 3 8 4 8 4 8 4 8 4 7 4 7 4 7 5 7 5 7 5 7 5 7 6 6 6 6 6 6 7 6 6 6 6 6 7 6 7 6 7 6 7 6 7 6 0 0 7 6 7 6 7 6 8 6 8 7 7 7 7 7 7 7 7 7 6 7 6 7 6 7 6 7 5 7 5 7 5 7 4 7 4 7 4 6 3 7 3 6 3 6 3 6 2 7 2 6 1 6 0 0 0 0 0 0 0 0 0 0 ]
CSI_DATA,AP,10:B4:1D:CC:60:E0,-31,11,0,0,0,0,0,0,0,0,0,-92,0,6,2,6731747,0,66,0,0,6.45828,128,[0 0 0 0 0 0 0 0 0 0 0 0 5 12 5 11 6 11 6 11 6 11 6 10 6 10 7 10 7 10 7 10 7 9 7 9 7 9 8 9 8 8 9 8 9 8 9 8 9 8 10 7 10 7 10 7 10 7 10 7 10 7 11 7 0 0 11 7 11 8 11 7 11 8 11 8 11 8 11 9 11 9 10 9 10 9 9 9 9 9 8 9 8 9 8 9 7 9 7 9 6 9 6 8 6 9 5 9 5 9 4 9 4 9 3 9 3 9 0 0 0 0 0 0 0 0 0 0 ]
CSI_DATA,AP,10:B4:1D:CC:60:E0,-37,11,1,7,1,1,1,1,0,0,1,-92,0,6,2,6817299,0,68,0,0,6.52673,384,[0 0 0 0 0 0 0 0 0 0 0 0 10 0 9 0 9 0 9 -1 9 -1 9 -1 9 -1 9 -1 9 -1 9 -2 9 -2 8 -2 8 -3 8 -3 8 -3 9 -4 8 -4 8 -4 8 -4 8 -4 8 -4 8 -4 8 -5 8 -6 8 -5 8 -5 0 0 8 -5 9 -6 9 -6 9 -5 9 -5 9 -5 9 -5 9 -5 9 -5 9 -4 9 -4 8 -4 8 -4 8 -3 8 -3 8 -3 8 -3 8 -2 7 -2 7 -2 7 -2 7 -1 7 -1 7 -1 7 -1 6 0 0 0 0 0 0 0 0 0 0 0 ]
CSI_DATA,AP,10:B4:1D:CC:60:E0,-36,11,1,7,1,1,1,1,0,0,1,-92,0,6,2,6907274,0,68,0,0,6.61669,384,[0 0 0 0 0 0 0 0 0 0 0 0 8 4 8 4 8 4 8 4 8 3 8 3 8 3 8 3 8 3 8 2 8 2 8 2 8 2 8 1 8 1 8 1 8 1 8 1 8 0 8 0 8 0 9 0 9 0 9 0 9 0 9 0 0 0 9 0 9 0 10 0 9 0 9 0 9 0 9 1 9 1 9 1 9 1 9 1 8 2 8 2 8 2 8 2 7 3 7 2 7 2 6 3 6 3 6 3 6 3 5 3 5 3 5 4 4 4 0 0 0 0 0 0 0 0 0 0 ]
CSI_DATA,AP,10:B4:1D:CC:60:E0,-37,11,1,7,1,1,1,1,0,0,1,-92,0,6,2,6997196,0,68,0,0,6.70661,384,[0 0 0 0 0 0 0 0 0 0 0 0 -10 1 -10 1 -10 1 -10 1 -10 1 -10 1 -10 2 -9 2 -10 2 -9 2 -9 2 -9 3 -9 2 -8 3 -9 3 -8 3 -8 3 -8 4 -8 4 -8 4 -8 4 -8 4 -8 4 -8 5 -8 5 -8 5 0 0 -9 5 -8 5 -9 5 -9 5 -9 4 -9 4 -9 4 -9 4 -10 3 -9 3 -9 3 -9 3 -9 2 -8 2 -9 2 -8 1 -8 1 -8 1 -8 1 -8 0 -8 0 -8 0 -8 0 -7 -1 -7 -1 -7 -1 0 0 0 0 0 0 0 0 0 0 ]
CSI_DATA,AP,10:B4:1D:CC:60:E0,-37,11,1,7,1,1,1,1,0,0,1,-92,0,6,2,7087189,0,68,0,0,6.7966,384,[0 0 0 0 0 0 0 0 0 0 0 0 -9 -6 -9 -6 -9 -6 -9 -6 -9 -5 -9 -5 -9 -5 -9 -5 -9 -5 -9 -4 -9 -4 -9 -4 -9 -4 -9 -3 -9 -3 -9 -3 -9 -3 -9 -2 -10 -2 -10 -2 -10 -2 -10 -2 -10 -2 -10 -2 -10 -2 -10 -2 0 0 -10 -2 -11 -2 -11 -2 -11 -2 -10 -2 -11 -3 -10 -3 -10 -3 -10 -3 -10 -3 -10 -3 -10 -4 -9 -4 -9 -4 -9 -4 -8 -4 -8 -4 -8 -4 -7 -4 -7 -5 -7 -5 -7 -5 -7 -5 -6 -5 -6 -5 -5 -5 0 0 0 0 0 0 0 0 0 0 ]
CSI_DATA,AP,10:B4:1D:CC:60:E0,-37,11,1,7,1,1,1,1,0,0,1,-92,0,6,2,7177333,0,68,0,0,6.88675,384,[0 0 0 0 0 0 0 0 0 0 0 0 10 -2 9 -2 9 -2 9 -2 9 -2 9 -2 9 -2 9 -2 9 -2 9 -2 8 -3 9 -3 8 -3 8 -3 8 -3 8 -4 8 -4 8 -5 8 -4 8 -5 8 -4 8 -5 8 -5 8 -6 8 -6 8 -6 0 0 8 -6 8 -6 8 -6 8 -5 9 -5 9 -5 9 -5 9 -4 9 -5 9 -4 8 -4 8 -4 8 -3 8 -3 8 -3 8 -3 8 -2 7 -2 7 -2 7 -2 7 -1 7 -1 7 -1 6 -1 6 -1 6 0 0 0 0 0 0 0 0 0 0 0 ]
CSI_DATA,AP,10:B4:1D:CC:60:E0,-36,11,1,7,1,1,1,1,0,0,1,-92,0,6,2,7268328,0,68,0,0,6.97774,384,[0 0 0 0 0 0 0 0 0 0 0 0 -6 -9 -6 -9 -6 -9 -6 -9 -6 -9 -6 -9 -6 -9 -6 -8 -6 -8 -7 -8 -7 -7 -7 -8 -7 -8 -7 -7 -8 -7 -7 -7 -8 -7 -8 -7 -8 -7 -8 -7 -8 -6 -9 -7 -9 -6 -9 -6 -9 -7 -9 -6 0 0 -9 -7 -9 -7 -9 -7 -9 -7 -9 -7 -9 -7 -9 -7 -9 -8 -8 -7 -8 -7 -8 -7 -7 -8 -7 -8 -7 -8 -6 -8 -6 -8 -6 -7 -5 -7 -5 -7 -5 -7 -4 -7 -4 -7 -4 -7 -3 -7 -3 -7 -3 -7 0 0 0 0 0 0 0 0 0 0 ]
CSI_DATA,AP,10:B4:1D:CC:60:E0,-36,11,1,7,1,1,1,1,0,0,1,-92,0,6,2,7357225,0,68,0,0,7.06664,384,[0 0 0 0 0 0 0 0 0 0 0 0 -10 -4 -10 -4 -10 -4 -10 -4 -10 -4 -10 -4 -10 -4 -10 -3 -10 -3 -10 -3 -10 -3 -10 -2 -10 -2 -10 -2 -10 -2 -10 -1 -10 -1 -10 -1 -10 -1 -10 -1 -10 -1 -10 -1 -11 0 -11 0 -11 0 -11 0 0 0 -11 0 -11 0 -12 0 -11 0 -11 0 -11 -1 -11 -2 -11 -2 -11 -2 -11 -2 -10 -2 -10 -2 -10 -2 -10 -2 -10 -2 -9 -3 -9 -3 -9 -3 -8 -3 -8 -3 -8 -3 -8 -4 -7 -4 -7 -4 -7 -4 -6 -4 0 0 0 0 0 0 0 0 0 0 ]
CSI_DATA,AP,10:B4:1D:CC:60:E0,-36,11,1,7,1,1,1,1,0,0,1,-92,0,6,2,7447135,0,68,0,0,7.15655,384,[0 0 0 0 0 0 0 0 0 0 0 0 9 4 9 4 9 4 9 4 8 4 9 4 9 3 9 3 9 3 9 3 9 2 8 2 9 2 9 2 9 2 9 1 9 1 9 1 9 1 10 1 10 0 10 0 10 0 10 0 10 0 10 0 0 0 10 0 10 0 10 0 10 0 10 0 10 1 10 1 10 1 10 1 10 1 9 2 9 2 9 2 9 2 9 2 8 2 8 2 7 3 7 3 7 2 7 3 6 3 6 3 5 3 6 4 5 4 0 0 0 0 0 0 0 0 0 0 ]
CSI_DATA,AP,10:B4:1D:CC:60:E0,-36,11,1,7,1,1,1,1,0,0,1,-92,0,6,2,7537264,0,68,0,0,7.24668,384,[0 0 0 0 0 0 0 0 0 0 0 0 -5 -10 -5 -10 -5 -9 -5 -9 -5 -9 -5 -9 -5 -9 -5 -9 -5 -9 -6 -8 -6 -8 -6 -8 -6 -8 -7 -8 -7 -8 -6 -8 -7 -8 -7 -8 -7 -8 -7 -8 -7 -7 -8 -8 -7 -7 -8 -7 -8 -7 -8 -7 0 0 -8 -8 -8 -8 -8 -8 -8 -8 -8 -8 -7 -9 -7 -9 -7 -9 -7 -9 -6 -9 -6 -8 -6 -9 -5 -9 -5 -9 -5 -8 -5 -8 -4 -8 -4 -8 -3 -8 -3 -8 -3 -8 -2 -8 -2 -7 -2 -7 -2 -7 -2 -7 0 0 0 0 0 0 0 0 0 0 ]
CSI_DATA,AP,10:B4:1D:CC:60:E0,-36,11,1,7,1,1,1,1,0,0,1,-92,0,6,2,7627198,0,68,0,0,7.33662,384,[0 0 0 0 0 0 0 0 0 0 0 0 8 6 8 6 8 6 8 6 8 6 8 5 8 5 8 5 8 5 8 4 8 4 8 4 8 4 8 4 8 4 9 3 9 3 9 3 9 3 9 3 9 3 9 3 9 2 10 3 10 2 10 2 0 0 10 3 10 3 10 3 10 3 10 3 10 4 10 4 9 4 9 4 9 4 9 4 8 5 8 4 7 4 7 5 7 5 7 5 6 5 6 5 5 5 5 5 5 5 5 5 4 5 4 5 4 5 0 0 0 0 0 0 0 0 0 0 ]
CSI_DATA,AP,10:B4:1D:CC:60:E0,-36,11,1,7,1,1,1,1,0,0,1,-92,0,6,2,7717447,0,68,0,0,7.42686,384,[0 0 0 0 0 0 0 0 0 0 0 0 5 9 5 9 5 8 5 8 5 8 5 8 6 8 6 7 6 7 6 7 6 7 6 7 7 7 7 6 7 6 7 6 7 6 7 6 7 5 8 5 7 5 8 5 8 5 9 5 8 5 8 5 0 0 9 5 9 5 8 5 9 5 8 6 8 6 8 6 8 6 8 6 8 6 7 6 7 6 6 6 6 6 6 6 5 6 5 6 5 6 5 6 4 6 4 6 4 6 4 6 3 6 3 6 2 6 0 0 0 0 0 0 0 0 0 0 ]
CSI_DATA,AP,10:B4:1D:CC:60:E0,-30,11,0,0,0,0,0,0,0,0,0,-92,0,6,2,7731753,0,66,0,0,7.44843,128,[0 0 0 0 0 0 0 0 0 0 0 0 -10 -11 -10 -11 -10 -11 -10 -10 -11 -10 -10 -10 -10 -10 -11 -9 -11 -9 -11 -9 -11 -9 -11 -9 -11 -8 -11 -8 -11 -8 -12 -8 -11 -7 -12 -7 -11 -7 -12 -7 -13 -7 -13 -6 -13 -7 -13 -7 -13 -7 -13 -7 0 0 -13 -7 -14 -7 -13 -7 -13 -8 -13 -8 -13 -8 -13 -8 -12 -8 -12 -8 -12 -9 -11 -9 -11 -9 -10 -9 -10 -9 -10 -9 -9 -9 -9 -9 -8 -9 -8 -8 -7 -9 -7 -8 -7 -9 -6 -9 -5 -9 -5 -9 -4 -8 0 0 0 0 0 0 0 0 0 0 ]
CSI_DATA,AP,10:B4:1D:CC:60:E0,-36,11,1,7,1,1,1,1,0,0,1,-92,0,6,2,7807345,0,68,0,0,7.51678,384,[0 0 0 0 0 0 0 0 0 0 0 0 -9 -7 -9 -7 -9 -7 -9 -7 -9 -6 -9 -7 -9 -6 -9 -6 -9 -6 -9 -6 -9 -5 -9 -5 -9 -5 -9 -4 -9 -5 -9 -4 -9 -4 -10 -4 -10 -4 -10 -4 -10 -4 -10 -4 -10 -3 -11 -3 -10 -3 -11 -3 0 0 -11 -4 -11 -4 -11 -4 -11 -4 -11 -4 -10 -4 -10 -5 -10 -5 -10 -5 -10 -5 -10 -5 -9 -5 -9 -5 -9 -5 -8 -5 -8 -5 -8 -5 -7 -5 -7 -5 -7 -5 -6 -6 -6 -6 -6 -6 -5 -6 -5 -6 -5 -6 0 0 0 0 0 0 0 0 0 0 ]
CSI_DATA,AP,10:B4:1D:CC:60:E0,-36,11,1,7,1,1,1,1,0,0,1,-92,0,6,2,7897259,0,68,0,0,7.60668,384,[0 0 0 0 0 0 0 0 0 0 0 0 8 5 8 5 8 4 8 4 8 4 9 4 9 4 8 4 9 3 8 3 9 3 9 2 9 2 9 2 9 2 9 2 9 1 9 1 9 1 9 1 9 1 9 1 9 0 10 1 10 0 10 0 0 0 10 1 10 0 10 1 10 1 10 1 10 1 10 1 10 2 9 2 9 2 9 2 9 2 9 2 8 3 8 3 8 3 7 3 7 2 7 3 6 3 6 3 6 3 6 3 5 3 5 4 5 4 0 0 0 0 0 0 0 0 0 0 ]
CSI_DATA,AP,10:B4:1D:CC:60:E0,-36,11,1,7,1,1,1,1,0,0,1,-92,0,6,2,7987159,0,68,0,0,7.69657,384,[0 0 0 0 0 0 0 0 0 0 0 0 -6 -9 -7 -9 -7 -9 -7 -9 -7 -9 -7 -8 -7 -8 -7 -8 -7 -8 -7 -8 -7 -8 -7 -8 -8 -7 -8 -7 -8 -7 -8 -7 -8 -7 -9 -6 -9 -6 -9 -6 -9 -6 -9 -6 -9 -6 -9 -6 -9 -6 -9 -6 0 0 -9 -6 -10 -6 -9 -6 -10 -7 -10 -6 -9 -7 -9 -7 -9 -7 -9 -7 -8 -8 -8 -7 -8 -8 -8 -8 -7 -7 -7 -7 -6 -7 -6 -8 -6 -7 -6 -7 -5 -7 -5 -7 -4 -7 -4 -7 -4 -7 -3 -7 -3 -7 0 0 0 0 0 0 0 0 0 0 ]
CSI_DATA,AP,10:B4:1D:CC:60:E0,-36,11,1,7,1,1,1,1,0,0,1,-92,0,6,2,8077307,0,68,0,0,7.78672,384,[0 0 0 0 0 0 0 0 0 0 0 0 2 9 2 9 3 9 3 9 3 9 3 9 3 8 3 8 3 8 4 8 4 8 4 8 4 8 4 8 5 7 5 7 5 7 5 7 5 7 6 7 6 7 6 7 6 7 6 7 6 7 6 7 0 0 6 7 6 7 6 8 6 7 6 8 6 7 6 8 5 8 5 7 5 8 5 8 5 8 4 8 4 8 4 7 4 7 3 7 3 7 3 6 2 7 2 6 2 6 2 6 1 6 1 6 1 6 0 0 0 0 0 0 0 0 0 0 ]
CSI_DATA,AP,10:B4:1D:CC:60:E0,-36,11,1,7,1,1,1,1,0,0,1,-92,0,6,2,8167401,0,68,0,0,7.87682,384,[0 0 0 0 0 0 0 0 0 0 0 0 9 -5 8 -5 9 -5 8 -5 8 -5 8 -5 8 -6 8 -6 7 -6 7 -6 7 -6 7 -6 7 -7 6 -6 6 -7 6 -7 6 -7 6 -7 6 -8 6 -8 5 -8 6 -8 6 -8 6 -8 6 -8 6 -9 0 0 6 -8 6 -9 6 -8 6 -9 6 -8 6 -8 7 -8 7 -8 7 -7 7 -7 7 -7 7 -7 7 -7 7 -6 7 -6 7 -5 7 -5 6 -5 6 -5 6 -4 6 -4 6 -4 6 -4 6 -3 6 -3 6 -2 0 0 0 0 0 0 0 0 0 0 ]
CSI_DATA,AP,10:B4:1D:CC:60:E0,-36,11,1,7,1,1,1,1,0,0,1,-92,0,6,2,8257204,0,68,0,0,7.96662,384,[0 0 0 0 0 0 0 0 0 0 0 0 10 0 10 0 10 0 9 0 9 0 9 0 9 0 9 0 9 -1 9 -1 9 -1 9 -2 9 -2 9 -2 9 -2 9 -2 9 -3 9 -3 8 -3 9 -3 9 -3 9 -3 9 -4 9 -4 9 -4 9 -4 0 0 9 -4 10 -4 10 -4 10 -3 9 -3 10 -3 10 -3 9 -2 10 -2 9 -2 9 -2 9 -2 9 -1 9 -1 9 -1 8 -1 8 0 8 0 7 0 7 0 7 1 7 1 7 1 6 1 6 1 6 2 0 0 0 0 0 0 0 0 0 0 ]
CSI_DATA,AP,10:B4:1D:CC:60:E0,-36,11,1,7,1,1,1,1,0,0,1,-92,0,6,2,8347157,0,68,0,0,8.05657,384,[0 0 0 0 0 0 0 0 0 0 0 0 6 7 6 7 7 7 7 7 7 7 7 6 6 6 7 6 7 6 7 6 7 5 7 5 7 5 7 5 8 5 7 4 8 4 8 4 8 4 8 4 8 4 9 4 8 3 9 3 9 4 9 3 0 0 9 3 9 4 9 3 9 4 9 4 9 4 9 4 8 4 8 5 8 5 8 5 7 5 7 5 7 5 6 5 6 5 6 5 5 5 5 5 5 4 5 5 4 5 4 5 4 5 4 5 3 5 0 0 0 0 0 0 0 0 0 0 ]
CSI_DATA,AP,10:B4:1D:CC:60:E0,-36,11,1,7,1,1,1,1,0,0,1,-92,0,6,2,8437250,0,68,0,0,8.14667,384,[0 0 0 0 0 0 0 0 0 0 0 0 -9 -7 -9 -7 -9 -6 -9 -6 -9 -6 -9 -6 -9 -6 -9 -6 -9 -6 -9 -5 -9 -5 -9 -4 -9 -4 -10 -4 -10 -4 -9 -4 -10 -4 -10 -3 -10 -3 -10 -3 -10 -3 -10 -3 -10 -3 -11 -2 -11 -3 -11 -2 0 0 -11 -3 -11 -3 -11 -3 -11 -3 -11 -3 -10 -4 -10 -4 -10 -4 -10 -4 -10 -4 -10 -4 -10 -5 -9 -5 -9 -5 -9 -5 -8 -5 -8 -5 -8 -5 -7 -5 -7 -5 -7 -5 -6 -5 -6 -5 -6 -5 -6 -5 -5 -6 0 0 0 0 0 0 0 0 0 0 ]
CSI_DATA,AP,10:B4:1D:CC:60:E0,-36,11,1,7,1,1,1,1,0,0,1,-92,0,6,2,8527320,0,68,0,0,8.23673,384,[0 0 0 0 0 0 0 0 0 0 0 0 -8 7 -8 7 -8 7 -7 7 -7 7 -7 7 -7 7 -7 7 -6 8 -6 8 -6 8 -6 8 -5 8 -5 8 -5 8 -5 8 -4 8 -4 9 -4 9 -4 9 -4 9 -4 9 -4 9 -4 9 -4 9 -4 9 0 0 -4 10 -3 10 -4 10 -4 10 -4 10 -4 10 -4 9 -5 9 -5 9 -5 9 -5 8 -5 8 -5 8 -5 7 -5 7 -5 7 -5 7 -5 6 -5 6 -5 6 -5 5 -5 5 -5 5 -5 5 -6 4 -6 4 0 0 0 0 0 0 0 0 0 0 ]
CSI_DATA,AP,10:B4:1D:CC:60:E0,-36,11,1,7,1,1,1,1,0,0,1,-92,0,6,2,8617215,0,68,0,0,8.32664,384,[0 0 0 0 0 0 0 0 0 0 0 0 8 6 8 6 8 6 8 6 8 5 8 5 8 5 8 4 8 4 8 4 8 3 8 4 8 3 9 3 9 3 9 3 9 3 8 2 9 2 9 2 9 2 9 2 9 2 9 1 10 1 10 1 0 0 10 2 10 2 10 2 10 2 10 2 10 2 10 3 9 3 9 3 9 3 9 3 8 3 8 3 8 4 7 3 7 4 7 4 7 4 6 4 6 4 6 4 5 4 5 4 5 4 5 4 4 5 0 0 0 0 0 0 0 0 0 0 ]
CSI_DATA,AP,10:B4:1D:CC:60:E0,-36,11,1,7,1,1,1,1,0,0,1,-92,0,6,2,8708179,0,68,0,0,8.4176,384,[0 0 0 0 0 0 0 0 0 0 0 0 -2 10 -2 10 -1 10 -1 10 -1 10 -1 10 -1 10 0 9 0 9 0 9 0 9 0 9 0 9 1 9 1 9 2 9 1 9 2 9 2 9 2 9 2 8 3 9 3 9 3 9 3 9 3 9 0 0 3 9 3 9 3 9 3 10 3 10 3 10 3 10 2 9 2 9 2 9 1 9 1 9 1 9 1 9 1 8 0 8 0 8 0 8 0 8 0 7 -1 7 -1 7 -1 7 -2 7 -1 6 -2 6 0 0 0 0 0 0 0 0 0 0 ]
CSI_DATA,AP,10:B4:1D:CC:60:E0,-36,11,1,7,1,1,1,1,0,0,1,-92,0,6,2,8797214,0,68,0,0,8.50663,384,[0 0 0 0 0 0 0 0 0 0 0 0 0 -11 0 -11 0 -11 0 -11 -1 -11 -1 -11 0 -10 -1 -10 -1 -10 -2 -10 -2 -10 -2 -10 -2 -10 -2 -10 -2 -10 -3 -10 -3 -10 -3 -9 -3 -10 -3 -10 -3 -9 -3 -10 -4 -9 -4 -10 -4 -10 -4 -10 0 0 -4 -10 -4 -10 -4 -10 -4 -10 -4 -11 -4 -10 -3 -11 -3 -10 -3 -10 -2 -10 -2 -10 -2 -10 -2 -10 -1 -10 -1 -9 -1 -9 -1 -9 -1 -8 0 -8 0 -8 0 -8 0 -8 0 -8 1 -7 1 -7 1 -7 0 0 0 0 0 0 0 0 0 0 ]
CSI_DATA,AP,10:B4:1D:CC:60:E0,-36,11,1,7,1,1,1,1,0,0,1,-92,0,6,2,8887326,0,68,0,0,8.59674,384,[0 0 0 0 0 0 0 0 0 0 0 0 -10 -4 -10 -4 -10 -4 -10 -4 -10 -3 -10 -3 -9 -3 -9 -3 -9 -3 -9 -2 -9 -2 -10 -2 -10 -2 -10 -1 -10 -2 -9 -1 -10 -1 -9 -1 -10 -1 -9 0 -10 0 -10 0 -10 0 -10 0 -10 0 -10 0 0 0 -11 0 -10 0 -11 0 -10 0 -11 -1 -10 -1 -10 -1 -10 -1 -10 -1 -10 -2 -10 -2 -9 -2 -9 -2 -9 -2 -9 -2 -9 -2 -8 -3 -8 -3 -7 -3 -8 -3 -7 -3 -7 -3 -7 -3 -6 -3 -6 -4 -6 -4 0 0 0 0 0 0 0 0 0 0 ]
CSI_DATA,AP,10:B4:1D:CC:60:E0,-36,11,1,7,1,1,1,1,0,0,1,-92,0,6,2,8977243,0,68,0,0,8.68666,384,[0 0 0 0 0 0 0 0 0 0 0 0 6 8 5 8 6 8 6 8 6 7 6 7 5 7 6 7 6 7 6 6 6 6 6 6 7 6 7 6 7 5 7 5 7 5 7 5 7 5 8 5 7 5 7 5 8 4 8 4 8 4 8 4 0 0 8 5 8 5 8 5 8 5 8 5 8 5 8 6 7 5 7 6 7 6 7 5 7 6 6 6 6 6 5 6 5 6 5 6 4 5 4 6 4 5 4 6 3 6 3 5 3 5 3 6 2 5 0 0 0 0 0 0 0 0 0 0 ]
CSI_DATA,AP,10:B4:1D:CC:60:E0,-35,11,1,7,1,1,1,1,0,0,1,-92,0,6,2,9067217,0,68,0,0,8.77663,384,[0 0 0 0 0 0 0 0 0 0 0 0 -10 -6 -9 -5 -10 -6 -9 -5 -9 -5 -9 -5 -9 -5 -9 -5 -9 -5 -9 -4 -9 -4 -9 -4 -9 -3 -9 -3 -9 -3 -9 -3 -9 -3 -9 -3 -10 -2 -10 -3 -10 -2 -10 -2 -10 -2 -10 -2 -10 -2 -10 -2 0 0 -10 -2 -10 -2 -10 -2 -10 -3 -10 -3 -10 -3 -10 -3 -10 -3 -10 -3 -10 -4 -9 -3 -9 -4 -9 -4 -8 -4 -8 -4 -8 -4 -8 -4 -7 -4 -7 -4 -7 -4 -6 -5 -6 -5 -6 -5 -6 -5 -5 -5 -5 -5 0 0 0 0 0 0 0 0 0 0 ]
CSI_DATA,AP,10:B4:1D:CC:60:E0,-35,11,1,7,1,1,1,1,0,0,1,-92,0,6,2,9157239,0,68,0,0,8.86666,384,[0 0 0 0 0 0 0 0 0 0 0 0 0 -11 0 -11 -1 -11 0 -11 -1 -11 -1 -11 -1 -10 -1 -10 -1 -10 -2 -10 -2 -10 -2 -10 -3 -10 -3 -10 -3 -10 -3 -9 -3 -9 -3 -9 -4 -9 -4 -9 -4 -9 -4 -9 -4 -10 -4 -9 -4 -10 -4 -9 0 0 -4 -10 -5 -10 -4 -10 -4 -10 -4 -10 -4 -10 -3 -10 -3 -10 -3 -10 -3 -10 -3 -10 -3 -10 -2 -9 -2 -9 -1 -9 -1 -9 -1 -9 -1 -8 -1 -8 -1 -8 0 -8 0 -8 0 -7 0 -7 0 -7 1 -7 0 0 0 0 0 0 0 0 0 0 ]
CSI_DATA,AP,10:B4:1D:CC:60:E0,-35,11,1,7,1,1,1,1,0,0,1,-92,0,6,2,9247180,0,68,0,0,8.9566,384,[0 0 0 0 0 0 0 0 0 0 0 0 -1 10 0 10 0 10 0 10 0 9 0 9 0 9 1 9 1 9 1 9 1 8 1 8 2 8 2 9 2 8 2 8 2 8 2 8 3 8 3 8 3 8 3 8 3 8 3 8 3 8 3 8 0 0 3 8 3 9 3 9 3 9 3 9 3 9 2 9 2 9 2 8 2 8 1 8 1 8 1 8 1 8 0 8 0 7 0 8 0 7 -1 7 0 7 -1 6 -1 6 -1 6 -2 6 -2 6 -2 5 0 0 0 0 0 0 0 0 0 0 ]
CSI_DATA,AP,10:B4:1D:CC:60:E0,-35,11,1,7,1,1,1,1,0,0,1,-92,0,6,2,9337323,0,68,0,0,9.04674,384,[0 0 0 0 0 0 0 0 0 0 0 0 7 -9 6 -9 6 -9 6 -9 6 -9 6 -9 5 -9 5 -9 5 -9 5 -9 5 -9 4 -9 4 -9 4 -9 4 -9 3 -9 3 -9 3 -9 3 -10 3 -10 3 -10 3 -10 2 -10 2 -11 2 -10 2 -10 0 0 2 -10 3 -11 3 -11 2 -10 3 -11 3 -10 3 -10 3 -10 4 -9 4 -9 4 -9 4 -9 4 -9 4 -9 4 -8 4 -8 4 -7 4 -7 4 -7 4 -6 4 -6 4 -6 4 -6 4 -5 4 -5 5 -5 0 0 0 0 0 0 0 0 0 0 ]
CSI_DATA,AP,10:B4:1D:CC:60:E0,-34,11,1,7,1,1,1,1,0,0,1,-92,0,6,2,9427786,0,68,0,0,9.1372,384,[0 0 0 0 0 0 0 0 0 0 0 0 8 5 8 5 9 5 8 4 8 4 8 4 8 4 8 4 8 3 8 3 8 3 8 2 8 2 9 2 9 2 8 2 8 2 8 1 9 1 9 1 9 1 9 1 9 1 9 0 9 0 9 0 0 0 9 1 9 1 9 1 9 1 10 1 9 2 9 2 9 2 9 2 9 2 8 2 8 2 8 2 7 2 7 2 7 3 7 3 7 3 6 3 6 3 6 3 5 3 5 3 5 3 5 4 4 4 0 0 0 0 0 0 0 0 0 0 ]
CSI_DATA,AP,10:B4:1D:CC:60:E0,-34,11,1,7,1,1,1,1,0,0,1,-92,0,6,2,9517205,0,68,0,0,9.22663,384,[0 0 0 0 0 0 0 0 0 0 0 0 4 -10 4 -10 4 -10 4 -10 4 -10 3 -10 3 -10 3 -10 3 -10 2 -10 2 -10 2 -10 1 -10 1 -10 1 -10 1 -10 1 -10 1 -10 0 -10 0 -10 0 -10 0 -10 0 -10 0 -11 -1 -10 0 -10 0 0 0 -10 0 -11 0 -11 0 -11 0 -10 0 -11 1 -11 1 -10 1 -10 1 -10 1 -10 1 -10 2 -9 2 -9 2 -9 2 -8 2 -8 2 -8 2 -7 3 -7 3 -7 3 -7 3 -7 3 -6 3 -6 3 -6 0 0 0 0 0 0 0 0 0 0 ]
CSI_DATA,AP,10:B4:1D:CC:60:E0,-34,11,1,7,1,1,1,1,0,0,1,-92,0,6,2,9607248,0,68,0,0,9.31667,384,[0 0 0 0 0 0 0 0 0 0 0 0 2 -11 1 -11 1 -11 1 -10 1 -11 1 -10 1 -10 0 -10 1 -10 0 -10 0 -10 0 -10 -1 -10 -1 -10 -1 -10 -1 -10 -2 -9 -2 -10 -2 -9 -2 -10 -2 -10 -2 -10 -3 -10 -3 -10 -3 -10 -3 -10 0 0 -3 -10 -3 -10 -3 -10 -3 -10 -2 -10 -2 -10 -2 -10 -2 -10 -2 -10 -1 -10 -1 -10 -1 -10 -1 -9 -1 -9 -1 -9 -1 -8 0 -9 0 -8 0 -8 0 -8 1 -7 1 -7 1 -7 1 -7 1 -7 2 -6 0 0 0 0 0 0 0 0 0 0 ]
CSI_DATA,AP,10:B4:1D:CC:60:E0,-34,11,1,7,1,1,1,1,0,0,1,-92,0,6,2,9697249,0,68,0,0,9.40667,384,[0 0 0 0 0 0 0 0 0 0 0 0 6 -9 6 -9 6 -9 6 -9 5 -9 5 -9 5 -9 5 -9 5 -9 4 -9 4 -9 4 -9 4 -9 3 -9 3 -9 3 -9 3 -9 3 -9 3 -10 3 -9 2 -10 2 -10 2 -10 2 -10 2 -10 2 -10 0 0 2 -10 2 -10 2 -10 2 -10 3 -10 3 -10 3 -10 3 -10 3 -9 3 -9 4 -9 4 -9 4 -9 4 -8 4 -8 4 -8 4 -7 4 -7 4 -7 4 -6 4 -6 4 -6 4 -6 4 -5 4 -5 4 -4 0 0 0 0 0 0 0 0 0 0 ]
CSI_DATA,AP,10:B4:1D:CC:60:E0,-34,11,1,7,1,1,1,1,0,0,1,-92,0,6,2,9787332,0,68,0,0,9.49675,384,[0 0 0 0 0 0 0 0 0 0 0 0 -11 2 -11 2 -11 2 -11 2 -11 3 -10 3 -10 3 -10 2 -10 3 -10 3 -10 3 -9 3 -9 4 -9 4 -9 4 -9 4 -9 4 -9 4 -9 5 -9 5 -9 5 -9 5 -9 5 -9 5 -8 5 -9 5 0 0 -9 5 -9 5 -9 5 -9 5 -10 5 -10 5 -10 4 -10 4 -10 4 -10 4 -9 3 -9 4 -9 3 -9 3 -9 2 -8 2 -9 2 -8 2 -8 1 -8 1 -8 1 -8 1 -7 0 -7 0 -7 0 -7 -1 0 0 0 0 0 0 0 0 0 0 ]
CSI_DATA,AP,10:B4:1D:CC:60:E0,-34,11,1,7,1,1,1,1,0,0,1,-92,0,6,2,9877258,0,68,0,0,9.58667,384,[0 0 0 0 0 0 0 0 0 0 0 0 5 -10 5 -10 5 -10 5 -10 5 -10 4 -10 4 -10 4 -10 4 -9 4 -10 3 -9 3 -9 3 -10 2 -10 3 -10 2 -10 2 -10 2 -10 2 -10 1 -10 1 -10 1 -10 1 -10 1 -11 0 -11 1 -10 0 0 1 -11 1 -11 1 -11 1 -10 1 -10 1 -11 2 -10 2 -10 2 -10 2 -10 2 -10 2 -10 2 -9 3 -9 3 -9 3 -8 3 -8 3 -7 3 -7 3 -7 3 -7 3 -6 3 -6 4 -6 4 -6 4 -5 0 0 0 0 0 0 0 0 0 0 ]
CSI_DATA,AP,10:B4:1D:CC:60:E0,-34,11,1,7,1,1,1,1,0,0,1,-92,0,6,2,9967446,0,68,0,0,9.67686,384,[0 0 0 0 0 0 0 0 0 0 0 0 10 2 9 2 10 2 10 2 9 2 9 1 9 1 9 1 9 1 9 1 9 0 9 0 9 0 9 0 9 -1 9 -1 9 -1 9 -1 9 -1 9 -2 9 -2 9 -1 9 -2 9 -2 9 -2 9 -2 0 0 9 -2 9 -2 10 -2 9 -2 9 -2 10 -1 9 -1 9 -1 9 -1 9 0 9 0 9 0 9 0 8 0 8 0 8 1 8 1 7 1 7 1 7 1 7 1 6 2 6 2 6 2 6 2 5 3 0 0 0 0 0 0 0 0 0 0 ]
CSI_DATA,AP,10:B4:1D:CC:60:E0,-34,11,1,7,1,1,1,1,0,0,1,-92,0,6,2,10057336,0,68,0,0,9.76675,384,[0 0 0 0 0 0 0 0 0 0 0 0 -11 3 -11 2 -11 3 -11 3 -11 3 -10 3 -11 3 -10 3 -10 3 -10 4 -9 4 -9 4 -9 4 -9 5 -9 5 -9 5 -9 5 -9 5 -8 6 -8 6 -8 6 -8 6 -8 6 -8 6 -8 6 -8 6 0 0 -8 6 -9 7 -8 6 -9 6 -9 6 -9 6 -9 6 -9 6 -9 5 -9 5 -9 5 -9 5 -8 4 -8 4 -8 4 -8 3 -8 3 -8 3 -8 2 -8 2 -8 2 -7 2 -8 2 -7 1 -7 1 -7 0 0 0 0 0 0 0 0 0 0 0 ]
CSI_DATA,AP,10:B4:1D:CC:60:E0,-34,11,1,7,1,1,1,1,0,0,1,-92,0,6,2,10147351,0,68,0,0,9.85677,384,[0 0 0 0 0 0 0 0 0 0 0 0 -10 4 -10 4 -10 4 -10 4 -10 4 -9 4 -9 4 -9 5 -9 4 -9 5 -8 5 -8 5 -8 5 -8 5 -8 5 -8 5 -8 5 -7 6 -7 6 -7 6 -7 6 -7 7 -7 6 -7 7 -7 7 -7 7 0 0 -7 7 -7 7 -8 7 -8 7 -8 6 -8 6 -8 6 -8 6 -8 6 -8 5 -8 5 -8 5 -8 5 -8 4 -8 4 -8 4 -8 4 -8 3 -7 3 -7 3 -7 2 -7 2 -7 2 -7 1 -7 1 -7 1 0 0 0 0 0 0 0 0 0 0 ]
CSI_DATA,AP,10:B4:1D:CC:60:E0,-34,11,1,7,1,1,1,1,0,0,1,-92,0,6,2,10237941,0,68,0,0,9.94735,384,[0 0 0 0 0 0 0 0 0 0 0 0 4 -10 4 -10 4 -11 3 -10 3 -10 3 -10 3 -10 3 -10 3 -10 2 -10 2 -10 2 -10 2 -10 1 -10 1 -10 1 -10 1 -10 1 -10 0 -10 0 -10 1 -10 0 -10 0 -10 0 -11 0 -11 0 -11 0 0 0 -11 0 -11 0 -11 1 -11 1 -11 1 -11 1 -11 1 -11 2 -10 2 -10 2 -10 2 -10 2 -9 2 -9 3 -9 3 -8 3 -8 3 -8 3 -7 3 -7 3 -7 4 -7 3 -7 4 -6 4 -6 4 -5 0 0 0 0 0 0 0 0 0 0 ]
CSI_DATA,AP,10:B4:1D:CC:60:E0,-34,11,1,7,1,1,1,1,0,0,1,-92,0,6,2,10327226,0,68,0,0,10.0366,384,[0 0 0 0 0 0 0 0 0 0 0 0 8 -7 8 -7 8 -7 7 -7 7 -7 7 -7 7 -7 7 -7 6 -7 6 -7 6 -7 6 -8 6 -8 5 -8 5 -8 5 -8 5 -8 5 -8 5 -9 5 -9 4 -9 4 -9 4 -9 4 -9 4 -9 4 -9 0 0 5 -9 5 -9 4 -9 5 -9 5 -9 5 -9 5 -9 5 -9 5 -8 5 -8 5 -8 5 -8 5 -7 5 -7 6 -7 6 -6 5 -6 5 -6 5 -5 5 -5 5 -5 5 -5 5 -4 5 -4 5 -4 5 -3 0 0 0 0 0 0 0 0 0 0 ]
CSI_DATA,AP,10:B4:1D:CC:60:E0,-34,11,1,7,1,1,1,1,0,0,1,-92,0,6,2,10417220,0,68,0,0,10.1266,384,[0 0 0 0 0 0 0 0 0 0 0 0 7 -8 6 -8 6 -8 6 -8 6 -8 6 -8 6 -8 6 -8 5 -8 5 -8 5 -8 5 -8 4 -8 4 -8 4 -9 3 -9 4 -9 3 -9 3 -9 3 -9 3 -9 3 -9 3 -9 3 -9 3 -10 3 -9 0 0 3 -10 3 -10 3 -10 3 -10 3 -10 3 -10 4 -10 4 -9 4 -9 4 -9 4 -8 5 -8 4 -8 5 -8 4 -7 4 -7 5 -7 4 -6 5 -6 4 -6 5 -6 5 -5 5 -5 5 -5 5 -4 5 -4 0 0 0 0 0 0 0 0 0 0 ]
CSI_DATA,AP,10:B4:1D:CC:60:E0,-35,11,1,7,1,1,1,1,0,0,1,-92,0,6,2,10507344,0,68,0,0,10.2168,384,[0 0 0 0 0 0 0 0 0 0 0 0 5 9 5 8 5 8 5 8 5 8 5 8 5 8 5 7 5 7 5 7 5 7 6 7 6 7 6 6 6 6 6 6 6 6 6 6 7 6 7 6 7 6 7 6 7 5 8 6 7 6 7 6 0 0 8 6 8 6 8 6 7 6 7 6 7 6 7 6 7 7 7 7 6 7 6 7 6 7 5 7 5 7 5 7 4 6 4 7 4 6 3 6 3 6 3 6 2 6 2 6 2 6 2 6 1 6 0 0 0 0 0 0 0 0 0 0 ]
CSI_DATA,AP,10:B4:1D:CC:60:E0,-35,11,1,7,1,1,1,1,0,0,1,-92,0,6,2,10597360,0,68,0,0,10.3068,384,[0 0 0 0 0 0 0 0 0 0 0 0 9 -4 9 -4 9 -4 9 -4 9 -4 9 -4 9 -4 8 -5 8 -5 8 -5 8 -5 8 -5 8 -5 8 -5 7 -6 7 -6 7 -6 7 -6 7 -6 7 -7 7 -7 7 -7 7 -7 7 -7 7 -7 7 -7 0 0 7 -7 7 -8 7 -7 7 -7 7 -7 7 -7 7 -7 8 -6 7 -6 8 -6 8 -6 8 -5 7 -5 7 -5 7 -5 7 -4 7 -4 7 -4 7 -3 7 -3 7 -3 6 -3 6 -2 6 -2 6 -2 6 -1 0 0 0 0 0 0 0 0 0 0 ]
CSI_DATA,AP,10:B4:1D:CC:60:E0,-35,11,1,7,1,1,1,1,0,0,1,-92,0,6,2,10687341,0,68,0,0,10.3968,384,[0 0 0 0 0 0 0 0 0 0 0 0 7 -7 7 -7 7 -7 7 -8 6 -8 6 -7 6 -8 6 -8 6 -8 6 -8 5 -8 5 -8 5 -8 4 -8 5 -8 4 -8 4 -8 4 -8 4 -9 4 -9 3 -9 3 -9 3 -9 4 -10 3 -9 3 -9 0 0 4 -9 3 -10 4 -10 4 -9 4 -9 4 -10 4 -9 4 -9 4 -9 5 -9 5 -8 5 -8 5 -8 5 -7 5 -7 5 -7 5 -7 5 -6 5 -6 5 -6 5 -5 5 -5 5 -5 5 -5 5 -4 5 -4 0 0 0 0 0 0 0 0 0 0 ]
CSI_DATA,AP,10:B4:1D:CC:60:E0,-35,11,1,7,1,1,1,1,0,0,1,-92,0,6,2,10777419,0,68,0,0,10.4868,384,[0 0 0 0 0 0 0 0 0 0 0 0 -6 8 -6 8 -6 8 -5 8 -5 8 -5 8 -5 8 -5 8 -5 8 -4 8 -4 8 -4 8 -3 8 -3 8 -3 8 -3 8 -3 8 -2 8 -2 9 -2 9 -2 9 -2 9 -2 9 -1 9 -1 9 -2 9 0 0 -2 9 -1 10 -2 10 -2 9 -2 10 -2 10 -2 9 -2 9 -3 9 -3 9 -3 9 -3 9 -3 8 -3 8 -3 8 -3 7 -3 7 -4 7 -4 6 -4 6 -4 6 -4 6 -4 6 -4 5 -5 5 -5 4 0 0 0 0 0 0 0 0 0 0 ]
CSI_DATA,AP,10:B4:1D:CC:60:E0,-35,11,1,7,1,1,1,1,0,0,1,-92,0,6,2,10867232,0,68,0,0,10.5766,384,[0 0 0 0 0 0 0 0 0 0 0 0 7 -8 7 -8 7 -7 7 -8 7 -7 6 -8 6 -8 6 -8 6 -8 5 -8 5 -8 5 -8 5 -8 4 -8 5 -8 5 -8 4 -9 4 -9 4 -9 4 -9 4 -9 4 -9 4 -9 3 -10 3 -10 3 -9 0 0 4 -10 4 -10 3 -10 4 -10 4 -10 4 -10 4 -9 4 -9 5 -9 5 -9 5 -8 5 -9 5 -8 5 -8 5 -7 5 -7 5 -7 5 -6 5 -6 5 -6 5 -6 5 -5 5 -5 5 -5 5 -4 5 -4 0 0 0 0 0 0 0 0 0 0 ]
CSI_DATA,AP,10:B4:1D:CC:60:E0,-35,11,1,7,1,1,1,1,0,0,1,-92,0,6,2,10957095,0,68,0,0,10.6665,384,[0 0 0 0 0 0 0 0 0 0 0 0 8 5 8 5 8 5 8 5 8 5 8 5 8 4 8 4 8 4 8 4 8 3 8 3 8 3 8 3 8 2 9 2 8 2 9 2 9 2 9 2 9 2 9 2 9 1 10 1 9 1 9 1 0 0 9 1 10 1 9 1 10 1 10 1 10 2 10 2 9 2 9 2 9 2 9 2 9 2 8 2 8 3 8 3 7 3 7 3 7 3 6 3 6 3 6 3 5 4 5 4 5 4 5 4 4 4 0 0 0 0 0 0 0 0 0 0 ]
CSI_DATA,AP,10:B4:1D:CC:60:E0,-35,11,1,7,1,1,1,1,0,0,1,-92,0,6,2,11047217,0,68,0,0,10.7566,384,[0 0 0 0 0 0 0 0 0 0 0 0 7 7 7 7 7 6 7 6 7 6 7 6 7 6 7 6 7 5 7 5 7 5 7 5 7 5 8 4 8 4 8 4 8 4 8 3 9 3 8 3 8 3 8 3 9 3 9 3 9 3 9 3 0 0 9 3 9 3 9 3 9 3 9 3 9 3 9 3 9 4 8 4 8 4 8 4 8 4 7 4 7 4 7 4 7 4 6 4 6 4 6 4 5 4 5 4 5 5 4 5 4 5 4 5 4 5 0 0 0 0 0 0 0 0 0 0 ]
CSI_DATA,AP,10:B4:1D:CC:60:E0,-35,11,1,7,1,1,1,1,0,0,1,-92,0,6,2,11137325,0,68,0,0,10.8467,384,[0 0 0 0 0 0 0 0 0 0 0 0 -3 10 -3 10 -3 10 -3 10 -3 9 -3 9 -2 9 -2 9 -2 9 -2 9 -2 9 -1 9 -1 9 -1 9 -1 9 0 9 0 9 0 9 0 9 1 9 1 9 1 9 1 9 1 9 1 9 1 9 0 0 1 9 1 10 1 10 1 10 1 10 0 10 0 10 0 10 0 9 0 9 -1 9 -1 9 -1 9 -1 9 -1 8 -1 8 -2 8 -1 7 -2 7 -2 7 -2 7 -3 7 -3 7 -3 6 -3 6 -3 5 0 0 0 0 0 0 0 0 0 0 ]
CSI_DATA,AP,10:B4:1D:CC:60:E0,-35,11,1,7,1,1,1,1,0,0,1,-92,0,6,2,11227292,0,68,0,0,10.9367,384,[0 0 0 0 0 0 0 0 0 0 0 0 6 7 7 7 7 6 7 7 7 6 7 6 7 6 7 6 7 6 7 5 7 5 7 5 7 5 7 5 8 4 7 4 8 4 8 4 8 4 8 3 8 4 8 4 8 3 8 3 9 3 8 3 0 0 9 4 9 4 9 3 9 4 9 4 9 4 9 4 8 4 8 4 8 5 8 4 7 5 7 5 7 5 6 5 6 5 6 5 6 5 5 5 5 5 5 5 4 5 4 5 4 5 4 5 3 5 0 0 0 0 0 0 0 0 0 0 ]
CSI_DATA,AP,10:B4:1D:CC:60:E0,-35,11,1,7,1,1,1,1,0,0,1,-92,0,6,2,11317204,0,68,0,0,11.0266,384,[0 0 0 0 0 0 0 0 0 0 0 0 5 9 5 9 6 8 5 8 6 8 6 8 6 8 6 8 6 7 6 7 6 7 6 7 6 6 7 6 6 6 7 6 7 6 7 6 8 6 8 5 7 5 8 5 8 5 8 5 8 5 8 5 0 0 8 5 8 5 9 5 8 5 8 6 8 6 8 6 8 6 7 6 7 6 7 6 7 6 7 6 6 6 6 6 6 6 5 6 5 6 5 6 5 6 4 6 4 6 3 6 3 6 3 6 3 6 0 0 0 0 0 0 0 0 0 0 ]
CSI_DATA,AP,10:B4:1D:CC:60:E0,-35,11,1,7,1,1,1,1,0,0,1,-92,0,6,2,11407291,0,68,0,0,11.1167,384,[0 0 0 0 0 0 0 0 0 0 0 0 -11 -2 -11 -1 -11 -1 -11 -1 -11 -1 -11 -1 -11 -1 -10 -1 -10 0 -10 0 -10 0 -10 0 -10 0 -10 0 -10 1 -10 1 -10 1 -10 2 -10 2 -10 2 -10 2 -10 2 -10 2 -10 2 -10 2 -10 3 0 0 -10 2 -11 3 -10 2 -11 3 -11 2 -11 2 -11 2 -11 1 -10 1 -10 1 -10 1 -10 0 -10 0 -10 0 -9 0 -9 0 -9 -1 -9 0 -9 -1 -8 -1 -8 -1 -8 -1 -8 -2 -7 -2 -7 -2 -7 -3 0 0 0 0 0 0 0 0 0 0 ]
CSI_DATA,AP,10:B4:1D:CC:60:E0,-35,11,1,7,1,1,1,1,0,0,1,-92,0,6,2,11503062,0,68,0,0,11.2125,384,[0 0 0 0 0 0 0 0 0 0 0 0 -2 10 -2 9 -2 9 -2 9 -2 9 -2 9 -2 9 -1 9 -1 9 -1 9 -1 9 0 9 0 9 0 9 0 9 1 9 1 9 1 9 1 9 1 9 1 8 2 9 2 9 2 9 2 9 2 9 0 0 2 9 2 9 2 9 2 9 2 9 2 10 1 9 1 10 1 9 1 9 1 9 1 9 0 9 0 9 0 8 0 8 -1 8 -1 7 -1 7 -1 7 -1 7 -2 7 -2 7 -2 6 -2 6 -3 6 0 0 0 0 0 0 0 0 0 0 ]
CSI_DATA,AP,10:B4:1D:CC:60:E0,-35,11,1,7,1,1,1,1,0,0,1,-92,0,6,2,11587190,0,68,0,0,11.2966,384,[0 0 0 0 0 0 0 0 0 0 0 0 -10 4 -10 4 -9 4 -9 4 -9 4 -9 4 -9 4 -9 4 -9 4 -9 5 -8 5 -8 5 -8 5 -8 5 -8 5 -8 5 -8 5 -7 6 -7 6 -7 6 -7 6 -7 6 -7 6 -7 7 -7 6 -7 6 0 0 -8 6 -8 7 -8 7 -8 7 -8 6 -8 6 -8 6 -8 6 -8 6 -8 5 -8 5 -8 5 -8 4 -8 4 -8 4 -8 3 -8 3 -8 3 -8 2 -7 2 -7 2 -7 2 -7 1 -7 1 -7 1 -7 0 0 0 0 0 0 0 0 0 0 0 ]
CSI_DATA,AP,10:B4:1D:CC:60:E0,-35,11,1,7,1,1,1,1,0,0,1,-92,0,6,2,11677625,0,68,0,0,11.387,384,[0 0 0 0 0 0 0 0 0 0 0 0 -7 8 -7 7 -7 8 -7 8 -7 7 -6 8 -6 8 -6 7 -6 7 -6 8 -6 8 -5 8 -5 8 -5 8 -4 8 -4 8 -4 8 -4 8 -4 8 -4 8 -4 9 -4 9 -4 9 -4 9 -3 9 -3 9 0 0 -4 9 -4 9 -4 9 -4 9 -4 9 -5 9 -5 9 -5 9 -5 8 -5 8 -5 8 -5 8 -5 8 -5 7 -6 7 -5 6 -5 6 -5 6 -6 6 -6 5 -6 5 -6 5 -6 4 -6 4 -6 4 -6 3 0 0 0 0 0 0 0 0 0 0 ]
CSI_DATA,AP,10:B4:1D:CC:60:E0,-35,11,1,7,1,1,1,1,0,0,1,-92,0,6,2,11768564,0,68,0,0,11.478,384,[0 0 0 0 0 0 0 0 0 0 0 0 8 6 8 5 8 5 8 5 8 5 8 5 8 5 8 4 8 4 8 4 8 3 8 3 8 3 8 3 8 3 9 3 8 3 9 2 9 2 9 2 9 2 9 2 9 2 9 1 9 1 10 1 0 0 10 2 10 2 9 2 10 2 9 2 10 2 9 2 9 2 9 3 9 3 9 3 8 3 8 3 8 3 8 3 7 3 7 4 7 3 6 4 6 3 6 4 6 4 5 4 5 4 5 4 4 4 0 0 0 0 0 0 0 0 0 0 ]
CSI_DATA,AP,10:B4:1D:CC:60:E0,-35,11,1,7,1,1,1,1,0,0,1,-92,0,6,2,11857253,0,68,0,0,11.5667,384,[0 0 0 0 0 0 0 0 0 0 0 0 -11 -1 -11 0 -11 0 -11 0 -11 0 -11 0 -11 0 -11 0 -10 1 -10 1 -10 1 -10 1 -10 1 -10 2 -10 2 -10 2 -10 2 -9 3 -10 3 -10 3 -9 3 -10 3 -9 3 -10 4 -9 4 -10 4 0 0 -10 4 -10 4 -10 4 -10 4 -10 3 -10 3 -10 3 -10 3 -10 3 -10 2 -10 2 -10 2 -10 2 -10 1 -9 1 -9 1 -9 1 -9 1 -9 0 -8 0 -9 0 -8 0 -8 -1 -8 -1 -8 -1 -7 -2 0 0 0 0 0 0 0 0 0 0 ]
CSI_DATA,AP,10:B4:1D:CC:60:E0,-35,11,1,7,1,1,1,1,0,0,1,-92,0,6,2,11947309,0,68,0,0,11.6567,384,[0 0 0 0 0 0 0 0 0 0 0 0 9 3 9 3 10 3 10 2 9 2 9 2 9 2 9 2 9 2 9 1 9 1 9 1 9 1 9 1 9 0 9 0 9 0 9 0 9 -1 9 -1 9 -1 9 -1 10 -1 10 -1 10 -1 10 -1 0 0 10 -1 10 -1 10 -1 10 -1 10 -1 10 -1 10 -1 10 0 10 0 10 0 9 0 9 1 9 1 8 1 8 1 8 1 8 1 8 2 7 1 7 2 7 2 7 2 6 2 6 3 6 3 5 3 0 0 0 0 0 0 0 0 0 0 ]
CSI_DATA,AP,10:B4:1D:CC:60:E0,-34,11,1,7,1,1,1,1,0,0,1,-92,0,6,2,12037144,0,68,0,0,11.7466,384,[0 0 0 0 0 0 0 0 0 0 0 0 -11 -1 -11 -1 -11 -1 -11 -1 -11 -1 -11 -1 -11 0 -11 0 -11 0 -10 0 -10 1 -10 1 -10 1 -10 1 -10 1 -10 2 -10 2 -10 2 -10 2 -10 2 -10 2 -10 3 -10 3 -10 3 -10 3 -10 3 0 0 -10 3 -10 3 -11 3 -11 3 -11 3 -11 3 -11 2 -11 2 -11 2 -10 2 -10 2 -10 1 -10 1 -10 1 -10 0 -9 1 -9 0 -9 0 -9 0 -8 0 -8 -1 -8 -1 -8 -1 -8 -1 -8 -2 -7 -2 0 0 0 0 0 0 0 0 0 0 ]
CSI_DATA,AP,10:B4:1D:CC:60:E0,-34,11,1,7,1,1,1,1,0,0,1,-92,0,6,2,12127345,0,68,0,0,11.8368,384,[0 0 0 0 0 0 0 0 0 0 0 0 -9 5 -9 5 -9 5 -9 5 -8 5 -8 5 -8 5 -8 6 -8 5 -8 6 -7 6 -7 6 -7 6 -7 6 -7 6 -7 6 -6 7 -7 7 -6 7 -6 7 -6 7 -6 7 -6 8 -6 8 -6 8 -6 8 0 0 -6 8 -6 8 -6 8 -6 8 -6 8 -7 8 -7 8 -7 7 -7 7 -7 7 -7 7 -7 6 -7 6 -7 6 -7 5 -7 5 -7 5 -7 5 -7 4 -6 4 -7 4 -7 3 -7 3 -7 3 -7 3 -7 2 0 0 0 0 0 0 0 0 0 0 ]
CSI_DATA,AP,10:B4:1D:CC:60:E0,-34,11,1,7,1,1,1,1,0,0,1,-92,0,6,2,12217410,0,68,0,0,11.9268,384,[0 0 0 0 0 0 0 0 0 0 0 0 8 -7 8 -7 8 -7 8 -7 8 -7 8 -7 7 -7 7 -7 7 -7 7 -7 6 -7 6 -8 6 -8 6 -8 6 -8 6 -8 5 -8 5 -8 5 -9 5 -9 5 -9 5 -9 5 -9 5 -9 5 -9 5 -9 0 0 5 -9 5 -9 5 -9 5 -9 5 -9 6 -9 6 -9 6 -9 6 -8 6 -8 6 -8 6 -8 6 -7 6 -7 6 -6 6 -6 6 -6 6 -6 6 -5 6 -5 6 -5 6 -5 6 -4 6 -4 6 -4 6 -3 0 0 0 0 0 0 0 0 0 0 ]
CSI_DATA,AP,10:B4:1D:CC:60:E0,-34,11,1,7,1,1,1,1,0,0,1,-92,0,6,2,12307244,0,68,0,0,12.0167,384,[0 0 0 0 0 0 0 0 0 0 0 0 -11 2 -11 2 -11 2 -11 2 -11 3 -11 2 -10 2 -10 3 -10 3 -10 3 -10 3 -10 3 -10 4 -9 4 -9 4 -9 4 -9 4 -9 4 -9 5 -9 5 -9 5 -9 5 -9 5 -9 5 -9 5 -9 5 0 0 -10 5 -10 5 -10 5 -10 5 -10 5 -10 5 -10 5 -10 4 -10 4 -10 3 -10 3 -10 3 -10 3 -10 3 -9 2 -9 2 -9 2 -9 1 -9 1 -8 1 -8 0 -8 0 -8 0 -8 0 -8 -1 -7 -1 0 0 0 0 0 0 0 0 0 0 ]
CSI_DATA,AP,10:B4:1D:CC:60:E0,-34,11,1,7,1,1,1,1,0,0,1,-92,0,6,2,12397293,0,68,0,0,12.1067,384,[0 0 0 0 0 0 0 0 0 0 0 0 9 5 9 5 9 5 9 4 9 4 9 4 9 4 9 4 8 4 8 3 9 3 9 3 9 2 9 2 9 2 9 2 9 2 9 1 9 1 9 1 9 1 9 1 9 1 10 0 10 1 10 0 0 0 10 1 10 1 10 1 10 1 10 1 10 1 10 2 9 2 9 2 9 2 9 2 9 2 8 2 8 3 8 3 8 3 7 3 7 3 7 3 6 3 6 3 6 3 5 3 5 4 5 4 5 4 0 0 0 0 0 0 0 0 0 0 ]
CSI_DATA,AP,10:B4:1D:CC:60:E0,-34,11,1,7,1,1,1,1,0,0,1,-92,0,6,2,12490730,0,68,0,0,12.2001,384,[0 0 0 0 0 0 0 0 0 0 0 0 8 6 7 6 8 6 8 6 8 6 8 5 8 5 8 5 8 5 8 5 8 4 8 4 8 4 8 3 8 3 9 3 8 3 9 3 9 3 9 3 9 3 9 3 9 2 10 2 9 2 9 2 0 0 9 2 10 2 10 2 10 2 10 2 10 3 9 3 9 3 9 3 9 3 9 3 8 3 8 4 7 4 8 4 7 3 7 4 7 4 6 4 6 4 6 4 5 4 5 4 5 5 5 4 4 5 0 0 0 0 0 0 0 0 0 0 ]
CSI_DATA,AP,10:B4:1D:CC:60:E0,-34,11,1,7,1,1,1,1,0,0,1,-92,0,6,2,12577280,0,68,0,0,12.2867,384,[0 0 0 0 0 0 0 0 0 0 0 0 8 -7 8 -6 8 -6 7 -7 8 -7 7 -7 7 -7 7 -7 7 -7 7 -7 6 -7 6 -7 6 -8 6 -8 6 -8 6 -8 5 -8 5 -8 5 -8 5 -8 5 -8 5 -9 5 -9 5 -9 5 -9 5 -9 0 0 5 -9 5 -9 5 -9 6 -9 5 -9 6 -9 6 -9 6 -9 6 -8 6 -8 6 -8 6 -8 6 -7 6 -7 6 -7 6 -6 6 -6 6 -6 6 -5 6 -5 6 -5 6 -5 6 -5 6 -4 6 -3 6 -3 0 0 0 0 0 0 0 0 0 0 ]
CSI_DATA,AP,10:B4:1D:CC:60:E0,-34,11,1,7,1,1,1,1,0,0,1,-92,0,6,2,12667253,0,68,0,0,12.3767,384,[0 0 0 0 0 0 0 0 0 0 0 0 9 -6 9 -6 9 -6 9 -6 8 -6 8 -6 8 -6 8 -6 7 -6 7 -7 7 -7 7 -7 7 -7 7 -7 7 -7 6 -7 6 -8 6 -8 6 -8 6 -8 6 -8 6 -9 6 -8 6 -9 5 -9 5 -9 0 0 6 -9 6 -9 6 -9 6 -9 6 -9 6 -9 6 -9 6 -9 6 -8 6 -8 6 -8 6 -8 6 -7 6 -7 6 -6 6 -6 6 -6 6 -6 6 -5 6 -5 6 -5 6 -5 6 -4 6 -4 6 -4 6 -3 0 0 0 0 0 0 0 0 0 0 ]
CSI_DATA,AP,10:B4:1D:CC:60:E0,-34,11,1,7,1,1,1,1,0,0,1,-92,0,6,2,12757305,0,68,0,0,12.4667,384,[0 0 0 0 0 0 0 0 0 0 0 0 -8 -8 -8 -8 -8 -8 -8 -8 -8 -8 -8 -7 -8 -7 -8 -7 -8 -7 -8 -6 -9 -6 -9 -6 -9 -6 -9 -6 -9 -6 -9 -5 -9 -5 -9 -5 -10 -5 -10 -5 -10 -5 -10 -5 -10 -4 -10 -4 -10 -4 -10 -4 0 0 -10 -5 -10 -4 -10 -5 -10 -5 -10 -5 -10 -5 -10 -6 -10 -6 -10 -5 -9 -6 -9 -5 -9 -6 -9 -6 -8 -6 -8 -6 -8 -6 -7 -6 -7 -6 -7 -6 -6 -6 -6 -6 -6 -6 -5 -6 -5 -6 -5 -6 -4 -6 0 0 0 0 0 0 0 0 0 0 ]
CSI_DATA,AP,10:B4:1D:CC:60:E0,-34,11,1,7,1,1,1,1,0,0,1,-92,0,6,2,12847361,0,68,0,0,12.5568,384,[0 0 0 0 0 0 0 0 0 0 0 0 -10 6 -9 6 -10 6 -9 6 -9 6 -9 6 -9 6 -9 6 -8 6 -8 7 -8 6 -8 7 -8 7 -7 7 -7 7 -7 8 -7 7 -7 8 -6 8 -6 8 -6 8 -7 8 -6 8 -6 9 -6 9 -6 9 0 0 -6 9 -6 9 -6 9 -6 9 -6 9 -7 9 -7 9 -7 9 -7 8 -8 8 -7 8 -7 8 -7 7 -7 7 -7 7 -7 6 -7 6 -7 5 -7 5 -7 5 -7 5 -7 4 -7 4 -7 4 -7 3 -7 3 0 0 0 0 0 0 0 0 0 0 ]
CSI_DATA,AP,10:B4:1D:CC:60:E0,-34,11,1,7,1,1,1,1,0,0,1,-92,0,6,2,12937219,0,68,0,0,12.6466,384,[0 0 0 0 0 0 0 0 0 0 0 0 11 -2 11 -2 11 -2 11 -2 11 -2 11 -2 10 -2 10 -2 10 -3 10 -3 10 -3 10 -3 10 -4 9 -4 10 -4 9 -4 9 -4 9 -5 9 -5 10 -5 9 -5 9 -5 9 -6 9 -6 10 -6 9 -6 0 0 10 -6 10 -6 10 -6 10 -6 10 -6 10 -6 10 -5 10 -5 10 -4 10 -4 10 -4 10 -4 9 -4 9 -3 9 -3 9 -3 9 -2 9 -2 8 -2 8 -1 8 -1 8 -1 8 -1 7 -1 7 0 7 0 0 0 0 0 0 0 0 0 0 0 ]
CSI_DATA,AP,10:B4:1D:CC:60:E0,-34,11,1,7,1,1,1,1,0,0,1,-92,0,6,2,13027273,0,68,0,0,12.7367,384,[0 0 0 0 0 0 0 0 0 0 0 0 -6 -10 -5 -10 -6 -10 -6 -10 -6 -10 -6 -10 -6 -9 -6 -9 -6 -9 -6 -9 -7 -9 -7 -9 -7 -8 -8 -8 -8 -8 -8 -8 -7 -8 -8 -7 -8 -7 -8 -7 -8 -7 -9 -7 -9 -7 -9 -7 -9 -7 -9 -7 0 0 -9 -7 -9 -7 -10 -8 -9 -7 -9 -8 -9 -8 -9 -8 -9 -8 -8 -8 -8 -8 -8 -8 -8 -8 -7 -8 -7 -8 -7 -8 -6 -8 -6 -8 -6 -7 -5 -7 -5 -8 -5 -8 -4 -8 -4 -8 -4 -7 -4 -7 -3 -7 0 0 0 0 0 0 0 0 0 0 ]
CSI_DATA,AP,10:B4:1D:CC:60:E0,-34,11,1,7,1,1,1,1,0,0,1,-92,0,6,2,13117367,0,68,0,0,12.8268,384,[0 0 0 0 0 0 0 0 0 0 0 0 -1 11 0 11 0 10 0 11 0 10 0 10 0 10 0 10 0 10 1 10 1 10 2 10 2 10 2 10 2 10 2 9 2 10 3 9 3 10 3 9 3 10 3 10 4 9 4 10 4 10 4 10 0 0 4 10 4 10 4 10 4 10 4 10 4 10 3 10 3 10 2 10 2 10 2 10 2 10 2 10 2 10 1 9 1 9 1 9 0 9 0 8 0 8 0 8 -1 8 -1 8 -1 7 -1 7 -2 7 0 0 0 0 0 0 0 0 0 0 ]
CSI_DATA,AP,10:B4:1D:CC:60:E0,-31,11,1,7,0,1,1,1,0,0,1,-92,0,6,2,13207602,0,68,0,0,12.917,256,[0 0 0 0 0 0 0 0 0 0 0 0 -14 6 -13 6 -13 6 -13 6 -13 6 -12 6 -12 7 -12 7 -12 7 -12 7 -12 7 -11 7 -11 7 -11 8 -11 8 -11 8 -10 8 -10 9 -10 9 -10 9 -9 10 -9 10 -10 10 -10 10 -10 10 -10 10 0 0 -10 11 -10 11 -10 10 -10 10 -10 10 -10 10 -10 10 -10 10 -11 9 -11 9 -11 8 -11 8 -11 7 -10 7 -11 7 -10 6 -11 6 -10 6 -10 5 -10 5 -10 5 -10 4 -10 4 -10 3 -10 3 -10 2 0 0 0 0 0 0 0 0 0 0 ]
CSI_DATA,AP,10:B4:1D:CC:60:E0,-34,11,1,7,1,1,1,1,0,0,1,-92,0,6,2,13297227,0,68,0,0,13.0066,384,[0 0 0 0 0 0 0 0 0 0 0 0 -2 -11 -2 -11 -2 -11 -2 -11 -2 -11 -3 -11 -2 -11 -2 -10 -3 -11 -3 -10 -3 -10 -4 -10 -4 -10 -4 -10 -4 -10 -4 -10 -4 -10 -4 -9 -5 -10 -5 -10 -5 -10 -5 -10 -5 -9 -6 -9 -6 -9 -6 -10 0 0 -6 -10 -6 -10 -6 -10 -6 -10 -5 -10 -5 -11 -5 -10 -5 -10 -4 -10 -4 -10 -4 -10 -4 -10 -3 -10 -3 -10 -3 -9 -2 -9 -2 -9 -2 -9 -1 -9 -1 -9 -1 -8 -1 -8 -1 -8 0 -8 0 -8 0 -7 0 0 0 0 0 0 0 0 0 0 ]
CSI_DATA,AP,10:B4:1D:CC:60:E0,-34,11,1,7,1,1,1,1,0,0,1,-92,0,6,2,13387345,0,68,0,0,13.0968,384,[0 0 0 0 0 0 0 0 0 0 0 0 9 4 9 4 9 4 9 4 9 4 9 3 9 4 9 3 9 3 9 3 9 2 9 2 9 2 9 2 9 1 9 1 9 1 10 1 9 0 10 1 9 0 10 0 10 0 10 0 10 0 10 0 0 0 10 0 10 0 10 0 10 0 10 0 10 0 10 1 10 1 10 1 10 1 10 1 9 1 9 2 9 2 9 2 8 2 8 2 8 2 8 2 7 3 7 3 7 3 7 3 6 3 6 3 5 4 0 0 0 0 0 0 0 0 0 0 ]
CSI_DATA,AP,10:B4:1D:CC:60:E0,-34,11,1,7,1,1,1,1,0,0,1,-92,0,6,2,13477185,0,68,0,0,13.1866,384,[0 0 0 0 0 0 0 0 0 0 0 0 -10 -7 -10 -6 -10 -7 -10 -6 -10 -6 -10 -6 -10 -6 -10 -6 -10 -6 -10 -5 -10 -5 -10 -5 -10 -4 -10 -4 -10 -4 -10 -4 -10 -3 -11 -3 -10 -3 -11 -3 -10 -3 -11 -3 -11 -3 -11 -3 -11 -3 -11 -3 0 0 -11 -3 -12 -3 -11 -3 -12 -3 -11 -3 -12 -3 -11 -3 -11 -4 -11 -4 -11 -4 -10 -4 -10 -4 -10 -4 -9 -5 -9 -4 -9 -5 -9 -5 -8 -5 -8 -5 -8 -5 -8 -5 -7 -5 -7 -5 -6 -5 -6 -6 -6 -6 0 0 0 0 0 0 0 0 0 0 ]
CSI_DATA,AP,10:B4:1D:CC:60:E0,-34,11,1,7,1,1,1,1,0,0,1,-92,0,6,2,13567315,0,68,0,0,13.2767,384,[0 0 0 0 0 0 0 0 0 0 0 0 9 -7 8 -7 8 -7 8 -7 8 -7 8 -7 8 -7 8 -7 7 -7 7 -7 7 -8 7 -7 6 -8 6 -8 6 -8 6 -8 6 -8 6 -8 6 -9 6 -9 6 -8 6 -9 5 -9 5 -9 5 -9 5 -9 0 0 6 -9 6 -9 6 -9 6 -9 6 -9 6 -9 6 -9 6 -8 6 -8 6 -8 6 -8 6 -8 6 -7 6 -7 6 -6 6 -7 6 -6 6 -5 6 -5 6 -5 6 -4 6 -4 6 -4 6 -4 6 -4 6 -3 0 0 0 0 0 0 0 0 0 0 ]
CSI_DATA,AP,10:B4:1D:CC:60:E0,-34,11,1,7,1,1,1,1,0,0,1,-92,0,6,2,13657247,0,68,0,0,13.3667,384,[0 0 0 0 0 0 0 0 0 0 0 0 10 -1 10 -1 10 -1 10 -1 10 -1 10 -1 10 -2 10 -2 10 -2 10 -2 10 -2 9 -2 9 -2 9 -3 9 -3 9 -3 9 -3 9 -4 9 -4 9 -4 9 -4 9 -4 9 -5 9 -5 9 -5 9 -5 0 0 9 -5 9 -5 9 -5 9 -5 10 -5 10 -4 10 -4 10 -4 10 -4 10 -3 9 -3 9 -3 9 -3 9 -3 9 -2 9 -2 8 -2 8 -2 8 -2 8 -1 7 -1 7 -1 7 0 7 0 7 0 7 1 0 0 0 0 0 0 0 0 0 0 ]
CSI_DATA,AP,10:B4:1D:CC:60:E0,-34,11,1,7,1,1,1,1,0,0,1,-92,0,6,2,13747218,0,68,0,0,13.4566,384,[0 0 0 0 0 0 0 0 0 0 0 0 10 0 10 -1 10 -1 10 -1 10 -1 10 -1 10 -1 10 -1 9 -1 9 -2 9 -2 9 -2 9 -2 9 -3 9 -3 9 -3 9 -3 9 -3 9 -4 9 -4 9 -4 9 -4 9 -4 9 -5 9 -5 9 -4 0 0 10 -4 9 -4 10 -5 9 -4 10 -4 10 -4 10 -4 10 -3 10 -3 9 -3 9 -3 9 -3 9 -3 9 -2 9 -2 9 -2 8 -1 8 -1 8 0 8 0 8 0 7 0 7 0 7 0 7 1 7 1 0 0 0 0 0 0 0 0 0 0 ]
CSI_DATA,AP,10:B4:1D:CC:60:E0,-34,11,1,7,1,1,1,1,0,0,1,-92,0,6,2,13837172,0,68,0,0,13.5466,384,[0 0 0 0 0 0 0 0 0 0 0 0 10 2 9 2 10 2 9 2 9 2 9 2 9 2 9 1 9 1 9 1 9 1 9 0 9 0 9 0 9 0 9 -1 9 -1 9 -1 9 -1 9 -1 9 -1 9 -1 9 -2 10 -2 9 -2 9 -2 0 0 9 -2 10 -2 10 -2 10 -2 10 -1 10 -1 10 -1 10 -1 9 0 10 0 9 0 9 0 9 0 8 0 9 1 8 1 8 1 7 1 7 1 7 1 7 2 7 2 7 2 6 2 6 3 6 3 0 0 0 0 0 0 0 0 0 0 ]
CSI_DATA,AP,10:B4:1D:CC:60:E0,-34,11,1,7,1,1,1,1,0,0,1,-92,0,6,2,13927125,0,68,0,0,13.6365,384,[0 0 0 0 0 0 0 0 0 0 0 0 7 7 7 7 7 7 7 7 7 6 7 6 7 6 7 6 7 5 7 5 7 5 7 5 8 5 7 4 8 4 8 4 8 4 8 3 8 3 8 3 8 3 8 3 9 3 9 3 9 3 9 3 0 0 9 3 9 3 9 3 9 3 9 4 9 4 9 4 8 4 8 4 8 4 8 4 8 4 8 4 7 4 7 4 6 5 7 5 6 5 6 5 5 5 5 5 5 5 5 5 4 5 4 5 3 5 0 0 0 0 0 0 0 0 0 0 ]
CSI_DATA,AP,10:B4:1D:CC:60:E0,-33,11,1,7,1,1,1,1,0,0,1,-92,0,6,2,14017263,0,68,0,0,13.7267,384,[0 0 0 0 0 0 0 0 0 0 0 0 1 10 1 10 1 10 1 10 1 10 1 9 1 9 1 9 1 9 2 9 2 9 2 9 3 9 3 9 3 9 3 8 3 8 3 8 4 8 4 8 4 8 4 8 4 8 5 8 5 8 4 8 0 0 4 9 5 9 5 9 5 9 5 9 4 9 4 9 3 9 3 9 3 9 3 9 3 9 3 9 2 9 2 8 2 8 1 8 1 8 1 8 1 8 0 7 0 7 0 7 0 7 -1 7 -1 7 0 0 0 0 0 0 0 0 0 0 ]
CSI_DATA,AP,10:B4:1D:CC:60:E0,-34,11,1,7,1,1,1,1,0,0,1,-92,0,6,2,14107319,0,68,0,0,13.8167,384,[0 0 0 0 0 0 0 0 0 0 0 0 -6 -9 -6 -9 -6 -9 -6 -9 -6 -9 -6 -9 -6 -9 -6 -8 -6 -8 -7 -8 -7 -8 -7 -8 -7 -8 -7 -7 -7 -7 -8 -7 -7 -7 -8 -7 -8 -6 -8 -6 -8 -7 -8 -6 -8 -6 -9 -6 -9 -6 -9 -6 0 0 -9 -7 -9 -6 -9 -6 -9 -7 -9 -7 -9 -7 -9 -7 -9 -7 -8 -7 -8 -7 -8 -7 -8 -7 -7 -7 -7 -7 -7 -7 -7 -7 -6 -8 -6 -7 -6 -7 -5 -7 -5 -7 -5 -7 -5 -7 -4 -7 -4 -7 -3 -7 0 0 0 0 0 0 0 0 0 0 ]
CSI_DATA,AP,10:B4:1D:CC:60:E0,-34,11,1,7,1,1,1,1,0,0,1,-92,0,6,2,14197327,0,68,0,0,13.9067,384,[0 0 0 0 0 0 0 0 0 0 0 0 -5 10 -4 9 -4 10 -4 9 -4 10 -4 9 -4 9 -4 9 -3 9 -3 10 -3 9 -2 9 -2 9 -2 9 -2 9 -1 9 -1 9 -1 9 -1 9 0 10 -1 9 0 10 0 10 0 10 0 10 0 10 0 0 0 10 0 10 0 10 0 10 0 10 0 11 0 11 -1 10 -1 10 -1 10 -1 10 -2 10 -2 9 -2 9 -2 9 -2 8 -2 9 -3 8 -3 7 -3 7 -3 7 -3 7 -4 7 -4 6 -4 6 -4 6 0 0 0 0 0 0 0 0 0 0 ]
CSI_DATA,AP,10:B4:1D:CC:60:E0,-33,11,1,7,1,1,1,1,0,0,1,-92,0,6,2,14287222,0,68,0,0,13.9966,384,[0 0 0 0 0 0 0 0 0 0 0 0 -8 7 -7 7 -7 7 -7 7 -7 7 -7 7 -7 7 -7 7 -7 7 -6 7 -6 8 -6 8 -6 8 -5 8 -5 8 -5 8 -5 8 -5 8 -4 8 -4 8 -4 8 -4 9 -4 9 -4 9 -4 9 -4 9 0 0 -4 9 -4 10 -4 9 -4 9 -5 9 -5 9 -5 9 -5 9 -6 9 -6 9 -5 8 -6 8 -6 8 -6 7 -6 7 -6 7 -6 7 -6 6 -6 6 -6 5 -6 5 -6 5 -6 5 -6 4 -6 4 -7 3 0 0 0 0 0 0 0 0 0 0 ]
CSI_DATA,AP,10:B4:1D:CC:60:E0,-34,11,1,7,1,1,1,1,0,0,1,-92,0,6,2,14377290,0,68,0,0,14.0867,384,[0 0 0 0 0 0 0 0 0 0 0 0 -3 -11 -3 -11 -3 -11 -3 -10 -3 -10 -4 -10 -4 -10 -3 -10 -4 -10 -4 -10 -4 -10 -4 -9 -5 -9 -5 -9 -5 -9 -5 -9 -5 -9 -6 -9 -6 -9 -6 -9 -6 -9 -6 -9 -6 -9 -7 -9 -7 -9 -7 -9 0 0 -7 -9 -7 -9 -7 -9 -7 -9 -6 -10 -6 -10 -6 -10 -6 -10 -5 -10 -5 -10 -5 -10 -5 -10 -4 -10 -4 -10 -4 -9 -4 -9 -3 -9 -3 -9 -3 -9 -2 -8 -2 -9 -2 -9 -1 -8 -1 -8 -1 -8 0 -8 0 0 0 0 0 0 0 0 0 0 ]
CSI_DATA,AP,10:B4:1D:CC:60:E0,-34,11,1,7,1,1,1,1,0,0,1,-92,0,6,2,14467456,0,68,0,0,14.1769,384,[0 0 0 0 0 0 0 0 0 0 0 0 -9 -6 -9 -6 -9 -6 -10 -6 -9 -6 -10 -5 -9 -5 -9 -5 -9 -5 -9 -5 -10 -4 -9 -4 -10 -4 -10 -3 -10 -4 -10 -3 -10 -3 -10 -3 -10 -2 -10 -2 -10 -3 -10 -3 -10 -2 -11 -1 -11 -2 -11 -1 0 0 -11 -2 -11 -2 -11 -2 -11 -2 -11 -2 -11 -3 -11 -3 -11 -3 -11 -3 -11 -3 -11 -3 -10 -3 -10 -3 -10 -4 -9 -4 -9 -4 -9 -4 -9 -4 -8 -4 -8 -4 -8 -5 -7 -5 -7 -5 -7 -5 -7 -5 -6 -5 0 0 0 0 0 0 0 0 0 0 ]
CSI_DATA,AP,10:B4:1D:CC:60:E0,-34,11,1,7,1,1,1,1,0,0,1,-92,0,6,2,14557319,0,68,0,0,14.2667,384,[0 0 0 0 0 0 0 0 0 0 0 0 3 -11 3 -11 3 -11 2 -11 2 -10 2 -11 2 -10 1 -10 1 -10 1 -11 1 -10 1 -10 1 -10 0 -10 0 -10 0 -10 -1 -10 -1 -11 -1 -11 -1 -11 -1 -11 -2 -11 -2 -11 -2 -11 -2 -11 -2 -11 0 0 -2 -11 -2 -11 -2 -11 -2 -11 -2 -12 -2 -12 -2 -12 -1 -12 -1 -11 -1 -11 -1 -11 -1 -11 0 -11 0 -11 0 -10 0 -10 0 -10 0 -9 1 -9 1 -9 1 -9 1 -9 2 -8 2 -8 2 -8 2 -7 0 0 0 0 0 0 0 0 0 0 ]
CSI_DATA,AP,10:B4:1D:CC:60:E0,-33,11,1,7,1,1,1,1,0,0,1,-92,0,6,2,14647365,0,68,0,0,14.3568,384,[0 0 0 0 0 0 0 0 0 0 0 0 -4 9 -4 10 -4 9 -4 9 -4 9 -4 10 -4 9 -3 9 -3 9 -2 9 -2 9 -2 9 -2 9 -2 9 -1 10 -1 9 -1 9 -1 9 0 10 0 9 0 10 0 10 0 10 1 10 1 10 1 10 0 0 1 10 1 10 1 11 1 10 0 10 0 10 0 11 0 10 -1 10 -1 10 -1 10 -1 10 -1 10 -1 10 -2 9 -2 9 -2 9 -2 8 -2 8 -3 8 -3 8 -3 8 -3 7 -3 7 -4 7 -4 6 0 0 0 0 0 0 0 0 0 0 ]
CSI_DATA,AP,10:B4:1D:CC:60:E0,-34,11,1,7,1,1,1,1,0,0,1,-92,0,6,2,14738187,0,68,0,0,14.4476,384,[0 0 0 0 0 0 0 0 0 0 0 0 -3 10 -3 10 -3 10 -3 10 -3 10 -2 9 -2 9 -2 10 -2 9 -2 10 -1 9 -1 9 -1 9 -1 9 0 9 0 9 0 9 0 9 0 9 0 9 1 9 1 9 2 9 2 10 2 10 2 10 0 0 1 10 2 10 1 10 2 10 1 10 1 10 1 10 0 10 0 10 0 10 0 10 0 10 0 10 -1 9 -1 9 -1 9 -1 9 -1 8 -2 8 -2 8 -2 7 -3 7 -3 7 -3 7 -3 6 -3 6 0 0 0 0 0 0 0 0 0 0 ]
CSI_DATA,AP,10:B4:1D:CC:60:E0,-33,11,1,7,1,1,1,1,0,0,1,-92,0,6,2,14827271,0,68,0,0,14.5367,384,[0 0 0 0 0 0 0 0 0 0 0 0 -3 -11 -2 -11 -2 -11 -2 -11 -3 -11 -3 -11 -3 -10 -3 -10 -3 -10 -4 -10 -4 -10 -4 -10 -5 -9 -5 -9 -5 -9 -5 -9 -5 -9 -5 -9 -6 -9 -6 -9 -6 -9 -6 -9 -7 -9 -7 -9 -7 -8 -7 -9 0 0 -7 -9 -7 -9 -7 -9 -7 -9 -7 -9 -7 -10 -6 -10 -7 -10 -6 -10 -6 -9 -6 -9 -6 -9 -6 -10 -5 -10 -5 -9 -4 -9 -4 -9 -4 -9 -4 -9 -3 -8 -3 -9 -2 -9 -3 -8 -2 -8 -2 -8 -2 -8 0 0 0 0 0 0 0 0 0 0 ]
CSI_DATA,AP,10:B4:1D:CC:60:E0,-33,11,1,7,1,1,1,1,0,0,1,-92,0,6,2,14917187,0,68,0,0,14.6266,384,[0 0 0 0 0 0 0 0 0 0 0 0 -10 3 -10 3 -10 4 -10 3 -10 4 -10 4 -10 4 -10 4 -10 4 -9 4 -9 5 -9 5 -9 5 -9 5 -8 5 -8 6 -8 5 -8 6 -8 6 -8 6 -8 6 -8 6 -8 7 -8 7 -8 7 -8 7 0 0 -8 7 -8 7 -8 7 -9 7 -9 7 -9 6 -9 6 -9 6 -9 6 -9 5 -9 6 -9 5 -9 5 -9 4 -9 4 -9 4 -9 4 -9 3 -9 3 -8 2 -9 2 -8 2 -8 2 -8 1 -8 1 -8 0 0 0 0 0 0 0 0 0 0 0 ]
CSI_DATA,AP,10:B4:1D:CC:60:E0,-33,11,1,7,1,1,1,1,0,0,1,-92,0,6,2,15007204,0,68,0,0,14.7166,384,[0 0 0 0 0 0 0 0 0 0 0 0 -6 -11 -6 -10 -6 -10 -6 -10 -6 -10 -6 -10 -6 -10 -6 -9 -6 -9 -6 -9 -7 -9 -7 -9 -7 -9 -7 -8 -8 -8 -7 -8 -7 -8 -8 -7 -8 -8 -8 -7 -8 -7 -8 -7 -9 -7 -9 -7 -9 -7 -9 -7 0 0 -9 -7 -9 -8 -9 -8 -9 -7 -9 -8 -9 -8 -9 -8 -9 -8 -9 -8 -8 -8 -8 -9 -8 -8 -7 -9 -7 -8 -7 -8 -7 -8 -6 -8 -6 -8 -5 -8 -5 -8 -5 -8 -5 -8 -4 -8 -4 -8 -3 -8 -3 -8 0 0 0 0 0 0 0 0 0 0 ]
CSI_DATA,AP,10:B4:1D:CC:60:E0,-33,11,1,7,1,1,1,1,0,0,1,-92,0,6,2,15097385,0,68,0,0,14.8068,384,[0 0 0 0 0 0 0 0 0 0 0 0 9 4 9 3 10 3 9 3 9 3 10 3 9 2 9 2 9 2 9 2 10 2 9 1 9 1 9 1 9 1 9 0 9 0 9 0 10 0 10 -1 10 -1 10 -1 10 -1 10 -1 10 -1 10 -1 0 0 10 -1 11 -1 11 -1 11 -1 11 -1 11 -1 11 0 10 0 10 0 10 0 10 0 10 1 9 1 9 1 9 1 9 2 9 2 9 2 8 2 8 2 7 2 7 3 7 3 7 3 7 3 6 4 0 0 0 0 0 0 0 0 0 0 ]
CSI_DATA,AP,10:B4:1D:CC:60:E0,-33,11,1,7,1,1,1,1,0,0,1,-92,0,6,2,15187286,0,68,0,0,14.8967,384,[0 0 0 0 0 0 0 0 0 0 0 0 -11 -3 -11 -3 -12 -3 -11 -3 -11 -3 -11 -2 -11 -2 -11 -2 -11 -2 -11 -2 -11 -1 -11 -1 -11 -1 -11 0 -11 0 -11 0 -11 0 -11 1 -10 1 -11 1 -11 1 -11 1 -11 2 -11 2 -11 2 -12 2 0 0 -12 2 -12 2 -11 2 -12 2 -12 2 -12 2 -12 2 -12 1 -12 1 -12 1 -11 1 -11 1 -11 1 -11 0 -11 0 -10 0 -10 0 -10 -1 -10 -1 -10 -1 -9 -2 -9 -2 -9 -2 -9 -2 -9 -3 -8 -3 0 0 0 0 0 0 0 0 0 0 ]
CSI_DATA,AP,10:B4:1D:CC:60:E0,-33,11,1,7,1,1,1,1,0,0,1,-92,0,6,2,15277355,0,68,0,0,14.9868,384,[0 0 0 0 0 0 0 0 0 0 0 0 9 5 9 5 9 5 9 4 9 4 9 4 9 4 9 4 9 4 9 3 9 3 9 3 9 3 9 2 9 2 9 2 9 2 9 1 9 1 10 1 9 1 10 1 10 1 10 1 10 1 10 1 0 0 10 1 11 1 10 1 11 1 10 1 11 1 11 2 10 2 10 2 10 2 10 2 10 2 9 3 9 3 9 3 8 3 8 3 8 3 7 4 7 4 7 4 7 4 6 4 6 4 6 5 5 5 0 0 0 0 0 0 0 0 0 0 ]
CSI_DATA,AP,10:B4:1D:CC:60:E0,-33,11,1,7,1,1,1,1,0,0,1,-92,0,6,2,15367494,0,68,0,0,15.0769,384,[0 0 0 0 0 0 0 0 0 0 0 0 -8 8 -8 8 -8 8 -8 8 -8 8 -7 8 -7 8 -7 8 -7 8 -6 8 -6 8 -6 8 -6 9 -5 9 -5 9 -5 9 -5 9 -5 9 -4 10 -4 10 -4 10 -4 10 -4 10 -3 10 -3 10 -4 10 0 0 -3 11 -4 11 -4 11 -4 10 -4 11 -4 11 -4 11 -4 10 -5 10 -5 10 -5 9 -5 10 -5 9 -5 9 -5 8 -5 8 -5 8 -5 8 -5 7 -5 7 -6 7 -6 6 -6 6 -6 6 -6 5 -6 5 0 0 0 0 0 0 0 0 0 0 ]
CSI_DATA,AP,10:B4:1D:CC:60:E0,-32,11,1,7,1,1,1,1,0,0,1,-92,0,6,2,15460449,0,68,0,0,15.1699,384,[0 0 0 0 0 0 0 0 0 0 0 0 -4 9 -5 9 -4 10 -4 10 -4 9 -4 10 -4 9 -4 9 -3 9 -3 9 -3 9 -2 9 -2 10 -2 9 -2 9 -2 9 -1 9 -1 9 -1 10 -1 10 -1 10 -1 10 0 10 0 10 0 10 0 10 0 0 0 10 0 11 0 11 0 10 -1 11 -1 11 -1 11 -1 11 -1 10 -1 10 -2 10 -2 10 -2 10 -2 10 -2 9 -3 9 -3 9 -3 8 -3 8 -3 7 -4 7 -4 7 -4 7 -4 7 -4 6 -5 6 0 0 0 0 0 0 0 0 0 0 ]
CSI_DATA,AP,10:B4:1D:CC:60:E0,-32,11,1,7,1,1,1,1,0,0,1,-92,0,6,2,15547314,0,68,0,0,15.2567,384,[0 0 0 0 0 0 0 0 0 0 0 0 -9 -7 -9 -7 -9 -6 -9 -7 -9 -6 -9 -6 -9 -6 -9 -6 -9 -6 -9 -5 -9 -5 -9 -5 -9 -5 -9 -4 -9 -4 -9 -4 -10 -4 -10 -4 -10 -4 -10 -4 -10 -3 -10 -4 -10 -3 -10 -3 -10 -3 -10 -3 0 0 -11 -3 -11 -3 -11 -3 -11 -4 -11 -4 -10 -4 -10 -4 -10 -4 -10 -5 -10 -5 -10 -5 -9 -5 -9 -5 -9 -5 -8 -5 -8 -5 -8 -5 -8 -5 -7 -6 -7 -6 -7 -6 -6 -6 -6 -6 -6 -6 -5 -6 -5 -6 0 0 0 0 0 0 0 0 0 0 ]
CSI_DATA,AP,10:B4:1D:CC:60:E0,-32,11,1,7,1,1,1,1,0,0,1,-92,0,6,2,15637431,0,68,0,0,15.3469,384,[0 0 0 0 0 0 0 0 0 0 0 0 -4 -11 -4 -11 -5 -10 -5 -10 -5 -10 -5 -10 -5 -10 -5 -10 -5 -10 -5 -9 -5 -10 -5 -9 -5 -9 -6 -9 -6 -9 -6 -8 -6 -9 -7 -8 -7 -8 -7 -8 -7 -8 -7 -8 -7 -8 -8 -8 -8 -8 -8 -8 0 0 -8 -8 -8 -8 -8 -8 -8 -8 -8 -9 -8 -9 -7 -9 -7 -9 -7 -9 -6 -9 -6 -9 -6 -9 -5 -9 -5 -9 -5 -9 -5 -9 -4 -9 -4 -9 -4 -8 -3 -8 -3 -8 -3 -8 -2 -8 -2 -8 -2 -8 -1 -8 0 0 0 0 0 0 0 0 0 0 ]
CSI_DATA,AP,10:B4:1D:CC:60:E0,-32,11,1,7,1,1,1,1,0,0,1,-92,0,6,2,15727217,0,68,0,0,15.4366,384,[0 0 0 0 0 0 0 0 0 0 0 0 -3 10 -3 10 -3 10 -2 10 -2 9 -2 10 -2 9 -2 9 -1 9 -1 9 -1 9 -1 9 0 9 0 9 0 9 0 9 0 9 1 9 1 10 1 9 1 9 1 9 1 9 2 10 2 9 2 10 0 0 2 10 2 10 2 10 2 10 1 10 1 10 1 10 1 10 0 10 1 9 0 9 0 9 0 9 -1 9 -1 9 -1 8 -1 8 -1 8 -1 8 -2 7 -2 7 -2 7 -2 7 -3 7 -3 6 -3 6 0 0 0 0 0 0 0 0 0 0 ]
