CSI_DATA,AP,10:B4:1D:CC:60:E0,-77,11,0,0,0,0,0,0,0,0,0,-96,0,6,2,3115849,0,374,0,0,2.83996,128,[0 0 0 0 0 0 0 0 0 0 0 0 13 -7 12 -6 10 -7 12 -7 11 -6 13 -8 12 -8 13 -7 10 -6 9 -5 10 -8 7 -9 9 -9 9 -11 9 -9 8 -10 8 -9 8 -9 9 -10 8 -11 9 -9 8 -10 8 -10 7 -12 4 -13 9 -12 0 0 6 -11 7 -15 7 -14 7 -12 8 -12 8 -13 8 -10 7 -11 6 -13 6 -14 7 -12 8 -13 7 -9 8 -10 7 -10 8 -11 7 -9 9 -10 9 -9 8 -8 8 -8 8 -8 6 -7 8 -7 7 -7 7 -4 0 0 0 0 0 0 0 0 0 0 ]
CSI_DATA,AP,10:B4:1D:CC:60:E0,-77,11,0,0,0,0,0,0,0,0,0,-96,0,6,2,3177250,0,374,0,0,2.91731,128,[0 0 0 0 0 0 0 0 0 0 0 0 7 -12 8 -14 7 -13 5 -13 6 -12 7 -13 6 -13 7 -13 7 -12 6 -11 3 -13 2 -11 4 -14 4 -13 5 -13 3 -14 3 -13 4 -11 6 -13 4 -14 6 -13 4 -12 4 -13 3 -13 0 -14 3 -14 0 0 4 -13 3 -14 2 -15 2 -14 5 -14 5 -13 5 -14 5 -13 3 -13 4 -13 5 -12 6 -13 6 -12 7 -13 5 -10 6 -12 6 -10 7 -11 8 -9 9 -8 7 -8 8 -6 7 -8 8 -8 7 -7 7 -7 0 0 0 0 0 0 0 0 0 0 ]
CSI_DATA,AP,10:B4:1D:CC:60:E0,-77,11,0,0,0,0,0,0,0,0,0,-96,0,6,2,3253075,0,66,0,0,3.00288,128,[0 0 0 0 0 0 0 0 0 0 0 0 -12 -9 -12 -8 -11 -8 -12 -7 -12 -8 -12 -9 -13 -8 -12 -9 -11 -7 -12 -6 -12 -6 -12 -3 -13 -4 -12 -6 -12 -6 -12 -4 -13 -4 -12 -5 -13 -6 -12 -5 -13 -4 -13 -3 -12 -4 -13 -4 -14 -2 -14 -3 0 0 -13 -4 -14 -4 -15 -4 -12 -3 -13 -5 -13 -4 -13 -6 -13 -5 -11 -4 -12 -5 -12 -5 -13 -5 -12 -5 -11 -5 -10 -6 -11 -6 -10 -6 -11 -7 -11 -6 -9 -6 -10 -7 -8 -7 -9 -7 -9 -7 -8 -7 -6 -9 0 0 0 0 0 0 0 0 0 0 ]
CSI_DATA,AP,10:B4:1D:CC:60:E0,-77,11,0,0,0,0,0,0,0,0,0,-96,0,6,2,3752468,0,66,0,0,3.46193,128,[0 0 0 0 0 0 0 0 0 0 0 0 -11 12 -9 10 -9 10 -8 8 -10 11 -9 9 -11 11 -10 10 -9 9 -9 9 -8 13 -6 9 -7 11 -6 11 -7 10 -5 12 -5 10 -6 11 -5 11 -6 12 -6 12 -5 11 -5 11 -4 13 -1 13 -5 14 0 0 -3 12 -2 14 -3 13 -4 12 -5 13 -5 12 -4 13 -5 11 -3 12 -3 13 -4 13 -6 12 -5 12 -7 12 -4 11 -3 11 -4 11 -4 10 -6 10 -7 8 -7 7 -6 7 -7 8 -7 8 -6 7 -6 6 0 0 0 0 0 0 0 0 0 0 ]
CSI_DATA,AP,10:B4:1D:CC:60:E0,-77,11,0,0,0,0,0,0,0,0,0,-96,0,6,2,3753001,0,66,0,0,3.49184,128,[0 0 0 0 0 0 0 0 0 0 0 0 -16 3 -14 4 -14 4 -13 4 -15 3 -14 3 -13 3 -13 3 -13 4 -13 3 -11 5 -11 5 -12 4 -13 6 -13 5 -12 8 -10 6 -12 5 -11 5 -13 6 -12 6 -11 7 -11 7 -12 11 -10 9 -12 9 0 0 -11 8 -12 10 -12 8 -12 8 -11 9 -12 6 -12 6 -12 6 -11 7 -10 9 -11 6 -12 8 -11 6 -11 7 -12 4 -11 6 -12 5 -12 5 -13 3 -12 1 -11 2 -10 3 -11 2 -11 2 -10 0 -10 1 0 0 0 0 0 0 0 0 0 0 ]
CSI_DATA,AP,10:B4:1D:CC:60:E0,-76,11,0,0,0,0,0,0,0,0,0,-96,0,6,2,4628747,0,66,0,0,4.33819,128,[0 0 0 0 0 0 0 0 0 0 0 0 -15 0 -15 -2 -13 0 -15 1 -13 0 -15 0 -16 0 -15 0 -13 1 -12 1 -15 3 -11 4 -14 3 -15 4 -14 4 -11 6 -12 5 -12 4 -12 4 -14 4 -14 4 -12 5 -11 5 -13 8 -11 8 -13 8 0 0 -10 7 -12 8 -13 8 -11 8 -14 7 -13 7 -12 6 -12 6 -12 7 -13 8 -12 6 -12 6 -12 7 -13 5 -12 5 -12 6 -12 5 -12 5 -13 3 -12 1 -11 3 -10 2 -9 3 -11 2 -10 3 -10 0 0 0 0 0 0 0 0 0 0 0 ]
CSI_DATA,AP,10:B4:1D:CC:60:E0,-77,11,0,0,0,0,0,0,0,0,0,-96,0,6,2,4662362,0,37,0,0,4.44816,128,[0 0 0 0 0 0 0 0 0 0 0 0 13 -4 14 -3 12 -4 13 -5 12 -3 14 -4 14 -4 13 -4 11 -5 12 -3 12 -6 9 -6 12 -7 11 -8 11 -6 11 -9 10 -8 11 -7 11 -6 11 -9 12 -8 10 -7 10 -6 10 -10 9 -11 12 -10 0 0 11 -10 10 -9 10 -10 11 -9 11 -9 12 -8 11 -9 9 -9 12 -8 11 -9 12 -9 12 -8 10 -8 11 -8 11 -7 11 -8 9 -5 11 -7 11 -6 11 -5 10 -2 10 -3 9 -4 10 -3 9 -3 10 -2 0 0 0 0 0 0 0 0 0 0 ]
CSI_DATA,AP,10:B4:1D:CC:60:E0,-84,11,1,3,1,1,1,0,0,0,0,-96,0,6,2,4662678,0,68,0,0,4.48786,384,[0 0 0 0 0 0 0 0 0 0 0 0 -10 -5 -12 -7 -11 -6 -11 -5 -11 -6 -10 -3 -11 -5 -8 -4 -11 -5 -12 -5 -9 -3 -13 -3 -10 -5 -11 -3 -11 -3 -11 -5 -11 -3 -9 -2 -12 -4 -12 -3 -11 -1 -12 -1 -11 -2 -11 -3 -12 -4 -11 -3 0 0 -10 -3 -11 -2 -11 -3 -12 -4 -13 -1 -11 -3 -11 -4 -13 -4 -12 -1 -10 -4 -9 -2 -10 -6 -9 -4 -9 -4 -9 -4 -9 -5 -10 -5 -8 -5 -8 -5 -8 -6 -7 -6 -9 -6 -7 -4 -6 -8 -5 -8 -6 -5 0 0 0 0 0 0 0 0 0 0 ]
CSI_DATA,AP,10:B4:1D:CC:60:E0,-77,11,0,0,0,0,0,0,0,0,0,-96,0,6,2,4663284,0,37,0,0,4.53063,128,[0 0 0 0 0 0 0 0 0 0 0 0 -10 -13 -9 -14 -10 -13 -9 -12 -9 -13 -9 -11 -9 -12 -9 -13 -10 -11 -8 -11 -10 -10 -9 -9 -12 -10 -11 -11 -10 -11 -12 -9 -11 -7 -12 -10 -10 -9 -10 -10 -11 -10 -10 -9 -11 -9 -11 -9 -12 -7 -13 -10 0 0 -12 -8 -14 -7 -13 -6 -12 -8 -13 -8 -12 -9 -12 -8 -12 -9 -10 -9 -12 -9 -12 -10 -13 -10 -11 -9 -10 -9 -11 -9 -10 -8 -9 -9 -11 -9 -9 -10 -9 -8 -7 -10 -7 -9 -7 -8 -7 -10 -7 -8 -5 -9 0 0 0 0 0 0 0 0 0 0 ]
CSI_DATA,AP,10:B4:1D:CC:60:E0,-82,11,1,3,1,1,1,0,0,0,0,-96,0,6,2,4663582,0,68,0,0,4.57545,384,[0 0 0 0 0 0 0 0 0 0 0 0 -9 7 -7 6 -10 7 -8 7 -7 8 -7 7 -7 4 -8 6 -8 8 -7 6 -7 8 -7 7 -6 7 -5 8 -7 9 -6 9 -5 5 -6 9 -5 9 -7 8 -5 5 -8 10 -7 10 -5 10 -4 6 -4 7 0 0 -7 8 -8 10 -7 8 -7 6 -9 9 -6 8 -7 7 -8 7 -8 9 -8 9 -8 6 -8 5 -9 4 -9 5 -9 4 -8 4 -8 5 -7 5 -7 3 -8 4 -8 2 -9 2 -7 0 -9 1 -8 1 -7 1 0 0 0 0 0 0 0 0 0 0 ]
CSI_DATA,AP,10:B4:1D:CC:60:E0,-83,11,1,3,1,1,1,0,0,0,0,-96,0,6,2,4663783,0,68,0,0,4.61112,384,[0 0 0 0 0 0 0 0 0 0 0 0 -7 -9 -8 -8 -7 -9 -10 -8 -9 -8 -10 -7 -6 -8 -8 -8 -9 -7 -8 -8 -8 -3 -9 -6 -11 -4 -11 -5 -9 -8 -8 -6 -10 -5 -12 -4 -9 -4 -10 -4 -11 -4 -10 -3 -11 -3 -11 -2 -11 -2 -11 -3 0 0 -13 -3 -12 -2 -10 -4 -10 -2 -12 -4 -12 -3 -11 -3 -13 -2 -13 -3 -10 -3 -9 -5 -11 -3 -11 -2 -10 -5 -9 -4 -10 -6 -8 -2 -11 -4 -9 -5 -8 -7 -10 -4 -9 -7 -8 -5 -6 -5 -8 -6 -5 -6 0 0 0 0 0 0 0 0 0 0 ]
CSI_DATA,AP,10:B4:1D:CC:60:E0,-84,11,1,3,1,1,1,0,0,0,0,-96,0,6,2,4668034,0,68,0,0,4.6534,384,[0 0 0 0 0 0 0 0 0 0 0 0 -2 11 0 8 -3 10 -2 10 -1 10 -2 8 0 9 -3 9 -1 9 -1 11 -2 9 -1 7 0 12 1 7 2 9 0 10 0 8 3 10 1 8 1 8 3 10 3 8 3 9 1 9 3 10 1 9 0 0 3 9 4 10 1 9 3 10 2 9 1 9 4 10 3 9 0 12 3 13 2 8 1 11 0 9 0 9 0 9 -1 9 -1 10 -1 8 -1 8 3 9 -2 5 -1 7 -1 7 -3 6 -3 8 -2 7 0 0 0 0 0 0 0 0 0 0 ]
CSI_DATA,AP,10:B4:1D:CC:60:E0,-84,11,1,2,1,1,1,0,0,0,0,-96,0,6,2,4678982,0,68,0,0,4.68724,384,[0 0 0 0 0 0 0 0 0 0 0 0 9 5 13 4 11 5 10 4 12 3 9 3 11 5 10 2 11 4 10 1 9 3 10 1 10 4 10 2 10 0 9 2 12 1 12 3 12 2 12 -1 9 -2 10 0 12 0 13 3 11 5 10 1 0 0 12 3 11 -2 12 0 12 0 14 4 12 4 13 0 14 3 10 3 10 4 12 6 9 7 13 4 11 4 10 6 12 6 10 1 9 2 10 5 8 5 7 6 9 5 7 3 8 3 5 5 3 4 0 0 0 0 0 0 0 0 0 0 ]
CSI_DATA,AP,10:B4:1D:CC:60:E0,-77,11,0,0,0,0,0,0,0,0,0,-96,0,6,2,4752530,0,66,0,0,4.7216,128,[0 0 0 0 0 0 0 0 0 0 0 0 -6 14 -6 15 -6 14 -4 13 -6 14 -5 13 -4 13 -5 14 -4 13 -5 13 -4 12 -2 13 -3 13 -3 13 -2 12 -2 13 -1 13 -4 13 0 14 -1 15 -2 15 -1 14 -1 15 -1 14 1 15 0 15 0 0 -1 16 1 15 0 15 2 14 -1 15 -1 16 -1 14 0 15 -3 16 -4 17 -1 15 -1 14 -3 15 -1 13 -3 13 -3 13 -3 13 -3 10 -5 11 -4 11 -4 11 -6 11 -5 10 -5 9 -6 9 -7 8 0 0 0 0 0 0 0 0 0 0 ]
CSI_DATA,AP,10:B4:1D:CC:60:E0,-83,11,1,3,1,1,1,0,0,0,0,-96,0,6,2,4866263,0,68,0,0,4.76036,384,[0 0 0 0 0 0 0 0 0 0 0 0 -5 9 -3 10 -3 10 -4 11 -4 8 -5 10 -4 6 -5 12 -3 11 -3 8 -2 6 -3 10 -2 10 -3 8 -1 8 -1 10 -2 8 0 10 0 10 -3 7 -3 7 -2 7 -1 8 -1 11 -2 11 0 11 0 0 1 10 0 11 -2 12 -1 12 -1 12 -1 7 -3 12 -3 11 1 10 -1 8 -1 7 -3 10 -4 6 -4 10 -3 7 -5 7 -3 9 -4 8 -5 7 -4 7 -5 8 -5 6 -6 7 -4 6 -6 5 -5 5 0 0 0 0 0 0 0 0 0 0 ]
CSI_DATA,AP,10:B4:1D:CC:60:E0,-84,11,1,2,1,1,1,0,0,0,0,-96,0,6,2,5013273,0,68,0,0,4.79726,384,[0 0 0 0 0 0 0 0 0 0 0 0 -6 -10 -7 -10 -9 -9 -7 -10 -8 -8 -9 -9 -7 -7 -6 -10 -7 -6 -6 -8 -6 -11 -9 -8 -8 -7 -8 -4 -8 -6 -8 -8 -7 -8 -8 -6 -9 -7 -10 -8 -10 -6 -8 -7 -10 -7 -8 -6 -7 -6 -7 -8 0 0 -9 -9 -10 -6 -9 -8 -13 -8 -8 -8 -9 -10 -9 -10 -10 -6 -6 -13 -8 -10 -7 -10 -11 -9 -5 -8 -8 -9 -5 -11 -4 -9 -3 -10 -6 -11 -7 -8 -4 -8 -5 -9 -3 -8 -3 -8 -2 -8 -2 -10 0 -9 0 0 0 0 0 0 0 0 0 0 ]
CSI_DATA,AP,10:B4:1D:CC:60:E0,-85,11,1,2,1,1,1,0,0,0,0,-96,0,6,2,5013554,0,68,0,0,4.83861,384,[0 0 0 0 0 0 0 0 0 0 0 0 -12 -6 -11 -5 -9 -10 -12 -6 -10 -5 -10 -5 -12 -4 -10 -6 -10 -4 -11 -3 -11 -8 -9 -4 -11 -3 -11 -4 -11 -4 -12 -2 -10 1 -10 -1 -12 -2 -13 0 -11 -1 -12 1 -12 -4 -10 -2 -11 2 -11 0 0 0 -11 -1 -11 0 -11 -4 -14 0 -9 -2 -14 -1 -12 -1 -12 2 -11 0 -15 -2 -13 1 -10 -1 -12 0 -9 -3 -10 -1 -13 -1 -9 -3 -8 -3 -7 0 -11 -2 -10 -5 -7 -4 -9 -4 -9 -4 -9 -6 -8 -4 0 0 0 0 0 0 0 0 0 0 ]
CSI_DATA,AP,10:B4:1D:CC:60:E0,-84,11,1,2,1,1,1,0,0,0,0,-96,0,6,2,5052004,0,68,0,0,4.88092,384,[0 0 0 0 0 0 0 0 0 0 0 0 6 -10 9 -10 6 -11 3 -11 5 -9 4 -10 3 -11 4 -10 5 -11 5 -9 4 -10 3 -9 4 -11 2 -8 5 -9 5 -11 5 -11 2 -10 2 -9 2 -9 3 -11 3 -10 2 -10 5 -11 2 -14 1 -11 0 0 3 -11 1 -11 4 -11 3 -12 3 -11 3 -12 5 -10 5 -11 3 -10 5 -8 5 -9 6 -9 5 -11 5 -12 8 -8 6 -9 5 -6 9 -6 7 -5 6 -8 6 -8 7 -5 7 -4 7 -6 8 -5 6 -3 0 0 0 0 0 0 0 0 0 0 ]
CSI_DATA,AP,10:B4:1D:CC:60:E0,-82,11,1,1,1,1,1,0,0,0,0,-96,0,6,2,5089842,0,68,0,0,4.91876,384,[0 0 0 0 0 0 0 0 0 0 0 0 8 7 7 4 9 5 9 5 8 6 8 4 8 5 7 5 9 4 10 5 7 4 9 5 9 1 8 2 10 1 9 2 9 3 11 1 8 1 12 2 9 3 10 1 10 2 8 -1 10 1 10 1 0 0 11 0 10 0 11 0 12 1 10 0 11 1 11 1 10 2 12 3 11 2 11 2 12 0 9 1 10 3 9 3 8 2 9 2 8 4 8 4 7 2 6 3 7 2 6 3 6 3 6 5 4 4 0 0 0 0 0 0 0 0 0 0 ]
CSI_DATA,AP,10:B4:1D:CC:60:E0,-84,11,1,2,1,1,1,0,0,0,0,-96,0,6,2,5090141,0,68,0,0,4.95136,384,[0 0 0 0 0 0 0 0 0 0 0 0 9 3 12 2 8 2 10 2 12 3 8 2 10 1 10 1 8 1 9 4 8 4 11 1 9 0 9 2 10 0 8 -2 9 -1 8 -1 12 -3 11 -2 8 -2 9 -2 12 -1 10 -3 12 -3 10 -2 0 0 10 -3 12 0 13 -3 11 -1 11 -1 11 0 10 -2 10 -3 15 0 13 0 11 -1 10 0 8 1 11 1 10 -1 8 1 7 2 8 1 9 1 10 0 7 1 7 2 8 1 6 2 7 2 7 3 0 0 0 0 0 0 0 0 0 0 ]
CSI_DATA,AP,10:B4:1D:CC:60:E0,-84,11,1,2,1,1,1,0,0,0,0,-96,0,6,2,5090341,0,68,0,0,4.98616,384,[0 0 0 0 0 0 0 0 0 0 0 0 -6 6 -10 8 -7 6 -8 10 -7 8 -7 6 -7 5 -7 8 -6 5 -8 8 -6 10 -6 10 -5 7 -4 7 -6 7 -3 7 -5 10 -6 8 -3 7 -4 8 -4 10 -3 8 -4 8 -3 8 -4 9 -5 9 0 0 -5 7 -5 9 -6 9 -4 7 -5 8 -6 7 -4 8 -5 8 -6 10 -2 8 -5 10 -7 7 -6 5 -7 7 -4 8 -8 7 -6 7 -5 9 -7 7 -7 7 -5 4 -7 5 -7 4 -6 4 -6 5 -4 3 0 0 0 0 0 0 0 0 0 0 ]
CSI_DATA,AP,10:B4:1D:CC:60:E0,-84,11,1,2,1,1,1,0,0,0,0,-96,0,6,2,5090604,0,68,0,0,5.0221,384,[0 0 0 0 0 0 0 0 0 0 0 0 -13 1 -11 3 -11 0 -12 3 -12 2 -12 3 -12 3 -12 2 -13 3 -12 3 -10 5 -9 4 -10 2 -12 3 -11 4 -10 3 -9 4 -12 4 -10 4 -11 5 -10 6 -9 3 -10 5 -10 2 -10 6 -12 5 0 0 -11 2 -10 2 -13 3 -12 2 -11 4 -12 3 -8 1 -13 1 -11 2 -9 2 -12 0 -11 1 -12 0 -11 -1 -10 -1 -11 -3 -11 -1 -8 -2 -8 -4 -8 -4 -10 -4 -9 -6 -7 -2 -9 -5 -9 -4 -7 -4 0 0 0 0 0 0 0 0 0 0 ]
CSI_DATA,AP,10:B4:1D:CC:60:E0,-82,11,1,1,1,1,1,0,0,0,0,-96,0,6,2,5172282,0,68,0,0,5.06182,384,[0 0 0 0 0 0 0 0 0 0 0 0 3 -11 4 -11 4 -9 3 -13 3 -12 2 -12 2 -9 2 -9 2 -11 1 -11 1 -13 1 -10 1 -11 2 -11 0 -12 0 -11 0 -12 -1 -12 -2 -13 -1 -12 -1 -10 -3 -12 -3 -12 -5 -12 -2 -12 -4 -10 0 0 -6 -11 -3 -12 -5 -12 -1 -12 -2 -13 -1 -10 -4 -11 -2 -12 -4 -12 -4 -11 -3 -11 -2 -11 -1 -11 -2 -10 -3 -11 -3 -11 -2 -12 -2 -11 -1 -10 0 -11 0 -11 0 -8 0 -9 1 -10 1 -7 2 -7 0 0 0 0 0 0 0 0 0 0 ]
CSI_DATA,AP,10:B4:1D:CC:60:E0,-82,11,1,1,1,1,1,0,0,0,0,-96,0,6,2,5210004,0,68,0,0,5.10339,384,[0 0 0 0 0 0 0 0 0 0 0 0 -6 -10 -5 -11 -7 -12 -9 -12 -9 -8 -7 -10 -7 -9 -8 -8 -7 -8 -8 -8 -7 -8 -8 -8 -9 -8 -9 -8 -7 -6 -9 -9 -7 -7 -8 -7 -10 -7 -9 -8 -10 -8 -8 -6 -10 -4 -13 -7 -9 -6 -10 -6 0 0 -12 -7 -10 -4 -10 -7 -8 -5 -10 -7 -11 -7 -11 -8 -10 -7 -11 -5 -12 -5 -11 -8 -9 -8 -9 -8 -9 -8 -8 -8 -8 -8 -6 -8 -6 -8 -5 -6 -5 -8 -7 -8 -4 -8 -5 -7 -4 -8 -3 -8 -4 -10 0 0 0 0 0 0 0 0 0 0 ]
CSI_DATA,AP,10:B4:1D:CC:60:E0,-83,11,1,1,1,1,1,0,0,0,0,-96,0,6,2,5436672,0,68,0,0,5.14864,384,[0 0 0 0 0 0 0 0 0 0 0 0 10 -7 10 -9 8 -9 10 -10 9 -8 7 -8 5 -9 6 -8 7 -10 7 -10 5 -10 6 -7 5 -11 5 -9 6 -11 5 -10 6 -10 4 -10 3 -13 5 -12 5 -11 5 -10 5 -12 3 -12 3 -13 4 -13 0 0 3 -13 5 -12 5 -15 4 -12 2 -14 3 -14 4 -10 2 -14 6 -11 8 -10 7 -10 6 -11 4 -12 3 -10 5 -11 4 -8 5 -10 6 -8 6 -8 6 -8 7 -10 4 -9 6 -10 5 -6 5 -7 6 -4 0 0 0 0 0 0 0 0 0 0 ]
CSI_DATA,AP,10:B4:1D:CC:60:E0,-83,11,1,1,1,1,1,0,0,0,0,-96,0,6,2,5436888,0,68,0,0,5.1836,384,[0 0 0 0 0 0 0 0 0 0 0 0 9 6 10 6 10 5 8 5 9 5 7 5 9 4 9 6 10 1 10 5 8 5 8 3 9 4 11 2 9 3 11 3 10 3 12 2 10 2 12 0 11 1 11 -1 11 1 10 2 10 1 10 1 0 0 11 1 12 1 9 -2 12 1 12 -1 13 0 11 1 11 1 10 2 15 3 11 2 10 2 11 2 10 1 9 1 9 1 10 2 9 3 8 3 10 3 8 3 7 2 9 3 7 6 6 5 6 5 0 0 0 0 0 0 0 0 0 0 ]
CSI_DATA,AP,10:B4:1D:CC:60:E0,-83,11,1,1,1,1,1,0,0,0,0,-96,0,6,2,5437167,0,68,0,0,5.21706,384,[0 0 0 0 0 0 0 0 0 0 0 0 8 7 9 7 8 6 7 8 7 6 8 6 8 8 9 7 7 5 9 6 9 5 8 5 9 2 9 5 10 5 10 4 8 3 9 3 11 2 10 1 10 1 10 2 11 1 9 2 11 1 10 2 0 0 9 1 10 -1 10 1 13 0 12 0 12 3 10 -1 10 1 11 4 16 5 11 5 11 2 9 2 9 3 9 3 9 2 10 3 8 2 8 2 7 3 7 5 8 2 7 4 8 4 8 4 6 4 0 0 0 0 0 0 0 0 0 0 ]
CSI_DATA,AP,10:B4:1D:CC:60:E0,-82,11,1,1,1,1,1,0,0,0,0,-96,0,6,2,5437410,0,68,0,0,5.24977,384,[0 0 0 0 0 0 0 0 0 0 0 0 -3 11 -2 10 -2 11 -1 7 1 10 -2 10 0 11 0 10 -2 10 -1 9 0 11 -2 9 0 9 0 9 0 10 0 8 1 10 0 10 0 9 2 9 2 10 1 9 1 10 2 10 2 9 4 10 0 0 2 9 3 10 3 11 2 10 3 11 2 11 3 12 2 9 4 12 4 12 1 9 1 9 1 10 1 9 1 10 0 8 -2 10 0 9 -1 6 -2 9 -1 8 -3 8 -2 7 -2 9 -3 8 -4 7 0 0 0 0 0 0 0 0 0 0 ]
CSI_DATA,AP,10:B4:1D:CC:60:E0,-83,11,1,1,1,1,1,0,0,0,0,-96,0,6,2,5437824,0,68,0,0,5.28432,384,[0 0 0 0 0 0 0 0 0 0 0 0 4 -11 2 -9 3 -13 3 -13 2 -13 3 -11 2 -12 3 -13 2 -10 2 -11 1 -11 1 -12 0 -12 0 -12 -1 -10 0 -11 0 -11 0 -11 -2 -13 -2 -12 -1 -10 -2 -14 -1 -13 -4 -11 -4 -11 -1 -12 0 0 -2 -13 -2 -12 -3 -9 -3 -11 0 -12 0 -13 -2 -13 -1 -13 1 -10 3 -11 2 -14 1 -14 -1 -10 -2 -11 0 -12 2 -10 1 -12 0 -10 1 -12 3 -11 2 -9 1 -10 3 -9 1 -10 3 -9 4 -9 0 0 0 0 0 0 0 0 0 0 ]
CSI_DATA,AP,10:B4:1D:CC:60:E0,-83,11,1,1,1,1,1,0,0,0,0,-96,0,6,2,5438130,0,68,0,0,5.32504,384,[0 0 0 0 0 0 0 0 0 0 0 0 -2 -12 -4 -12 -3 -10 -2 -12 -4 -11 -5 -12 -5 -12 -3 -9 -4 -8 -4 -11 -5 -9 -5 -9 -6 -9 -4 -10 -6 -8 -6 -9 -6 -9 -5 -8 -6 -8 -7 -10 -8 -9 -8 -9 -8 -8 -7 -9 -6 -8 -8 -10 0 0 -8 -9 -7 -9 -8 -11 -7 -9 -8 -10 -7 -10 -7 -11 -8 -10 -5 -10 -3 -11 -5 -10 -6 -10 -5 -12 -5 -10 -3 -9 -4 -9 -3 -11 -3 -8 -3 -9 -4 -9 -1 -9 -2 -9 -2 -9 -2 -8 -2 -10 0 -8 0 0 0 0 0 0 0 0 0 0 ]
CSI_DATA,AP,10:B4:1D:CC:60:E0,-83,11,1,1,1,1,1,0,0,0,0,-96,0,6,2,5438427,0,68,0,0,5.36678,384,[0 0 0 0 0 0 0 0 0 0 0 0 -8 -10 -10 -11 -8 -10 -8 -7 -8 -7 -7 -7 -10 -6 -8 -8 -8 -8 -9 -7 -8 -7 -8 -8 -9 -8 -8 -6 -10 -5 -10 -7 -8 -5 -10 -6 -9 -6 -10 -3 -9 -5 -10 -3 -10 -4 -12 -3 -10 -4 -10 -3 0 0 -13 -3 -12 -4 -12 -4 -11 -3 -12 -3 -11 -5 -9 -5 -11 -3 -8 -6 -11 -6 -10 -4 -10 -6 -11 -5 -10 -5 -11 -5 -9 -4 -9 -6 -8 -4 -9 -5 -8 -4 -8 -5 -8 -5 -7 -7 -8 -5 -7 -7 -5 -5 0 0 0 0 0 0 0 0 0 0 ]
CSI_DATA,AP,10:B4:1D:CC:60:E0,-82,11,1,1,1,1,1,0,0,0,0,-96,0,6,2,5438616,0,68,0,0,5.40886,384,[0 0 0 0 0 0 0 0 0 0 0 0 10 -1 10 -3 11 -6 11 -6 9 -3 11 -3 10 -4 9 -4 8 -7 11 -5 10 -5 12 -5 9 -5 7 -8 8 -5 9 -7 8 -5 8 -5 10 -7 10 -7 9 -7 9 -8 10 -6 7 -6 9 -10 11 -8 0 0 10 -5 9 -9 10 -6 10 -6 10 -7 10 -9 10 -8 9 -6 10 -8 12 -9 10 -7 9 -6 8 -5 10 -5 10 -4 9 -3 10 -3 10 -2 10 -4 11 -2 8 -3 8 -2 8 -1 9 0 9 -1 8 1 0 0 0 0 0 0 0 0 0 0 ]
CSI_DATA,AP,10:B4:1D:CC:60:E0,-82,11,1,1,1,1,1,0,0,0,0,-96,0,6,2,5438859,0,68,0,0,5.44648,384,[0 0 0 0 0 0 0 0 0 0 0 0 8 5 8 5 8 7 6 7 9 6 8 5 8 4 9 7 8 4 9 5 10 3 8 5 9 4 10 2 10 2 9 3 6 1 10 2 8 1 10 2 9 2 10 1 11 1 9 -1 11 -1 11 1 0 0 9 0 11 1 10 -1 10 0 12 1 10 1 10 1 9 1 12 -1 12 1 10 1 10 2 9 1 9 2 9 2 9 -1 9 2 10 4 8 3 6 2 9 1 8 4 6 4 8 3 6 4 6 3 0 0 0 0 0 0 0 0 0 0 ]
CSI_DATA,AP,10:B4:1D:CC:60:E0,-78,11,0,0,0,0,0,0,0,0,0,-96,0,6,2,5668011,0,37,0,0,5.47954,128,[0 0 0 0 0 0 0 0 0 0 0 0 13 4 14 2 12 4 12 3 13 3 13 4 14 3 12 2 11 2 12 4 13 0 12 0 11 2 12 0 12 0 13 -1 11 0 12 1 12 0 14 -1 13 -1 12 -1 14 -1 12 -3 13 -2 15 -2 0 0 14 -2 14 -3 14 -2 12 -1 13 -1 15 -2 13 -1 15 -1 12 1 13 0 13 -1 13 0 13 1 12 1 12 0 13 1 12 0 12 2 11 1 10 2 10 1 10 3 10 3 10 3 8 3 8 4 0 0 0 0 0 0 0 0 0 0 ]
CSI_DATA,AP,10:B4:1D:CC:60:E0,-82,11,1,0,1,1,1,0,0,0,0,-96,0,6,2,5770632,0,68,0,0,5.51594,384,[0 0 0 0 0 0 0 0 0 0 0 0 2 -12 3 -13 2 -10 1 -11 1 -12 1 -12 0 -12 1 -11 -1 -12 1 -10 -2 -12 0 -12 -1 -11 -2 -11 -2 -10 -2 -10 -2 -11 -3 -10 -1 -9 -3 -12 -4 -12 -5 -9 -3 -11 -3 -10 -3 -11 -5 -13 0 0 -5 -11 -5 -12 -4 -10 -5 -11 -5 -11 -3 -12 -4 -12 -4 -9 -3 -10 -3 -8 -2 -10 -4 -9 -2 -12 -4 -10 -2 -11 -4 -10 -1 -10 0 -10 -1 -9 0 -10 0 -9 -1 -10 0 -9 0 -8 1 -7 3 -8 0 0 0 0 0 0 0 0 0 0 ]
CSI_DATA,AP,10:B4:1D:CC:60:E0,-82,11,1,0,1,1,1,0,0,0,0,-96,0,6,2,5770891,0,68,0,0,5.55771,384,[0 0 0 0 0 0 0 0 0 0 0 0 8 -9 7 -8 6 -7 8 -9 6 -10 7 -9 5 -10 6 -9 5 -7 5 -10 3 -10 4 -9 4 -10 4 -11 6 -10 3 -8 3 -10 3 -10 3 -9 2 -10 3 -10 2 -11 3 -9 3 -9 2 -12 3 -11 0 0 3 -13 3 -10 0 -9 2 -11 3 -11 2 -11 3 -9 3 -11 2 -9 3 -8 5 -10 6 -11 5 -10 4 -10 5 -9 5 -9 5 -8 3 -8 5 -8 3 -7 5 -8 5 -8 4 -6 4 -7 6 -5 6 -4 0 0 0 0 0 0 0 0 0 0 ]
CSI_DATA,AP,10:B4:1D:CC:60:E0,-82,11,1,0,1,1,1,0,0,0,0,-96,0,6,2,5771167,0,68,0,0,5.59502,384,[0 0 0 0 0 0 0 0 0 0 0 0 12 -1 12 -2 12 -4 9 -2 8 -2 9 -3 9 -3 11 -2 11 -4 9 -4 8 -5 9 -4 9 -3 9 -5 10 -5 7 -4 10 -5 8 -5 8 -4 10 -4 11 -5 7 -4 8 -4 10 -4 10 -5 8 -6 0 0 9 -5 10 -6 10 -5 10 -3 10 -4 11 -3 9 -3 11 -3 8 -1 8 0 9 -2 9 0 11 -2 10 -2 9 2 10 -1 10 0 8 0 8 2 8 2 7 2 8 3 8 3 5 3 5 3 8 3 0 0 0 0 0 0 0 0 0 0 ]
CSI_DATA,AP,10:B4:1D:CC:60:E0,-83,11,1,0,1,1,1,0,0,0,0,-96,0,6,2,5771444,0,68,0,0,5.63095,384,[0 0 0 0 0 0 0 0 0 0 0 0 9 -6 11 -4 10 -7 8 -6 8 -8 9 -5 9 -5 8 -5 8 -6 8 -7 6 -6 7 -6 8 -7 7 -8 6 -8 5 -8 7 -9 5 -10 7 -8 4 -11 6 -10 7 -10 6 -11 6 -8 6 -10 6 -9 0 0 6 -10 4 -11 6 -11 5 -10 7 -10 7 -11 6 -11 7 -10 4 -9 5 -8 7 -9 5 -9 7 -9 6 -10 6 -8 6 -8 5 -7 8 -7 6 -7 6 -5 6 -7 6 -7 6 -9 6 -5 8 -4 7 -3 0 0 0 0 0 0 0 0 0 0 ]
CSI_DATA,AP,10:B4:1D:CC:60:E0,-83,11,1,0,1,1,1,0,0,0,0,-96,0,6,2,5771657,0,68,0,0,5.66767,384,[0 0 0 0 0 0 0 0 0 0 0 0 7 9 8 9 8 8 9 7 6 8 9 8 9 7 7 6 7 8 8 7 7 8 8 7 6 4 8 5 8 6 9 6 8 5 8 4 9 5 8 4 7 5 10 5 10 3 10 6 9 5 10 6 0 0 9 6 12 3 10 3 10 5 10 4 11 6 10 5 12 6 8 6 12 6 8 8 10 7 8 8 7 6 8 6 8 8 7 6 8 7 5 7 5 7 4 5 5 5 5 9 4 6 4 8 4 7 0 0 0 0 0 0 0 0 0 0 ]
CSI_DATA,AP,10:B4:1D:CC:60:E0,-82,11,1,0,1,1,1,0,0,0,0,-96,0,6,2,5771961,0,68,0,0,5.69953,384,[0 0 0 0 0 0 0 0 0 0 0 0 10 3 10 3 11 5 10 3 12 3 10 4 11 3 11 3 9 1 10 1 9 -1 9 1 9 0 9 -1 11 1 11 -1 10 -2 10 -1 8 -2 11 -2 9 -1 9 -2 11 -1 10 -1 10 -2 11 -3 0 0 10 -3 11 -3 10 -3 10 -3 10 -1 10 -4 9 -3 11 -2 11 -2 15 1 13 0 11 0 10 -3 10 -1 9 -3 10 -1 9 -1 9 0 9 0 9 2 7 0 7 -1 7 0 9 2 8 1 7 2 0 0 0 0 0 0 0 0 0 0 ]
CSI_DATA,AP,10:B4:1D:CC:60:E0,-77,11,0,0,0,0,0,0,0,0,0,-96,0,6,2,6678083,0,37,0,0,6.3875,128,[0 0 0 0 0 0 0 0 0 0 0 0 2 -14 2 -16 1 -14 1 -13 1 -15 2 -15 1 -14 2 -14 2 -15 1 -13 -1 -13 -1 -13 -1 -14 -2 -14 0 -14 -2 -14 -2 -13 -1 -12 -2 -15 -3 -14 -2 -15 -2 -14 -2 -13 -6 -15 -6 -13 -4 -15 0 0 -4 -15 -5 -15 -5 -16 -5 -14 -3 -16 -3 -14 -2 -16 -1 -15 -3 -15 -3 -14 -2 -15 -2 -13 -1 -13 -1 -13 -1 -13 0 -14 0 -14 1 -12 1 -13 0 -12 1 -11 2 -11 1 -12 2 -11 3 -9 3 -10 0 0 0 0 0 0 0 0 0 0 ]
CSI_DATA,AP,10:B4:1D:CC:60:E0,-77,11,0,0,0,0,0,0,0,0,0,-96,0,6,2,6754107,0,66,0,0,6.47079,128,[0 0 0 0 0 0 0 0 0 0 0 0 0 -15 1 -14 1 -13 0 -14 0 -14 1 -13 0 -14 0 -13 -2 -13 0 -12 -2 -14 -2 -12 -3 -13 -3 -13 -2 -14 -4 -12 -3 -12 -4 -13 -4 -12 -5 -12 -3 -12 -4 -14 -3 -13 -5 -13 -5 -12 -7 -14 0 0 -5 -14 -5 -14 -6 -12 -5 -13 -5 -13 -5 -16 -3 -14 -4 -14 -1 -14 -2 -13 -5 -14 -3 -13 -4 -14 -2 -13 -2 -14 -2 -12 -1 -12 -1 -12 -1 -11 0 -11 -1 -12 1 -11 -1 -10 2 -11 2 -11 2 -10 0 0 0 0 0 0 0 0 0 0 ]
CSI_DATA,AP,10:B4:1D:CC:60:E0,-85,11,1,2,1,1,1,1,0,0,0,-96,0,6,2,6762891,0,68,0,0,6.51453,384,[0 0 0 0 0 0 0 0 0 0 0 0 -9 7 -9 7 -8 9 -8 8 -9 8 -7 10 -11 9 -6 10 -7 7 -6 7 -7 10 -8 11 -7 7 -6 7 -6 7 -5 11 -4 8 -5 7 -5 10 -6 8 -5 11 -4 8 -6 9 -4 8 -6 8 -6 9 0 0 -7 10 -5 10 -5 8 -4 9 -6 10 -6 8 -6 10 -5 9 -10 6 -10 6 -7 8 -7 7 -7 8 -7 7 -7 8 -5 5 -7 7 -9 8 -6 6 -7 7 -7 4 -5 4 -9 5 -9 5 -8 3 -8 3 0 0 0 0 0 0 0 0 0 0 ]
CSI_DATA,AP,10:B4:1D:CC:60:E0,-84,11,1,2,1,1,1,1,0,0,0,-96,0,6,2,6764289,0,68,0,0,6.54992,384,[0 0 0 0 0 0 0 0 0 0 0 0 -10 8 -9 4 -12 4 -10 4 -11 5 -10 7 -8 7 -9 6 -9 7 -11 9 -6 5 -7 6 -9 6 -8 9 -8 7 -5 12 -9 10 -5 5 -4 7 -4 11 -4 10 -2 10 -5 11 -5 8 -5 10 -4 7 0 0 -3 11 -1 13 -3 9 -7 10 -2 8 -4 9 -5 12 -2 10 -3 13 -4 15 -5 12 -2 9 -5 8 -4 7 -3 10 -3 11 -4 9 -3 7 -6 11 -5 8 -2 7 -4 8 -4 8 -3 8 -3 6 -5 7 0 0 0 0 0 0 0 0 0 0 ]
CSI_DATA,AP,10:B4:1D:CC:60:E0,-83,11,1,0,1,1,1,1,0,0,0,-96,0,6,2,6843708,0,68,0,0,6.58736,384,[0 0 0 0 0 0 0 0 0 0 0 0 0 12 2 12 0 12 0 10 1 10 1 11 0 11 3 10 2 10 1 11 2 11 4 10 1 10 3 11 4 9 4 10 4 11 3 10 5 9 3 9 4 9 5 9 4 10 5 10 5 10 4 11 0 0 4 10 5 10 6 9 5 10 5 11 4 12 4 12 4 11 2 11 0 14 3 10 4 12 2 10 1 10 3 8 0 10 0 10 0 10 1 10 -1 9 -1 8 0 11 0 9 -3 8 -2 8 -2 8 0 0 0 0 0 0 0 0 0 0 ]
CSI_DATA,AP,10:B4:1D:CC:60:E0,-82,11,1,1,1,1,1,1,0,0,0,-96,0,6,2,6879109,0,68,0,0,6.62178,384,[0 0 0 0 0 0 0 0 0 0 0 0 10 3 9 3 10 5 10 3 10 5 10 2 7 1 10 3 10 3 9 3 9 1 8 1 11 2 10 3 11 2 10 1 9 1 9 0 10 0 9 0 12 1 10 0 11 2 11 -2 10 2 9 -1 0 0 10 -2 11 1 12 0 11 -3 13 1 12 2 12 0 9 0 9 -1 8 1 8 2 10 3 9 1 11 1 9 1 9 3 9 2 9 2 9 3 7 2 7 4 7 5 5 3 7 3 8 4 6 3 0 0 0 0 0 0 0 0 0 0 ]
CSI_DATA,AP,10:B4:1D:CC:60:E0,-81,11,1,1,1,1,1,1,0,0,0,-96,0,6,2,6914112,0,68,0,0,6.65536,384,[0 0 0 0 0 0 0 0 0 0 0 0 0 10 1 10 -1 10 1 12 1 9 -2 10 -1 12 -1 8 0 12 3 9 1 11 1 10 1 9 2 10 2 9 3 9 1 10 1 9 3 9 3 10 4 9 4 10 3 9 3 10 3 8 4 10 0 0 3 11 5 9 3 12 2 10 4 8 4 11 3 10 4 11 3 10 2 8 2 9 3 10 2 9 1 9 0 11 3 10 0 9 1 9 -1 9 -2 8 0 8 0 8 -2 9 -1 8 -1 8 -3 6 0 0 0 0 0 0 0 0 0 0 ]
CSI_DATA,AP,10:B4:1D:CC:60:E0,-82,11,1,1,1,1,1,1,0,0,0,-96,0,6,2,6948934,0,68,0,0,6.68896,384,[0 0 0 0 0 0 0 0 0 0 0 0 10 3 8 4 10 3 10 3 9 3 11 3 9 0 11 3 10 3 11 3 8 1 9 1 8 1 10 1 11 1 10 -1 10 0 12 -2 8 -2 11 -3 10 -1 9 -2 10 -2 8 -2 11 -2 11 0 0 0 11 -2 11 -5 12 -2 11 -2 9 -3 13 -4 11 -3 12 -2 13 -2 14 -3 11 -4 12 -3 10 -2 10 -3 11 -1 10 -2 9 -1 10 0 9 -1 8 1 11 1 9 -1 9 0 10 1 8 1 8 2 0 0 0 0 0 0 0 0 0 0 ]
CSI_DATA,AP,10:B4:1D:CC:60:E0,-85,11,1,2,1,1,1,0,0,0,0,-96,0,6,2,6982508,0,68,0,0,6.72532,384,[0 0 0 0 0 0 0 0 0 0 0 0 -9 11 -7 7 -7 7 -7 7 -7 10 -6 8 -4 12 -7 9 -5 8 -5 10 -6 10 -4 10 -2 10 -4 9 -4 12 -3 9 -4 8 -2 10 -2 9 -2 10 -2 9 -1 10 -2 9 0 11 0 10 -2 10 0 0 0 11 1 11 3 11 1 11 1 12 2 9 1 11 1 13 -3 13 -4 11 0 12 0 12 0 10 2 7 0 9 1 7 -1 9 -3 10 0 8 0 9 -1 9 -1 9 -2 10 -3 6 -1 7 -3 7 0 0 0 0 0 0 0 0 0 0 ]
CSI_DATA,AP,10:B4:1D:CC:60:E0,-83,11,1,2,1,1,1,0,0,0,0,-96,0,6,2,7017403,0,68,0,0,6.76407,384,[0 0 0 0 0 0 0 0 0 0 0 0 9 3 10 3 12 2 10 4 12 1 9 1 8 3 10 5 9 3 9 2 7 2 9 3 8 2 9 2 10 0 9 1 7 1 9 0 9 -1 10 0 9 0 11 -1 10 3 12 -1 11 1 10 2 0 0 10 3 13 2 12 3 11 3 9 0 7 1 7 3 8 4 11 3 11 1 7 2 9 4 10 3 7 4 10 6 8 6 6 5 4 5 6 5 6 4 7 7 3 5 4 7 6 6 4 6 3 6 0 0 0 0 0 0 0 0 0 0 ]
CSI_DATA,AP,10:B4:1D:CC:60:E0,-83,11,1,2,1,1,1,0,0,0,0,-96,0,6,2,7018589,0,68,0,0,6.79402,384,[0 0 0 0 0 0 0 0 0 0 0 0 2 -10 3 -8 2 -13 2 -12 5 -12 1 -12 4 -10 1 -11 0 -12 6 -12 1 -11 1 -11 0 -10 2 -11 2 -10 1 -11 1 -10 1 -13 1 -9 1 -11 0 -13 -2 -11 0 -11 -1 -12 0 -11 0 -12 0 0 0 -10 -1 -11 0 -11 -1 -11 0 -12 -2 -11 0 -14 -1 -12 -3 -15 -5 -13 0 -11 -1 -11 2 -13 1 -11 0 -10 1 -11 1 -9 2 -10 4 -9 3 -10 2 -11 4 -9 3 -7 5 -7 4 -7 4 -7 0 0 0 0 0 0 0 0 0 0 ]
CSI_DATA,AP,10:B4:1D:CC:60:E0,-84,11,1,2,1,1,1,0,0,0,0,-96,0,6,2,7019485,0,68,0,0,6.83366,384,[0 0 0 0 0 0 0 0 0 0 0 0 -2 -11 -5 -8 -6 -12 -3 -9 -3 -10 -4 -11 -4 -10 -5 -10 -5 -10 -4 -11 -3 -9 -6 -12 -4 -11 -5 -11 -6 -7 -5 -9 -3 -9 -6 -10 -7 -9 -7 -8 -8 -9 -5 -9 -5 -8 -4 -11 -5 -10 -8 -8 0 0 -6 -10 -5 -11 -5 -10 -7 -10 -8 -9 -5 -10 -7 -9 -4 -10 -7 -10 -9 -10 -4 -11 -5 -10 -4 -11 -1 -10 -4 -10 -3 -10 -4 -9 -2 -11 -3 -8 -1 -9 0 -7 1 -11 1 -10 1 -10 2 -7 2 -10 0 0 0 0 0 0 0 0 0 0 ]
CSI_DATA,AP,10:B4:1D:CC:60:E0,-84,11,1,2,1,1,1,0,0,0,0,-96,0,6,2,7020606,0,68,0,0,6.87576,384,[0 0 0 0 0 0 0 0 0 0 0 0 -3 -11 -2 -9 -4 -10 -3 -9 -4 -10 -4 -12 -4 -10 -4 -9 -7 -9 -4 -10 -5 -11 -3 -9 -5 -10 -5 -8 -7 -9 -4 -8 -6 -10 -4 -8 -6 -10 -6 -8 -7 -8 -8 -10 -5 -10 -7 -10 -8 -7 -7 -7 0 0 -9 -8 -7 -8 -7 -6 -8 -10 -6 -8 -4 -11 -7 -9 -6 -10 -7 -8 -7 -8 -8 -8 -4 -7 -5 -9 -7 -9 -6 -9 -5 -9 -4 -8 -4 -9 -6 -7 -3 -9 -5 -10 -2 -7 -3 -9 -2 -9 -1 -10 -2 -8 0 0 0 0 0 0 0 0 0 0 ]
CSI_DATA,AP,10:B4:1D:CC:60:E0,-84,11,1,2,1,1,1,0,0,0,0,-96,0,6,2,7021628,0,68,0,0,6.91704,384,[0 0 0 0 0 0 0 0 0 0 0 0 9 2 10 2 12 1 10 4 9 -1 9 1 9 0 9 1 10 1 11 0 10 -1 11 -2 10 1 9 -1 9 0 10 -2 11 -2 8 -3 10 0 10 -4 9 -4 9 -3 10 -2 11 -3 9 -4 10 -3 0 0 12 -3 14 -3 11 -5 10 -2 11 -4 11 -4 9 -2 12 -5 14 -3 12 0 9 -4 10 -1 10 -2 9 -2 10 -2 8 0 9 -1 9 -1 7 -2 9 -1 8 0 8 0 8 0 10 2 8 2 7 2 0 0 0 0 0 0 0 0 0 0 ]
CSI_DATA,AP,10:B4:1D:CC:60:E0,-84,11,1,2,1,1,1,0,0,0,0,-96,0,6,2,7022542,0,68,0,0,6.95298,384,[0 0 0 0 0 0 0 0 0 0 0 0 4 -10 -1 -9 5 -13 1 -13 0 -12 3 -12 3 -10 3 -12 3 -12 1 -10 1 -10 3 -13 1 -11 3 -12 1 -11 1 -11 -1 -11 -2 -13 0 -11 -1 -11 -2 -13 0 -11 0 -11 2 -13 0 -12 -2 -10 0 0 0 -11 -1 -11 0 -11 1 -11 -1 -13 -1 -12 3 -13 2 -15 2 -11 4 -12 3 -12 3 -11 3 -13 4 -12 3 -11 3 -10 4 -8 3 -9 4 -9 2 -9 6 -6 5 -10 2 -8 4 -6 4 -6 6 -5 0 0 0 0 0 0 0 0 0 0 ]
CSI_DATA,AP,10:B4:1D:CC:60:E0,-83,11,1,2,1,1,1,0,0,0,0,-96,0,6,2,7023877,0,68,0,0,6.99264,384,[0 0 0 0 0 0 0 0 0 0 0 0 2 11 6 7 6 6 6 8 6 8 6 7 4 8 6 9 5 9 6 9 5 7 4 8 6 7 5 7 6 7 4 7 6 6 8 5 7 6 8 6 7 7 7 6 9 5 8 10 8 6 6 6 0 0 9 6 7 7 7 7 4 6 9 8 5 9 8 7 6 8 6 8 7 4 5 7 7 6 7 6 6 8 3 6 5 8 4 6 4 8 3 7 1 8 3 8 3 7 4 8 4 7 3 7 2 7 0 0 0 0 0 0 0 0 0 0 ]
CSI_DATA,AP,10:B4:1D:CC:60:E0,-78,11,0,0,0,0,0,0,0,0,0,-96,0,6,2,7054503,0,68,0,0,7.02357,128,[0 0 0 0 0 0 0 0 0 0 0 0 12 4 13 3 12 4 12 2 13 2 14 2 13 3 13 2 12 2 10 2 13 1 12 0 12 -1 13 0 14 2 12 0 13 0 12 0 12 0 12 -1 13 0 11 -1 12 -2 12 -2 12 -2 14 -2 0 0 13 -1 13 -2 13 -2 12 -1 13 -1 13 0 13 0 12 0 13 0 12 -2 14 0 12 1 12 1 11 2 11 2 13 1 10 0 11 2 10 3 10 3 10 3 10 3 8 4 8 4 8 4 8 5 0 0 0 0 0 0 0 0 0 0 ]
CSI_DATA,AP,10:B4:1D:CC:60:E0,-82,11,1,0,1,1,1,0,0,0,0,-96,0,6,2,7315399,0,68,0,0,7.05979,384,[0 0 0 0 0 0 0 0 0 0 0 0 2 -11 3 -11 2 -11 1 -12 1 -10 3 -12 1 -10 1 -13 0 -10 0 -12 2 -12 -2 -12 1 -10 -2 -12 -1 -10 -1 -10 -3 -13 -3 -10 -2 -10 -4 -11 -3 -10 -4 -11 -1 -11 -5 -12 -3 -12 -4 -11 0 0 -4 -12 -3 -12 -3 -12 -3 -11 -3 -11 -4 -12 -1 -11 -2 -11 -3 -14 -5 -12 -3 -12 0 -11 -2 -10 -1 -11 -2 -10 -2 -11 -1 -10 -1 -11 -1 -9 1 -10 1 -8 1 -9 1 -9 2 -8 1 -10 3 -10 0 0 0 0 0 0 0 0 0 0 ]
CSI_DATA,AP,10:B4:1D:CC:60:E0,-84,11,1,0,1,1,1,0,0,0,0,-96,0,6,2,7351472,0,68,0,0,7.10386,384,[0 0 0 0 0 0 0 0 0 0 0 0 6 8 4 11 4 7 6 9 4 9 5 10 6 9 5 9 5 9 6 8 5 5 5 8 8 6 9 7 7 6 8 6 8 8 8 9 9 8 7 6 8 5 7 5 9 6 8 7 9 3 8 4 0 0 10 3 9 5 10 5 9 8 9 4 11 6 9 6 8 7 12 5 11 4 10 6 9 3 10 8 11 5 9 4 8 4 9 7 7 5 7 6 7 6 7 6 7 6 6 6 4 7 5 7 5 6 0 0 0 0 0 0 0 0 0 0 ]
CSI_DATA,AP,10:B4:1D:CC:60:E0,-82,11,1,0,1,1,1,0,0,0,0,-96,0,6,2,7351703,0,68,0,0,7.13336,384,[0 0 0 0 0 0 0 0 0 0 0 0 -9 7 -11 5 -9 8 -9 7 -10 7 -8 7 -10 8 -9 6 -10 6 -9 8 -9 7 -8 8 -7 8 -7 7 -8 9 -8 7 -8 10 -9 10 -6 8 -7 6 -7 9 -6 8 -7 9 -7 8 -6 11 -5 10 0 0 -9 9 -7 10 -8 9 -6 8 -9 9 -9 8 -6 8 -8 9 -7 8 -8 7 -8 7 -10 7 -9 6 -9 8 -10 6 -9 5 -9 5 -9 6 -9 3 -9 4 -8 4 -9 1 -9 2 -10 2 -10 0 -9 0 0 0 0 0 0 0 0 0 0 0 ]
CSI_DATA,AP,10:B4:1D:CC:60:E0,-83,11,1,0,1,1,1,0,0,0,0,-96,0,6,2,7351952,0,68,0,0,7.16972,384,[0 0 0 0 0 0 0 0 0 0 0 0 -12 -2 -10 0 -13 -2 -10 0 -12 2 -12 1 -11 1 -11 2 -11 -1 -11 1 -10 2 -10 2 -10 3 -10 2 -10 2 -11 2 -9 3 -12 3 -10 3 -11 3 -12 3 -12 2 -11 4 -10 4 -10 4 -11 4 0 0 -13 4 -11 2 -11 4 -12 3 -11 4 -11 3 -11 3 -13 2 -9 1 -10 0 -12 1 -11 0 -10 2 -11 2 -9 2 -11 1 -10 1 -10 -2 -9 0 -8 -1 -10 -2 -10 1 -9 0 -9 -1 -8 -3 -8 -2 0 0 0 0 0 0 0 0 0 0 ]
CSI_DATA,AP,10:B4:1D:CC:60:E0,-82,11,1,0,1,1,1,0,0,0,0,-96,0,6,2,7352300,0,68,0,0,7.20943,384,[0 0 0 0 0 0 0 0 0 0 0 0 -1 11 0 11 -1 9 0 11 -1 11 2 11 0 9 2 8 -1 9 1 10 1 9 2 8 1 9 3 6 2 10 5 9 5 10 3 10 6 9 4 10 4 9 3 10 3 9 4 8 4 8 4 9 0 0 5 9 6 7 6 10 5 9 5 9 5 9 4 11 5 8 6 10 6 9 4 10 4 9 3 7 4 10 3 9 1 10 3 7 1 7 1 10 2 8 1 9 0 8 2 8 -1 9 0 8 -1 7 0 0 0 0 0 0 0 0 0 0 ]
CSI_DATA,AP,10:B4:1D:CC:60:E0,-83,11,1,0,1,1,1,0,0,0,0,-96,0,6,2,7352567,0,68,0,0,7.24217,384,[0 0 0 0 0 0 0 0 0 0 0 0 -7 11 -7 10 -7 11 -7 8 -5 13 -5 10 -6 10 -5 11 -6 11 -4 12 -6 10 -5 9 -3 11 -5 11 -4 10 -4 11 -3 13 -3 10 -3 12 -2 10 -3 11 -3 9 -1 10 -3 10 -1 10 -1 10 0 0 -1 10 -2 12 -4 11 -1 13 -2 13 -3 12 -3 11 -3 12 -4 9 -6 9 -5 9 -6 11 -5 13 -5 11 -5 9 -4 10 -5 8 -4 9 -4 8 -5 9 -5 7 -8 8 -5 8 -5 7 -6 6 -6 6 0 0 0 0 0 0 0 0 0 0 ]
CSI_DATA,AP,10:B4:1D:CC:60:E0,-83,11,1,0,1,1,1,0,0,0,0,-96,0,6,2,7353391,0,68,0,0,7.28045,384,[0 0 0 0 0 0 0 0 0 0 0 0 -9 6 -7 8 -7 8 -7 9 -6 6 -6 8 -8 5 -7 9 -7 9 -9 8 -5 9 -5 10 -5 10 -5 9 -5 10 -5 9 -4 7 -3 9 -4 10 -5 9 -4 10 -5 9 -3 9 -5 12 -2 10 -3 11 0 0 -2 12 -4 11 -3 10 -2 9 -4 10 -3 11 -4 12 -5 10 -6 9 -6 10 -4 9 -4 9 -3 10 -3 10 -5 10 -4 9 -4 9 -5 8 -6 8 -6 8 -5 6 -5 6 -5 6 -6 8 -5 5 -7 6 0 0 0 0 0 0 0 0 0 0 ]
CSI_DATA,AP,10:B4:1D:CC:60:E0,-82,11,1,0,1,1,1,0,0,0,0,-96,0,6,2,7353739,0,68,0,0,7.31735,384,[0 0 0 0 0 0 0 0 0 0 0 0 6 11 6 10 6 10 6 10 7 10 6 9 6 8 7 8 7 9 6 7 6 10 7 6 8 7 9 5 8 6 7 8 8 6 9 6 10 6 11 6 9 6 8 6 8 5 8 5 9 5 10 7 0 0 10 5 9 8 11 7 10 6 8 5 8 7 8 7 8 9 8 6 5 5 7 8 7 9 8 7 7 9 6 9 7 7 7 6 6 8 6 7 6 8 5 8 4 8 3 8 3 8 3 8 3 7 0 0 0 0 0 0 0 0 0 0 ]
CSI_DATA,AP,10:B4:1D:CC:60:E0,-83,11,1,0,1,1,1,0,0,0,0,-96,0,6,2,7394205,0,68,0,0,7.34915,384,[0 0 0 0 0 0 0 0 0 0 0 0 7 -8 9 -6 8 -8 8 -7 6 -8 6 -7 8 -6 6 -8 6 -9 7 -7 7 -7 7 -7 7 -8 5 -8 5 -9 6 -10 7 -8 5 -10 6 -8 6 -9 4 -10 5 -9 5 -10 4 -10 5 -11 6 -9 0 0 6 -10 5 -12 4 -10 4 -9 6 -9 5 -10 4 -12 5 -10 5 -11 5 -12 6 -10 4 -10 6 -10 6 -8 4 -10 5 -9 6 -8 6 -7 5 -8 5 -7 5 -5 6 -7 6 -7 7 -6 6 -5 6 -5 0 0 0 0 0 0 0 0 0 0 ]
CSI_DATA,AP,10:B4:1D:CC:60:E0,-77,11,0,0,0,0,0,0,0,0,0,-96,0,6,2,7752433,0,66,0,0,7.46189,128,[0 0 0 0 0 0 0 0 0 0 0 0 9 -10 11 -10 9 -11 7 -10 9 -10 8 -11 8 -11 9 -11 7 -9 9 -11 7 -10 6 -11 7 -12 7 -12 6 -11 5 -12 4 -11 5 -13 5 -12 4 -12 4 -13 4 -12 6 -12 4 -13 3 -14 4 -15 0 0 3 -14 2 -14 4 -14 4 -15 5 -13 4 -14 5 -13 5 -13 6 -11 6 -13 5 -14 5 -12 7 -12 6 -12 6 -11 5 -11 4 -11 5 -10 6 -9 7 -10 5 -9 7 -10 6 -8 7 -8 6 -8 7 -7 0 0 0 0 0 0 0 0 0 0 ]
CSI_DATA,AP,10:B4:1D:CC:60:E0,-81,11,1,0,1,1,1,0,0,0,0,-96,0,6,2,11387763,0,68,0,0,11.0972,384,[0 0 0 0 0 0 0 0 0 0 0 0 -2 10 -1 12 0 10 1 11 -1 12 -1 11 0 11 -1 9 1 10 0 10 -2 11 0 10 1 8 1 10 3 9 1 10 2 9 2 9 2 11 2 8 3 9 3 9 4 9 3 11 4 10 4 10 0 0 5 9 3 11 3 9 5 10 3 10 2 9 4 10 2 10 4 12 7 10 2 7 2 11 1 9 1 9 0 10 0 9 1 10 -1 9 -2 8 0 8 1 9 0 9 0 7 -1 9 -2 7 -3 7 0 0 0 0 0 0 0 0 0 0 ]
CSI_DATA,AP,10:B4:1D:CC:60:E0,-82,11,1,0,1,1,1,0,0,0,0,-96,0,6,2,11397696,0,68,0,0,11.1222,384,[0 0 0 0 0 0 0 0 0 0 0 0 -9 -7 -8 -10 -8 -8 -9 -9 -8 -7 -8 -8 -11 -8 -10 -7 -11 -6 -8 -7 -10 -6 -10 -6 -11 -5 -9 -6 -11 -6 -10 -6 -10 -6 -10 -6 -11 -4 -11 -3 -11 -3 -10 -6 -11 -3 -10 -5 -12 -4 -13 -4 0 0 -11 -3 -12 -4 -13 -6 -11 -5 -12 -5 -13 -5 -11 -6 -11 -6 -11 -7 -12 -4 -10 -6 -10 -6 -9 -5 -9 -5 -9 -7 -11 -6 -9 -7 -8 -7 -8 -7 -7 -6 -7 -8 -8 -8 -7 -6 -5 -7 -5 -6 -6 -8 0 0 0 0 0 0 0 0 0 0 ]
CSI_DATA,AP,10:B4:1D:CC:60:E0,-76,11,0,0,0,0,0,0,0,0,0,-96,0,6,2,11409169,0,68,0,0,11.1647,128,[0 0 0 0 0 0 0 0 0 0 0 0 -9 -11 -9 -12 -10 -13 -8 -11 -9 -11 -10 -13 -10 -12 -7 -10 -9 -10 -9 -11 -11 -11 -10 -9 -10 -10 -11 -9 -10 -9 -12 -7 -11 -7 -11 -9 -11 -9 -12 -8 -12 -10 -11 -8 -12 -8 -13 -9 -12 -6 -13 -8 0 0 -12 -8 -14 -8 -14 -7 -13 -7 -13 -10 -13 -9 -13 -9 -11 -9 -12 -9 -13 -9 -12 -9 -11 -9 -11 -8 -9 -10 -10 -9 -10 -10 -9 -9 -8 -9 -8 -10 -8 -10 -7 -9 -6 -11 -7 -9 -7 -9 -4 -8 -4 -10 0 0 0 0 0 0 0 0 0 0 ]
CSI_DATA,AP,10:B4:1D:CC:60:E0,-81,11,1,0,1,1,1,0,0,0,0,-96,0,6,2,11417887,0,68,0,0,11.2093,384,[0 0 0 0 0 0 0 0 0 0 0 0 10 4 10 5 11 4 10 3 12 3 8 4 8 2 11 5 11 4 11 0 11 1 9 2 10 1 9 0 9 1 10 0 10 0 10 -1 10 -1 10 -1 11 -3 10 -2 12 -3 10 -1 11 -2 11 -2 0 0 9 -4 10 -5 12 -3 10 -4 12 -2 12 -3 11 -4 11 -3 14 -2 16 -2 11 -3 10 -3 11 -2 11 -2 11 -1 10 -2 9 -1 9 -1 8 0 9 -1 8 0 9 0 8 1 8 3 8 1 7 2 0 0 0 0 0 0 0 0 0 0 ]
CSI_DATA,AP,10:B4:1D:CC:60:E0,-81,11,1,0,1,1,1,0,0,0,0,-96,0,6,2,11427724,0,68,0,0,11.2457,384,[0 0 0 0 0 0 0 0 0 0 0 0 2 -13 1 -11 1 -10 -2 -10 -1 -10 1 -13 -2 -12 0 -11 -2 -11 -1 -11 -2 -9 -1 -10 0 -10 -2 -10 -1 -11 -3 -11 -2 -11 -2 -12 -3 -9 -3 -12 -4 -11 -4 -11 -4 -11 -3 -9 -6 -12 -4 -11 0 0 -4 -10 -4 -11 -3 -11 -2 -12 -3 -13 -4 -11 -2 -11 -3 -10 -5 -10 -3 -9 -3 -10 0 -11 -2 -10 0 -11 -1 -12 -1 -11 0 -10 1 -10 1 -8 0 -10 1 -10 0 -8 1 -9 2 -9 1 -7 3 -9 0 0 0 0 0 0 0 0 0 0 ]
CSI_DATA,AP,10:B4:1D:CC:60:E0,-82,11,1,0,1,1,1,0,0,0,0,-96,0,6,2,11437766,0,68,0,0,11.2876,384,[0 0 0 0 0 0 0 0 0 0 0 0 -8 -9 -8 -11 -8 -10 -7 -10 -8 -8 -7 -9 -8 -7 -7 -8 -7 -8 -9 -9 -10 -9 -8 -7 -9 -6 -8 -9 -9 -7 -10 -6 -9 -5 -12 -7 -9 -7 -11 -6 -10 -6 -13 -8 -12 -7 -12 -8 -9 -2 -11 -5 0 0 -13 -5 -14 -4 -11 -6 -11 -4 -11 -4 -12 -6 -11 -5 -13 -4 -11 -7 -12 -9 -12 -5 -11 -7 -12 -6 -8 -5 -11 -5 -10 -5 -9 -5 -9 -7 -8 -5 -8 -6 -9 -7 -9 -6 -7 -8 -7 -7 -7 -6 -7 -7 0 0 0 0 0 0 0 0 0 0 ]
CSI_DATA,AP,10:B4:1D:CC:60:E0,-82,11,1,0,1,1,1,0,0,0,0,-96,0,6,2,11447699,0,68,0,0,11.3298,384,[0 0 0 0 0 0 0 0 0 0 0 0 11 -1 11 0 11 0 12 -1 11 -2 12 -2 10 -1 10 -2 11 -2 11 -5 10 -3 10 -2 9 -2 12 -2 11 -4 9 -4 9 -4 9 -5 11 -5 8 -5 11 -7 11 -8 10 -4 9 -6 9 -6 11 -6 0 0 11 -7 12 -5 10 -7 9 -7 10 -7 12 -7 11 -5 11 -6 12 -4 12 -4 12 -5 11 -4 10 -4 11 -5 10 -2 10 -3 9 -2 10 -1 9 -2 10 -1 9 -3 9 -2 9 0 10 0 8 0 8 1 0 0 0 0 0 0 0 0 0 0 ]
CSI_DATA,AP,10:B4:1D:CC:60:E0,-82,11,1,0,1,1,1,0,0,0,0,-96,0,6,2,11457856,0,68,0,0,11.3678,384,[0 0 0 0 0 0 0 0 0 0 0 0 -13 0 -11 1 -13 1 -11 2 -9 1 -11 1 -12 3 -11 0 -10 1 -13 2 -8 1 -10 4 -10 3 -11 3 -9 5 -9 4 -9 4 -10 5 -8 5 -10 5 -8 6 -8 7 -9 4 -10 6 -9 8 -9 5 0 0 -8 7 -9 7 -9 7 -9 7 -8 8 -9 8 -8 7 -9 6 -11 5 -14 6 -10 5 -9 7 -10 6 -9 5 -9 5 -8 5 -8 4 -9 4 -9 4 -8 4 -9 4 -8 2 -7 1 -7 0 -8 2 -8 0 0 0 0 0 0 0 0 0 0 0 ]
CSI_DATA,AP,10:B4:1D:CC:60:E0,-82,11,1,0,1,1,1,0,0,0,0,-96,0,6,2,11467716,0,68,0,0,11.4047,384,[0 0 0 0 0 0 0 0 0 0 0 0 11 5 10 4 10 6 10 4 10 6 9 5 9 3 11 4 8 5 9 2 9 6 10 4 9 2 9 2 8 0 11 1 10 2 10 0 10 2 10 0 11 0 12 0 10 0 13 1 10 -2 11 1 0 0 12 1 11 0 11 0 11 1 11 0 11 -2 13 0 10 1 13 0 10 0 10 1 10 2 9 1 11 -1 10 2 10 2 10 2 9 2 10 2 8 2 9 2 8 3 8 4 6 5 6 4 7 3 0 0 0 0 0 0 0 0 0 0 ]
CSI_DATA,AP,10:B4:1D:CC:60:E0,-82,11,1,0,1,1,1,0,0,0,0,-96,0,6,2,11477792,0,68,0,0,11.4388,384,[0 0 0 0 0 0 0 0 0 0 0 0 9 -7 9 -6 8 -9 8 -8 7 -9 8 -7 9 -8 9 -9 8 -8 6 -8 6 -8 7 -8 6 -9 7 -9 7 -11 6 -9 5 -9 7 -10 4 -9 6 -9 6 -10 6 -11 5 -9 6 -12 5 -11 4 -11 0 0 5 -12 5 -11 6 -12 5 -12 4 -12 8 -11 5 -9 5 -12 5 -8 7 -7 7 -9 7 -9 5 -9 6 -10 6 -8 7 -8 8 -7 7 -7 6 -6 8 -6 7 -5 5 -6 6 -4 7 -6 7 -3 7 -4 0 0 0 0 0 0 0 0 0 0 ]
CSI_DATA,AP,10:B4:1D:CC:60:E0,-82,11,1,0,1,1,1,0,0,0,0,-96,0,6,2,11487715,0,68,0,0,11.4755,384,[0 0 0 0 0 0 0 0 0 0 0 0 -4 11 -3 9 -3 10 -2 10 -1 9 -2 9 -2 10 -2 10 -2 10 -1 9 1 9 1 9 0 11 0 10 2 8 1 9 1 10 3 9 3 10 3 7 2 10 3 9 3 9 4 10 5 9 2 10 0 0 4 10 4 11 5 11 3 11 3 12 3 10 2 9 1 10 3 9 2 11 1 9 3 11 1 10 2 9 2 12 1 10 1 8 0 9 0 9 1 8 1 9 -1 8 1 7 -1 7 -1 7 -2 5 0 0 0 0 0 0 0 0 0 0 ]
CSI_DATA,AP,10:B4:1D:CC:60:E0,-77,11,0,0,0,0,0,0,0,0,0,-96,0,6,2,13882386,0,66,0,0,13.5918,128,[0 0 0 0 0 0 0 0 0 0 0 0 14 -7 11 -8 11 -9 12 -9 11 -7 12 -6 11 -7 12 -7 11 -8 10 -6 10 -9 9 -8 9 -9 9 -9 9 -10 9 -11 9 -9 9 -9 9 -7 10 -10 11 -9 9 -9 10 -9 9 -12 8 -11 9 -12 0 0 9 -11 9 -12 9 -10 8 -11 10 -9 11 -11 11 -8 10 -9 11 -7 12 -10 12 -10 11 -7 10 -7 11 -7 10 -7 9 -7 9 -5 10 -5 10 -5 10 -4 9 -4 9 -3 9 -3 8 -2 8 -3 9 -1 0 0 0 0 0 0 0 0 0 0 ]
CSI_DATA,AP,10:B4:1D:CC:60:E0,-81,11,1,0,1,1,1,0,0,0,0,-96,0,6,2,17637790,0,68,0,0,17.3472,384,[0 0 0 0 0 0 0 0 0 0 0 0 -12 -4 -12 -3 -12 -2 -12 -1 -10 -1 -11 -1 -13 -1 -12 -2 -10 0 -10 -1 -11 0 -12 1 -13 2 -11 2 -10 0 -11 0 -11 0 -10 2 -12 0 -11 1 -10 2 -10 2 -12 2 -11 2 -11 1 -10 3 0 0 -13 3 -12 3 -13 2 -11 1 -11 1 -12 1 -13 2 -13 1 -11 1 -11 1 -12 0 -11 1 -12 -1 -11 0 -10 -2 -10 -3 -10 -3 -11 -2 -10 -3 -10 -2 -10 -4 -9 -4 -8 -2 -8 -2 -8 -4 -7 -4 0 0 0 0 0 0 0 0 0 0 ]
CSI_DATA,AP,10:B4:1D:CC:60:E0,-82,11,1,0,1,1,1,0,0,0,0,-96,0,6,2,17647695,0,68,0,0,17.3794,384,[0 0 0 0 0 0 0 0 0 0 0 0 -11 -6 -9 -7 -11 -7 -11 -4 -11 -6 -12 -5 -11 -7 -10 -6 -11 -3 -12 -4 -11 -3 -11 -2 -11 -3 -11 -4 -12 -2 -11 -3 -10 -2 -11 -3 -10 0 -11 0 -11 -1 -10 0 -11 0 -11 0 -11 1 -13 -1 0 0 -13 1 -12 1 -11 0 -9 0 -13 1 -13 0 -14 1 -14 1 -14 1 -12 1 -12 -1 -12 1 -12 0 -11 -2 -11 0 -12 -1 -11 1 -8 0 -11 -2 -10 0 -10 -2 -9 -2 -10 -2 -9 -4 -8 -1 -9 -3 0 0 0 0 0 0 0 0 0 0 ]
CSI_DATA,AP,10:B4:1D:CC:60:E0,-81,11,1,0,1,1,1,0,0,0,0,-96,0,6,2,17657773,0,68,0,0,17.4212,384,[0 0 0 0 0 0 0 0 0 0 0 0 8 9 8 8 6 9 9 7 8 8 6 7 8 8 7 8 6 9 7 7 8 4 8 6 7 7 8 6 8 6 7 6 8 8 8 5 9 5 9 5 8 6 10 5 10 5 9 6 8 4 11 5 0 0 10 7 10 5 12 4 11 6 10 5 12 7 10 8 10 7 9 5 9 3 8 6 9 7 9 7 9 6 8 6 8 7 7 8 5 6 6 8 3 7 6 8 4 9 4 7 4 8 4 8 2 7 0 0 0 0 0 0 0 0 0 0 ]
CSI_DATA,AP,10:B4:1D:CC:60:E0,-82,11,1,0,1,1,1,0,0,0,0,-96,0,6,2,17667651,0,68,0,0,17.453,384,[0 0 0 0 0 0 0 0 0 0 0 0 -7 11 -6 9 -6 9 -6 9 -5 8 -6 9 -4 9 -6 8 -6 10 -6 10 -3 9 -4 9 -3 9 -3 7 -3 10 -2 9 -4 9 -3 11 -3 10 -3 9 -2 9 -2 12 -3 10 -1 11 1 12 -2 11 0 0 -2 11 -2 11 -1 11 -3 12 -3 12 -3 13 -2 13 -2 10 -3 12 -2 12 -3 11 -3 10 -4 10 -2 9 -4 9 -5 8 -6 10 -5 9 -6 8 -6 8 -6 7 -5 9 -5 6 -6 6 -6 7 -5 4 0 0 0 0 0 0 0 0 0 0 ]
CSI_DATA,AP,10:B4:1D:CC:60:E0,-82,11,1,0,1,1,1,0,0,0,0,-96,0,6,2,17677695,0,68,0,0,17.4903,384,[0 0 0 0 0 0 0 0 0 0 0 0 10 -5 12 -4 10 -4 9 -7 9 -6 10 -6 10 -5 9 -6 9 -6 8 -7 7 -6 7 -7 8 -6 9 -6 9 -8 8 -8 8 -7 7 -9 7 -8 7 -7 8 -11 7 -9 7 -9 6 -10 7 -11 9 -9 0 0 8 -10 7 -10 9 -10 7 -9 7 -10 8 -8 8 -10 9 -10 9 -8 7 -8 8 -7 7 -6 8 -9 8 -7 8 -6 9 -6 7 -7 8 -6 8 -5 7 -6 7 -5 9 -3 9 -4 8 -4 8 -2 8 -3 0 0 0 0 0 0 0 0 0 0 ]
CSI_DATA,AP,10:B4:1D:CC:60:E0,-81,11,1,0,1,1,1,0,0,0,0,-96,0,6,2,17687616,0,68,0,0,17.5268,384,[0 0 0 0 0 0 0 0 0 0 0 0 11 -6 11 -4 11 -6 8 -6 10 -4 8 -6 10 -5 11 -5 10 -6 10 -5 6 -5 9 -6 6 -7 7 -8 9 -7 8 -8 8 -6 5 -7 10 -6 8 -10 6 -7 6 -8 7 -9 6 -11 7 -8 7 -9 0 0 8 -8 8 -10 7 -10 8 -8 8 -8 8 -8 8 -9 8 -9 10 -7 9 -10 9 -7 7 -7 9 -6 8 -6 8 -6 8 -6 9 -7 10 -5 9 -6 7 -6 7 -4 8 -4 9 -3 8 -2 9 -3 7 -1 0 0 0 0 0 0 0 0 0 0 ]
CSI_DATA,AP,10:B4:1D:CC:60:E0,-81,11,1,0,1,1,1,0,0,0,0,-96,0,6,2,17697666,0,68,0,0,17.5635,384,[0 0 0 0 0 0 0 0 0 0 0 0 -9 -8 -9 -6 -10 -7 -12 -6 -9 -6 -10 -7 -11 -7 -11 -7 -11 -7 -11 -7 -10 -5 -11 -5 -10 -4 -11 -4 -12 -5 -12 -3 -11 -4 -11 -4 -12 -2 -11 -3 -11 -4 -11 -3 -11 -4 -12 -3 -12 -1 -13 -3 0 0 -11 -3 -12 -2 -13 -1 -11 -3 -12 -3 -12 -4 -13 -5 -11 -4 -12 -5 -10 -2 -11 -2 -9 -4 -10 -5 -11 -4 -11 -5 -10 -5 -9 -7 -8 -7 -9 -6 -9 -5 -8 -6 -8 -6 -7 -7 -8 -7 -7 -7 -5 -8 0 0 0 0 0 0 0 0 0 0 ]
CSI_DATA,AP,10:B4:1D:CC:60:E0,-82,11,1,0,1,1,1,0,0,0,0,-96,0,6,2,17707824,0,68,0,0,17.6067,384,[0 0 0 0 0 0 0 0 0 0 0 0 2 -12 2 -12 1 -10 2 -12 -2 -11 1 -11 1 -11 3 -10 0 -11 1 -11 1 -11 -1 -11 -1 -10 -1 -10 -2 -11 -1 -10 -2 -9 -3 -10 -1 -10 -1 -10 -2 -11 -2 -10 -3 -12 -3 -10 -2 -12 -1 -10 0 0 -2 -11 -4 -13 -2 -12 -3 -11 -1 -11 -2 -12 -1 -12 0 -11 -1 -13 -3 -12 0 -12 0 -9 2 -11 -1 -10 0 -11 0 -10 3 -9 0 -9 -1 -8 1 -10 2 -8 3 -9 2 -9 2 -9 2 -8 2 -7 0 0 0 0 0 0 0 0 0 0 ]
CSI_DATA,AP,10:B4:1D:CC:60:E0,-82,11,1,0,1,1,1,0,0,0,0,-96,0,6,2,17717748,0,68,0,0,17.6479,384,[0 0 0 0 0 0 0 0 0 0 0 0 3 -14 2 -12 2 -12 1 -12 1 -10 2 -12 2 -11 1 -11 -2 -11 0 -12 -1 -9 -2 -11 -1 -12 0 -11 -2 -12 -2 -10 -3 -12 0 -12 -2 -12 -2 -10 -3 -9 -3 -9 -2 -13 -2 -9 -3 -11 -4 -10 0 0 -2 -12 -3 -13 -3 -11 -4 -12 -3 -11 -2 -12 -3 -11 -1 -12 -1 -13 -1 -15 -2 -13 -2 -14 -1 -12 -2 -11 0 -11 1 -11 1 -10 0 -10 0 -10 1 -9 1 -8 2 -9 1 -9 3 -9 2 -9 3 -8 0 0 0 0 0 0 0 0 0 0 ]
CSI_DATA,AP,10:B4:1D:CC:60:E0,-81,11,1,0,1,1,1,0,0,0,0,-96,0,6,2,17727690,0,68,0,0,17.6893,384,[0 0 0 0 0 0 0 0 0 0 0 0 2 -11 1 -11 1 -9 2 -10 1 -11 1 -10 0 -11 1 -11 -1 -11 1 -10 -1 -11 -3 -10 -2 -10 -1 -11 -1 -11 -2 -11 -2 -11 -2 -10 -3 -11 -2 -11 -4 -9 -2 -10 -4 -9 -3 -9 -5 -11 -4 -9 0 0 -6 -11 -4 -11 -5 -11 -4 -10 -4 -13 -4 -12 -3 -11 -2 -11 -3 -9 -3 -10 -4 -11 -3 -11 -2 -10 -2 -10 -3 -9 0 -10 -3 -11 -2 -9 0 -9 -1 -8 -1 -10 0 -9 0 -9 0 -8 0 -8 0 -8 0 0 0 0 0 0 0 0 0 0 ]
CSI_DATA,AP,10:B4:1D:CC:60:E0,-82,11,1,0,1,1,1,0,0,0,0,-96,0,6,2,17737722,0,68,0,0,17.731,384,[0 0 0 0 0 0 0 0 0 0 0 0 -10 7 -7 6 -8 6 -9 4 -9 7 -8 7 -9 6 -9 8 -9 6 -7 8 -7 7 -7 9 -7 9 -6 9 -6 10 -5 7 -6 8 -6 8 -5 8 -7 9 -7 8 -7 7 -6 9 -5 10 -5 11 -5 10 0 0 -5 10 -5 11 -7 10 -6 10 -6 10 -6 11 -5 9 -5 11 -7 8 -7 7 -7 10 -8 9 -5 8 -7 9 -7 7 -6 8 -6 7 -7 6 -7 6 -8 4 -6 6 -7 5 -7 5 -7 4 -7 5 -7 4 0 0 0 0 0 0 0 0 0 0 ]
CSI_DATA,AP,10:B4:1D:CC:60:E0,-82,11,1,0,1,1,1,0,0,0,0,-96,0,6,2,17747727,0,68,0,0,17.7673,384,[0 0 0 0 0 0 0 0 0 0 0 0 8 7 7 7 8 7 7 5 8 6 7 6 9 6 8 6 7 5 10 6 9 5 7 4 7 5 9 3 8 4 10 4 8 3 10 3 11 1 10 2 9 1 11 2 10 1 9 2 10 2 9 3 0 0 9 1 10 2 11 1 10 2 10 1 11 2 11 2 8 2 11 2 13 1 9 3 11 3 10 3 9 4 10 3 8 3 7 5 7 3 8 5 7 5 7 4 7 3 7 4 6 4 6 5 6 6 0 0 0 0 0 0 0 0 0 0 ]
CSI_DATA,AP,10:B4:1D:CC:60:E0,-82,11,1,0,1,1,1,0,0,0,0,-96,0,6,2,23877811,0,68,0,0,23.5872,384,[0 0 0 0 0 0 0 0 0 0 0 0 -2 11 -3 9 -2 9 -2 10 -1 10 -1 11 -1 10 -2 10 0 11 -2 10 -2 10 0 10 1 10 -1 11 1 10 1 10 0 10 0 11 1 9 2 10 2 9 3 11 2 10 1 8 3 10 4 9 0 0 3 9 2 9 3 10 4 10 3 9 2 12 3 10 2 10 1 12 -1 13 2 10 2 10 3 11 0 9 1 11 0 9 1 10 0 9 1 9 1 9 -1 10 -1 9 -1 9 -2 8 -2 8 -3 9 0 0 0 0 0 0 0 0 0 0 ]
CSI_DATA,AP,10:B4:1D:CC:60:E0,-82,11,1,0,1,1,1,0,0,0,0,-96,0,6,2,23887708,0,68,0,0,23.6133,384,[0 0 0 0 0 0 0 0 0 0 0 0 -7 9 -6 9 -6 11 -6 9 -6 9 -5 10 -3 10 -6 11 -6 10 -3 13 -5 9 -3 11 -3 11 -3 10 -4 11 -4 11 -3 11 -1 12 0 11 -1 12 -3 12 -1 10 -1 11 0 14 0 11 0 11 0 0 0 13 0 13 0 13 -1 12 1 13 -2 11 1 11 -1 12 -2 10 -2 8 0 10 -2 11 -1 12 -3 10 -2 10 -2 10 -2 11 -4 9 -4 11 -5 9 -2 9 -4 9 -4 9 -4 8 -4 7 -5 8 0 0 0 0 0 0 0 0 0 0 ]
CSI_DATA,AP,10:B4:1D:CC:60:E0,-82,11,1,0,1,1,1,0,0,0,0,-96,0,6,2,23897740,0,68,0,0,23.6511,384,[0 0 0 0 0 0 0 0 0 0 0 0 8 -10 8 -9 6 -8 7 -10 7 -8 6 -10 6 -10 6 -11 7 -10 4 -8 3 -10 3 -10 3 -8 4 -10 3 -11 4 -9 4 -11 3 -11 2 -11 1 -11 2 -12 3 -10 3 -10 3 -9 1 -12 1 -13 0 0 1 -13 1 -14 3 -11 1 -12 2 -12 3 -12 3 -12 3 -14 5 -11 6 -11 4 -10 3 -11 2 -12 4 -11 5 -11 4 -10 3 -9 2 -8 3 -7 3 -9 4 -7 3 -7 3 -7 4 -5 5 -7 6 -7 0 0 0 0 0 0 0 0 0 0 ]
CSI_DATA,AP,10:B4:1D:CC:60:E0,-82,11,1,0,1,1,1,0,0,0,0,-96,0,6,2,23907754,0,68,0,0,23.6894,384,[0 0 0 0 0 0 0 0 0 0 0 0 -12 4 -9 3 -11 6 -10 4 -10 5 -11 3 -9 5 -8 3 -9 6 -9 6 -8 4 -8 4 -8 6 -8 6 -8 7 -8 7 -8 7 -6 8 -6 7 -8 8 -6 7 -7 9 -9 9 -7 7 -6 8 -7 7 0 0 -9 8 -6 8 -7 6 -6 9 -6 7 -8 8 -8 8 -8 9 -9 7 -10 8 -7 6 -9 7 -8 6 -9 7 -7 8 -7 5 -10 6 -9 3 -8 4 -8 4 -6 5 -7 5 -10 4 -7 3 -9 2 -9 2 0 0 0 0 0 0 0 0 0 0 ]
CSI_DATA,AP,10:B4:1D:CC:60:E0,-81,11,1,0,1,1,1,0,0,0,0,-96,0,6,2,23917759,0,68,0,0,23.7254,384,[0 0 0 0 0 0 0 0 0 0 0 0 9 4 10 5 9 4 8 4 9 4 9 4 10 5 10 4 11 4 10 3 11 4 10 3 11 3 9 3 9 1 10 2 10 0 10 0 10 -1 9 -1 10 -1 10 -1 11 -1 9 0 10 -1 9 -1 0 0 8 -2 11 -3 11 -2 9 -1 12 -2 11 -1 11 -1 11 -1 13 -3 11 -3 12 -1 11 -1 10 -1 9 0 10 0 10 1 9 -1 9 0 8 2 9 1 10 1 8 1 8 2 9 2 8 4 7 3 0 0 0 0 0 0 0 0 0 0 ]
CSI_DATA,AP,10:B4:1D:CC:60:E0,-82,11,1,0,1,1,1,0,0,0,0,-96,0,6,2,23927751,0,68,0,0,23.7607,384,[0 0 0 0 0 0 0 0 0 0 0 0 5 -11 4 -14 4 -9 4 -11 4 -10 5 -11 4 -12 5 -11 4 -11 2 -11 2 -11 2 -11 1 -10 4 -13 3 -10 3 -11 3 -10 2 -11 3 -12 1 -11 2 -13 0 -11 1 -11 0 -10 1 -12 2 -12 0 0 3 -12 3 -12 1 -13 2 -11 0 -12 5 -13 3 -11 3 -11 1 -11 3 -12 2 -11 5 -10 6 -9 3 -11 4 -10 5 -11 4 -10 4 -8 6 -9 6 -9 4 -8 6 -7 6 -7 6 -8 5 -7 6 -8 0 0 0 0 0 0 0 0 0 0 ]
CSI_DATA,AP,10:B4:1D:CC:60:E0,-82,11,1,0,1,1,1,0,0,0,0,-96,0,6,2,23937693,0,68,0,0,23.7996,384,[0 0 0 0 0 0 0 0 0 0 0 0 -10 -6 -10 -6 -9 -7 -11 -5 -11 -5 -9 -6 -10 -6 -10 -5 -9 -4 -10 -5 -12 -6 -11 -6 -8 -3 -10 -3 -12 -3 -11 -3 -11 -5 -13 -4 -10 -2 -12 -1 -12 -3 -11 -1 -11 -1 -10 0 -10 -2 -12 0 0 0 -11 -1 -12 0 -10 -1 -13 -1 -11 -1 -14 -2 -12 0 -12 -1 -13 -3 -14 -3 -12 -2 -12 0 -12 -2 -11 -3 -11 -2 -10 -4 -11 -3 -11 -4 -11 -2 -8 -3 -10 -4 -9 -4 -10 -5 -7 -4 -9 -5 -8 -7 0 0 0 0 0 0 0 0 0 0 ]
CSI_DATA,AP,10:B4:1D:CC:60:E0,-82,11,1,0,1,1,1,0,0,0,0,-96,0,6,2,23947833,0,68,0,0,23.8427,384,[0 0 0 0 0 0 0 0 0 0 0 0 0 -12 0 -11 0 -12 -2 -10 -1 -10 -2 -11 -1 -10 -3 -12 0 -11 -1 -10 0 -13 -1 -10 -2 -11 -3 -11 -2 -12 -3 -10 -2 -10 -5 -12 -4 -11 -3 -9 -4 -11 -6 -11 -5 -12 -4 -11 -6 -10 -4 -11 0 0 -3 -10 -6 -13 -4 -10 -5 -10 -4 -12 -6 -12 -6 -13 -4 -13 -1 -10 -2 -12 -3 -11 -4 -12 -2 -11 -4 -12 -2 -11 -1 -11 -3 -11 -2 -10 -1 -11 -1 -9 -1 -9 0 -11 -1 -9 0 -9 0 -7 1 -7 0 0 0 0 0 0 0 0 0 0 ]
CSI_DATA,AP,10:B4:1D:CC:60:E0,-81,11,1,0,1,1,1,0,0,0,0,-96,0,6,2,23957703,0,68,0,0,23.8857,384,[0 0 0 0 0 0 0 0 0 0 0 0 6 -11 6 -8 7 -8 6 -9 5 -9 4 -9 5 -8 6 -8 5 -8 3 -10 3 -9 3 -10 3 -10 3 -9 3 -10 2 -8 3 -10 2 -12 2 -12 3 -9 2 -10 2 -11 2 -10 0 -12 2 -9 1 -11 0 0 2 -11 1 -11 3 -12 1 -11 3 -12 3 -12 0 -11 3 -11 2 -9 3 -9 3 -9 4 -9 3 -10 3 -11 4 -9 4 -10 3 -10 3 -9 4 -8 3 -8 4 -8 4 -8 3 -7 5 -6 4 -7 6 -6 0 0 0 0 0 0 0 0 0 0 ]
CSI_DATA,AP,10:B4:1D:CC:60:E0,-82,11,1,0,1,1,1,0,0,0,0,-96,0,6,2,23967687,0,68,0,0,23.9232,384,[0 0 0 0 0 0 0 0 0 0 0 0 -11 -2 -10 -1 -12 -1 -12 -1 -11 0 -11 0 -12 0 -11 0 -10 1 -11 2 -11 1 -10 1 -11 1 -10 2 -10 2 -9 3 -8 2 -10 5 -10 5 -9 3 -10 4 -11 6 -10 4 -10 6 -10 4 -11 4 0 0 -9 6 -11 6 -10 5 -10 4 -11 6 -10 5 -11 6 -10 7 -10 4 -12 2 -10 2 -10 4 -11 5 -11 2 -9 3 -9 4 -9 3 -11 2 -9 4 -10 4 -10 2 -9 3 -9 2 -9 1 -8 1 -9 0 0 0 0 0 0 0 0 0 0 0 ]
CSI_DATA,AP,10:B4:1D:CC:60:E0,-81,11,1,0,1,1,1,0,0,0,0,-96,0,6,2,23977646,0,68,0,0,23.9622,384,[0 0 0 0 0 0 0 0 0 0 0 0 -7 9 -7 8 -7 10 -5 9 -6 8 -6 8 -5 9 -5 7 -6 7 -6 11 -5 7 -6 7 -5 8 -4 9 -3 10 -4 9 -4 10 -4 9 -4 10 -3 9 -4 9 -2 9 -5 9 -3 10 -3 9 -2 11 0 0 -4 9 -3 10 -4 10 -2 11 -4 10 -2 9 -3 11 -4 11 -4 13 -3 10 -6 10 -4 8 -5 11 -4 9 -6 8 -4 7 -6 8 -8 7 -6 6 -5 7 -6 6 -7 7 -7 6 -7 5 -8 5 -7 3 0 0 0 0 0 0 0 0 0 0 ]
CSI_DATA,AP,10:B4:1D:CC:60:E0,-82,11,1,0,1,1,1,0,0,0,0,-96,0,6,2,23987697,0,68,0,0,23.999,384,[0 0 0 0 0 0 0 0 0 0 0 0 -1 -12 0 -10 1 -11 -1 -12 -2 -12 0 -9 0 -11 -3 -9 -2 -10 -1 -12 -1 -12 -2 -9 -2 -11 -3 -10 -3 -9 -3 -9 -3 -9 -4 -11 -5 -10 -5 -10 -5 -11 -4 -9 -5 -11 -5 -11 -7 -12 -4 -10 0 0 -5 -10 -6 -8 -7 -10 -6 -11 -7 -11 -4 -9 -6 -11 -5 -11 -6 -9 -7 -8 -5 -8 -5 -11 -6 -9 -4 -10 -4 -9 -4 -10 -4 -11 -3 -9 -3 -9 -3 -10 -2 -10 -3 -9 -3 -8 -2 -8 -3 -9 0 -8 0 0 0 0 0 0 0 0 0 0 ]
CSI_DATA,AP,10:B4:1D:CC:60:E0,-82,11,1,0,1,1,1,0,0,0,0,-96,0,6,2,30117707,0,68,0,0,29.8271,384,[0 0 0 0 0 0 0 0 0 0 0 0 12 4 11 2 11 1 10 1 11 1 12 1 9 1 9 1 11 1 12 1 9 1 8 0 11 -1 10 -1 10 -1 9 -3 10 -1 10 -1 10 -2 9 -1 11 -2 11 -4 11 -3 11 -4 11 -4 11 -3 0 0 12 -4 12 -4 8 -3 12 -3 12 -4 13 -5 11 -4 15 -4 12 0 13 1 12 -2 12 -2 11 -2 11 -2 12 0 11 -1 11 0 10 -1 9 -1 9 1 8 1 9 1 9 1 8 2 7 3 9 2 0 0 0 0 0 0 0 0 0 0 ]
CSI_DATA,AP,10:B4:1D:CC:60:E0,-82,11,1,0,1,1,1,0,0,0,0,-96,0,6,2,30127694,0,68,0,0,29.8545,384,[0 0 0 0 0 0 0 0 0 0 0 0 -11 -5 -10 -6 -12 -6 -10 -5 -10 -5 -12 -5 -11 -4 -10 -3 -12 -4 -12 -4 -12 -4 -9 -3 -10 -3 -11 -2 -10 -1 -11 -1 -11 -1 -10 -1 -10 0 -11 0 -11 2 -11 2 -11 -1 -10 1 -11 1 -11 0 0 0 -10 1 -11 3 -12 1 -13 1 -12 2 -11 4 -13 0 -12 2 -13 1 -15 0 -11 1 -11 0 -10 0 -11 1 -12 0 -8 1 -11 -1 -10 -1 -10 -1 -9 -2 -11 -3 -10 -2 -9 -2 -9 -3 -8 -3 -8 -3 0 0 0 0 0 0 0 0 0 0 ]
CSI_DATA,AP,10:B4:1D:CC:60:E0,-81,11,1,0,1,1,1,0,0,0,0,-96,0,6,2,30137606,0,68,0,0,29.8962,384,[0 0 0 0 0 0 0 0 0 0 0 0 -12 2 -13 2 -10 4 -12 5 -12 3 -12 3 -10 3 -12 4 -10 4 -11 5 -10 6 -9 3 -11 5 -9 7 -9 7 -10 6 -10 5 -9 7 -10 4 -7 4 -10 8 -8 5 -10 7 -8 8 -9 8 -10 8 0 0 -9 8 -9 8 -10 10 -9 9 -9 8 -10 9 -10 5 -11 9 -8 6 -8 5 -9 7 -10 6 -10 6 -10 7 -10 6 -11 5 -10 5 -10 4 -10 6 -9 4 -9 4 -10 2 -10 3 -8 4 -9 3 -9 0 0 0 0 0 0 0 0 0 0 0 ]
CSI_DATA,AP,10:B4:1D:CC:60:E0,-82,11,1,0,1,1,1,0,0,0,0,-96,0,6,2,30147659,0,68,0,0,29.9344,384,[0 0 0 0 0 0 0 0 0 0 0 0 -2 -12 -2 -12 -1 -12 -2 -12 -3 -12 -1 -14 -2 -11 -4 -11 -3 -13 -5 -11 -3 -11 -4 -10 -5 -9 -5 -9 -3 -11 -6 -11 -4 -11 -4 -10 -5 -9 -6 -10 -5 -11 -6 -8 -7 -9 -6 -10 -8 -10 -7 -11 0 0 -7 -10 -6 -9 -7 -11 -6 -10 -5 -11 -4 -10 -6 -11 -7 -10 -6 -9 -6 -9 -5 -10 -6 -10 -6 -10 -6 -9 -3 -11 -5 -9 -4 -10 -3 -10 -3 -9 -1 -10 -1 -10 -2 -9 -2 -8 -2 -9 -2 -8 -1 -7 0 0 0 0 0 0 0 0 0 0 ]
CSI_DATA,AP,10:B4:1D:CC:60:E0,-81,11,1,0,1,1,1,0,0,0,0,-96,0,6,2,30157691,0,68,0,0,29.9774,384,[0 0 0 0 0 0 0 0 0 0 0 0 7 7 6 8 7 8 9 7 8 5 8 9 8 5 9 8 7 6 8 7 8 6 8 7 7 6 10 5 9 6 9 5 8 5 8 4 9 4 11 3 10 5 10 3 8 4 8 3 8 4 10 3 0 0 9 5 11 3 11 5 10 3 10 4 10 4 9 4 9 5 9 4 7 4 8 4 10 5 9 5 9 6 8 8 7 5 6 5 7 6 5 6 6 6 4 5 4 6 5 6 4 6 4 6 4 7 0 0 0 0 0 0 0 0 0 0 ]
CSI_DATA,AP,10:B4:1D:CC:60:E0,-81,11,1,0,1,1,1,0,0,0,0,-96,0,6,2,30167615,0,68,0,0,30.0092,384,[0 0 0 0 0 0 0 0 0 0 0 0 5 -10 7 -9 7 -8 7 -9 5 -10 6 -8 6 -11 6 -10 5 -10 4 -12 3 -10 5 -10 3 -10 4 -9 3 -9 3 -10 2 -10 3 -9 2 -10 2 -10 2 -11 1 -10 0 -12 2 -12 1 -12 1 -12 0 0 4 -10 2 -11 2 -11 1 -13 2 -14 2 -11 2 -12 3 -12 3 -10 4 -12 5 -12 4 -12 3 -12 3 -9 3 -9 3 -11 4 -9 5 -9 5 -9 4 -9 4 -9 3 -8 4 -8 5 -7 6 -8 7 -7 0 0 0 0 0 0 0 0 0 0 ]
CSI_DATA,AP,10:B4:1D:CC:60:E0,-83,11,1,0,1,1,1,0,0,0,0,-96,0,6,2,30177673,0,68,0,0,30.0474,384,[0 0 0 0 0 0 0 0 0 0 0 0 5 9 4 10 7 8 9 6 8 8 6 7 6 8 7 7 7 7 8 7 10 7 7 7 5 5 7 7 9 5 7 5 9 6 9 5 9 7 8 6 10 5 9 5 10 4 10 6 10 5 10 6 0 0 9 4 11 3 9 4 9 6 10 5 11 4 11 6 11 6 8 6 8 7 9 7 7 7 8 6 9 8 8 4 8 7 7 5 7 5 6 5 5 6 7 6 7 7 5 6 6 8 4 7 3 9 0 0 0 0 0 0 0 0 0 0 ]
CSI_DATA,AP,10:B4:1D:CC:60:E0,-83,11,1,0,1,1,1,0,0,0,0,-96,0,6,2,30187669,0,68,0,0,30.0792,384,[0 0 0 0 0 0 0 0 0 0 0 0 -12 -5 -12 -6 -14 -5 -11 -5 -11 -4 -14 -4 -12 -3 -12 -2 -11 -4 -12 -4 -12 -5 -12 -2 -12 -1 -13 -1 -13 -1 -12 -2 -11 0 -11 1 -12 0 -9 1 -13 3 -12 0 -13 1 -13 1 -12 1 -13 1 0 0 -12 3 -12 4 -14 1 -14 1 -11 2 -13 2 -13 1 -14 2 -12 0 -13 -1 -13 3 -13 2 -11 -2 -12 1 -13 -1 -13 0 -10 -1 -11 0 -10 -1 -11 0 -11 0 -10 -1 -10 0 -11 -4 -10 -2 -8 -2 0 0 0 0 0 0 0 0 0 0 ]
CSI_DATA,AP,10:B4:1D:CC:60:E0,-81,11,1,0,1,1,1,0,0,0,0,-96,0,6,2,30197818,0,68,0,0,30.121,384,[0 0 0 0 0 0 0 0 0 0 0 0 -9 -7 -8 -9 -9 -6 -9 -9 -11 -6 -10 -7 -9 -8 -10 -6 -9 -5 -10 -6 -10 -4 -9 -6 -10 -4 -10 -5 -10 -4 -10 -4 -11 -5 -10 -6 -12 -4 -11 -5 -9 -4 -12 -4 -11 -2 -12 -5 -12 -4 -10 -4 0 0 -12 -4 -13 -3 -12 -4 -10 -5 -11 -5 -10 -4 -12 -5 -10 -5 -9 -2 -10 -4 -10 -5 -13 -5 -10 -5 -11 -6 -10 -7 -10 -5 -9 -7 -9 -6 -9 -5 -7 -7 -9 -8 -8 -7 -7 -5 -8 -6 -7 -6 -6 -5 0 0 0 0 0 0 0 0 0 0 ]
CSI_DATA,AP,10:B4:1D:CC:60:E0,-81,11,1,0,1,1,1,0,0,0,0,-96,0,6,2,30207634,0,68,0,0,30.1637,384,[0 0 0 0 0 0 0 0 0 0 0 0 -3 -11 -4 -11 -3 -11 -4 -10 -5 -12 -4 -12 -5 -13 -4 -10 -4 -9 -4 -9 -4 -11 -4 -11 -6 -10 -5 -11 -5 -11 -8 -9 -6 -7 -6 -9 -8 -9 -7 -8 -5 -11 -6 -10 -6 -11 -8 -9 -9 -9 -7 -10 0 0 -6 -12 -7 -10 -8 -9 -7 -11 -6 -10 -6 -10 -5 -11 -5 -11 -6 -10 -5 -10 -5 -11 -4 -12 -4 -9 -4 -9 -4 -11 -3 -8 -3 -10 -2 -9 -1 -9 -1 -9 -1 -9 -2 -10 0 -9 0 -8 0 -9 1 -9 0 0 0 0 0 0 0 0 0 0 ]
CSI_DATA,AP,10:B4:1D:CC:60:E0,-82,11,1,0,1,1,1,0,0,0,0,-96,0,6,2,30217621,0,68,0,0,30.2059,384,[0 0 0 0 0 0 0 0 0 0 0 0 1 10 2 10 3 10 4 9 5 10 3 9 2 10 2 11 1 11 3 9 3 7 3 8 3 9 3 9 4 10 4 7 5 8 4 9 3 8 5 9 4 10 4 9 5 9 7 9 6 6 7 8 0 0 5 11 7 11 5 11 4 10 5 11 5 10 5 11 4 10 3 8 2 9 2 10 2 9 2 9 2 10 1 9 0 8 2 11 1 9 0 9 -1 10 -1 8 0 9 0 8 -2 9 -2 8 -2 7 0 0 0 0 0 0 0 0 0 0 ]
CSI_DATA,AP,10:B4:1D:CC:60:E0,-82,11,1,0,1,1,1,0,0,0,0,-96,0,6,2,30227662,0,68,0,0,30.2389,384,[0 0 0 0 0 0 0 0 0 0 0 0 -12 -2 -13 -3 -10 -1 -13 0 -12 0 -10 -1 -12 1 -11 -1 -12 0 -10 0 -10 -1 -10 0 -11 1 -10 1 -11 0 -11 1 -11 2 -9 2 -12 1 -11 2 -12 2 -12 2 -12 2 -11 1 -11 4 -11 1 0 0 -11 2 -11 3 -13 2 -12 2 -12 3 -12 2 -12 2 -12 1 -12 3 -14 2 -11 1 -11 1 -12 1 -11 2 -10 -1 -11 0 -10 -1 -11 -1 -11 -3 -10 -1 -9 -2 -9 -1 -10 -2 -9 -3 -9 -3 -8 -2 0 0 0 0 0 0 0 0 0 0 ]
CSI_DATA,AP,10:B4:1D:CC:60:E0,-81,11,1,0,1,1,1,0,0,0,0,-96,0,6,2,36357823,0,68,0,0,36.0672,384,[0 0 0 0 0 0 0 0 0 0 0 0 11 -1 11 -1 12 -1 12 -2 12 -1 12 -1 11 -2 12 -1 9 -2 10 -1 12 -2 10 -2 11 -2 10 -5 11 -2 9 -2 11 -3 11 -4 10 -5 9 -4 11 -6 9 -6 11 -4 10 -6 10 -5 12 -5 0 0 9 -2 12 -5 9 -6 10 -5 10 -6 12 -6 12 -5 12 -4 10 -4 8 -4 12 -2 11 -2 12 -3 11 -2 10 -4 11 -2 11 -2 10 0 10 0 10 -1 10 0 9 1 10 -1 9 -1 9 0 8 1 0 0 0 0 0 0 0 0 0 0 ]
CSI_DATA,AP,10:B4:1D:CC:60:E0,-82,11,1,0,1,1,1,0,0,0,0,-96,0,6,2,36367679,0,68,0,0,36.0965,384,[0 0 0 0 0 0 0 0 0 0 0 0 5 -11 6 -10 6 -11 3 -10 4 -11 4 -11 4 -11 2 -11 3 -11 4 -11 2 -13 3 -11 1 -11 0 -12 3 -11 0 -11 1 -12 0 -11 1 -11 0 -13 -1 -13 -1 -11 0 -11 -1 -12 1 -13 0 -11 0 0 -1 -11 1 -12 0 -12 -1 -12 1 -12 -1 -13 1 -14 -2 -12 1 -13 -1 -14 -1 -11 2 -11 0 -12 2 -13 2 -12 2 -11 2 -10 2 -11 5 -10 3 -8 2 -10 2 -9 3 -8 4 -9 3 -8 4 -8 0 0 0 0 0 0 0 0 0 0 ]
CSI_DATA,AP,10:B4:1D:CC:60:E0,-81,11,1,0,1,1,1,0,0,0,0,-96,0,6,2,36377629,0,68,0,0,36.1365,384,[0 0 0 0 0 0 0 0 0 0 0 0 -11 5 -13 5 -11 5 -10 6 -13 7 -11 4 -11 4 -9 4 -9 5 -9 6 -11 8 -9 5 -9 6 -9 7 -9 8 -7 6 -9 7 -10 8 -7 7 -7 7 -6 8 -7 8 -7 9 -6 11 -6 9 -9 9 0 0 -8 10 -7 11 -7 9 -8 10 -6 11 -7 11 -8 9 -7 9 -6 11 -7 11 -7 10 -8 8 -9 9 -6 7 -6 9 -8 7 -7 8 -8 7 -8 6 -7 7 -7 7 -7 6 -8 5 -9 5 -8 4 -8 5 0 0 0 0 0 0 0 0 0 0 ]
CSI_DATA,AP,10:B4:1D:CC:60:E0,-82,11,1,0,1,1,1,0,0,0,0,-96,0,6,2,36387964,0,68,0,0,36.1735,384,[0 0 0 0 0 0 0 0 0 0 0 0 -10 -4 -10 -5 -11 -5 -12 -2 -12 -4 -11 -5 -12 -2 -12 -5 -11 -2 -11 -3 -11 -2 -11 -2 -12 0 -12 -2 -12 0 -13 0 -11 -1 -12 0 -9 0 -13 0 -12 1 -12 2 -12 1 -11 0 -14 3 -11 0 0 0 -11 2 -12 3 -11 2 -13 2 -13 2 -12 2 -15 1 -12 1 -15 0 -14 2 -12 1 -10 1 -11 0 -11 0 -11 -2 -11 -2 -13 -1 -12 -2 -10 -2 -10 -2 -10 -3 -9 -3 -10 -2 -9 -3 -9 -3 -9 -4 0 0 0 0 0 0 0 0 0 0 ]
CSI_DATA,AP,10:B4:1D:CC:60:E0,-82,11,1,0,1,1,1,0,0,0,0,-96,0,6,2,36397678,0,68,0,0,36.2151,384,[0 0 0 0 0 0 0 0 0 0 0 0 10 -1 12 -2 10 -2 12 -1 12 -3 11 -3 11 -2 12 -3 10 -4 9 -3 7 -3 10 -3 10 -2 8 -5 9 -4 10 -5 9 -5 9 -3 9 -3 9 -7 9 -5 8 -6 11 -5 8 -6 10 -6 9 -6 0 0 10 -5 8 -8 9 -7 12 -7 12 -5 10 -7 11 -6 11 -6 12 -6 13 -7 12 -5 13 -4 10 -2 10 -5 10 -3 8 -3 10 -2 9 -2 8 -2 8 -1 9 -1 9 -2 8 -3 8 0 8 0 6 1 0 0 0 0 0 0 0 0 0 0 ]
CSI_DATA,AP,10:B4:1D:CC:60:E0,-81,11,1,0,1,1,1,0,0,0,0,-96,0,6,2,36407701,0,68,0,0,36.2526,384,[0 0 0 0 0 0 0 0 0 0 0 0 -8 9 -5 7 -7 10 -8 8 -6 9 -5 7 -7 8 -7 7 -7 9 -7 8 -4 8 -6 9 -3 9 -4 9 -5 8 -6 9 -3 9 -4 9 -3 10 -2 10 -4 9 -2 11 -2 13 -4 10 -3 11 -2 10 0 0 -2 11 -1 9 -1 8 -5 12 -1 10 -3 11 -3 10 -4 12 -4 12 -6 13 -3 10 -3 10 -3 10 -3 9 -5 9 -4 9 -5 9 -5 9 -4 8 -5 7 -6 7 -6 7 -6 7 -7 7 -7 5 -6 4 0 0 0 0 0 0 0 0 0 0 ]
CSI_DATA,AP,10:B4:1D:CC:60:E0,-82,11,1,0,1,1,1,0,0,0,0,-96,0,6,2,36417584,0,68,0,0,36.2896,384,[0 0 0 0 0 0 0 0 0 0 0 0 5 9 5 11 4 8 4 9 5 8 6 10 4 8 7 8 5 7 7 8 7 8 4 7 7 7 7 6 6 7 6 8 8 6 6 6 7 6 8 6 7 6 7 6 9 5 10 6 8 7 8 4 0 0 9 5 8 6 8 5 7 5 7 5 9 6 9 6 7 6 7 7 5 7 8 7 8 8 8 7 6 6 6 7 6 7 6 7 5 6 5 6 5 8 4 6 4 6 3 8 3 6 3 8 3 7 0 0 0 0 0 0 0 0 0 0 ]
CSI_DATA,AP,10:B4:1D:CC:60:E0,-81,11,1,0,1,1,1,0,0,0,0,-96,0,6,2,36427589,0,68,0,0,36.3207,384,[0 0 0 0 0 0 0 0 0 0 0 0 -11 -3 -11 -2 -11 -3 -12 -3 -11 -3 -10 -3 -10 -3 -12 -1 -10 -1 -11 1 -12 0 -10 -1 -11 -1 -11 1 -10 0 -11 0 -10 -1 -10 1 -12 0 -12 -1 -12 0 -12 2 -12 0 -9 1 -11 1 -13 1 0 0 -12 0 -12 1 -11 2 -12 0 -12 1 -13 0 -11 0 -13 -1 -11 1 -9 -1 -10 -1 -11 -1 -13 0 -10 -2 -13 -2 -11 -3 -10 -1 -10 -1 -10 -4 -9 -5 -9 -4 -8 -5 -8 -2 -10 -4 -8 -5 -8 -4 0 0 0 0 0 0 0 0 0 0 ]
CSI_DATA,AP,10:B4:1D:CC:60:E0,-81,11,1,0,1,1,1,0,0,0,0,-96,0,6,2,36437618,0,68,0,0,36.3624,384,[0 0 0 0 0 0 0 0 0 0 0 0 2 -13 3 -10 1 -11 2 -12 2 -12 1 -11 1 -11 1 -11 1 -10 0 -10 -2 -11 -2 -11 -1 -11 -1 -10 0 -12 -2 -11 -2 -10 -1 -12 -3 -10 -4 -9 -3 -10 -4 -9 -1 -10 -4 -10 -5 -12 -4 -9 0 0 -4 -10 -5 -10 -3 -11 -2 -11 -4 -12 -2 -10 -6 -11 -3 -11 -5 -10 -5 -10 -3 -12 -3 -10 -1 -10 -1 -11 -1 -11 -2 -8 -3 -12 0 -10 0 -9 -1 -10 0 -10 0 -8 0 -11 0 -9 2 -7 0 -9 0 0 0 0 0 0 0 0 0 0 ]
CSI_DATA,AP,10:B4:1D:CC:60:E0,-81,11,1,0,1,1,1,0,0,0,0,-96,0,6,2,36447641,0,68,0,0,36.4043,384,[0 0 0 0 0 0 0 0 0 0 0 0 7 8 7 10 7 7 6 6 9 8 7 7 8 5 6 5 6 6 7 4 8 4 7 6 7 4 7 5 8 4 8 4 8 6 7 3 9 3 8 3 9 3 10 3 10 4 9 4 8 2 9 2 0 0 9 3 10 3 11 2 11 2 10 3 11 3 10 1 9 5 8 4 8 2 8 2 8 4 9 3 10 4 8 5 7 4 7 4 9 4 7 4 7 4 8 5 6 4 7 4 6 4 6 4 5 5 0 0 0 0 0 0 0 0 0 0 ]
CSI_DATA,AP,10:B4:1D:CC:60:E0,-81,11,1,0,1,1,1,0,0,0,0,-96,0,6,2,36457691,0,68,0,0,36.436,384,[0 0 0 0 0 0 0 0 0 0 0 0 -2 11 -3 10 -4 11 -3 9 -2 11 -2 11 -1 11 -3 13 -1 10 0 10 0 12 -1 9 -1 9 0 11 1 11 1 10 0 9 0 10 3 10 2 10 1 12 4 13 3 10 3 13 3 12 3 10 0 0 2 12 2 12 2 10 2 13 3 10 4 14 1 12 2 11 5 16 3 14 2 11 1 10 1 10 -1 10 1 11 0 11 0 9 0 10 -1 10 -1 10 0 10 -2 9 -1 8 -2 9 -3 9 -4 9 0 0 0 0 0 0 0 0 0 0 ]
CSI_DATA,AP,10:B4:1D:CC:60:E0,-82,11,1,0,1,1,1,0,0,0,0,-96,0,6,2,36467752,0,68,0,0,36.472,384,[0 0 0 0 0 0 0 0 0 0 0 0 -10 7 -10 8 -9 7 -10 8 -10 7 -9 6 -8 5 -8 9 -9 8 -9 6 -10 9 -9 8 -8 6 -9 9 -8 8 -7 8 -8 8 -9 9 -7 7 -6 9 -8 7 -7 9 -7 9 -7 9 -6 9 -6 8 0 0 -11 11 -7 11 -6 9 -8 9 -8 10 -7 10 -8 10 -8 10 -8 6 -11 10 -10 9 -9 9 -8 8 -8 6 -7 6 -8 7 -11 7 -8 6 -9 6 -9 5 -9 4 -8 6 -8 4 -9 4 -8 2 -8 1 0 0 0 0 0 0 0 0 0 0 ]
