CSI_DATA,AP,10:B4:1D:CC:60:E0,-25,11,1,2,1,1,1,1,0,0,0,-96,0,6,2,656740,0,68,0,0,0.367636,384,[0 0 0 0 0 0 0 0 0 0 0 0 -8 8 -7 8 -7 9 -7 8 -7 8 -7 8 -7 8 -7 8 -6 8 -6 8 -6 8 -5 8 -5 8 -5 8 -4 8 -4 9 -4 8 -4 9 -4 9 -3 9 -4 9 -3 9 -3 9 -3 9 -3 9 -3 9 0 0 -3 10 -3 10 -3 10 -3 10 -3 10 -3 10 -3 10 -4 9 -4 9 -4 9 -4 9 -4 9 -4 8 -4 8 -4 8 -4 7 -5 7 -5 7 -5 7 -5 6 -5 6 -5 6 -5 6 -5 5 -5 5 -6 4 0 0 0 0 0 0 0 0 0 0 ]
CSI_DATA,AP,10:B4:1D:CC:60:E0,-20,11,0,0,0,0,0,0,0,0,0,-95,0,6,2,3130159,0,374,0,0,2.85474,128,[0 0 0 0 0 0 0 0 0 0 0 0 -15 -4 -15 -4 -15 -4 -15 -4 -15 -3 -14 -3 -14 -3 -14 -3 -14 -2 -14 -2 -14 -2 -14 -2 -14 -1 -14 -1 -14 -1 -14 0 -13 0 -14 0 -13 1 -14 1 -14 1 -14 1 -14 1 -14 2 -14 2 -14 2 0 0 -14 2 -15 2 -14 2 -15 1 -15 1 -15 1 -15 1 -15 0 -14 0 -15 0 -14 0 -14 -1 -14 -1 -13 -1 -13 -2 -13 -2 -13 -2 -12 -3 -11 -3 -11 -3 -11 -4 -11 -4 -10 -4 -10 -4 -9 -5 -9 -5 0 0 0 0 0 0 0 0 0 0 ]
CSI_DATA,AP,10:B4:1D:CC:60:E0,-20,11,0,0,0,0,0,0,0,0,0,-95,0,6,2,3195936,0,374,0,0,2.93194,128,[0 0 0 0 0 0 0 0 0 0 0 0 14 3 14 3 14 3 14 3 14 2 13 2 13 2 13 2 13 1 13 1 13 1 13 0 13 0 13 0 13 0 13 -1 12 -1 13 -1 12 -2 13 -2 13 -2 13 -2 13 -3 13 -3 13 -3 13 -3 0 0 13 -3 14 -3 13 -3 14 -3 14 -2 14 -2 14 -2 14 -1 14 -1 14 -1 13 -1 13 0 13 0 12 0 12 0 11 1 12 1 11 2 11 2 10 2 10 2 10 3 10 3 9 3 8 4 8 4 0 0 0 0 0 0 0 0 0 0 ]
CSI_DATA,AP,10:B4:1D:CC:60:E0,-21,11,0,0,0,0,0,0,0,0,0,-95,0,6,2,3265518,0,66,0,0,3.01638,128,[0 0 0 0 0 0 0 0 0 0 0 0 -9 -13 -9 -12 -9 -13 -9 -12 -9 -12 -9 -11 -9 -11 -10 -11 -10 -11 -10 -10 -10 -10 -10 -9 -10 -10 -11 -9 -11 -9 -11 -9 -11 -8 -11 -8 -11 -8 -12 -8 -12 -8 -12 -8 -12 -8 -12 -7 -13 -7 -13 -7 0 0 -13 -7 -13 -8 -13 -8 -13 -8 -12 -8 -13 -8 -12 -9 -12 -9 -12 -9 -12 -9 -11 -9 -11 -9 -10 -9 -10 -9 -9 -10 -9 -9 -9 -9 -8 -9 -8 -9 -7 -9 -7 -9 -6 -10 -6 -9 -6 -9 -5 -9 -4 -9 0 0 0 0 0 0 0 0 0 0 ]
CSI_DATA,AP,10:B4:1D:CC:60:E0,-21,11,0,0,0,0,0,0,0,0,0,-95,0,6,2,3765185,0,66,0,0,3.47469,128,[0 0 0 0 0 0 0 0 0 0 0 0 3 14 3 13 3 13 3 13 4 13 4 12 4 12 4 12 4 12 4 12 5 11 5 11 5 11 5 11 5 11 6 11 6 10 6 10 6 10 7 10 7 10 7 10 8 10 8 10 8 10 8 10 0 0 8 10 8 10 8 10 8 11 8 10 8 11 8 11 7 11 7 11 7 11 6 11 6 11 5 10 5 10 5 10 4 10 4 10 3 10 3 10 3 10 2 10 2 10 2 9 1 9 1 9 0 9 0 0 0 0 0 0 0 0 0 0 ]
CSI_DATA,AP,10:B4:1D:CC:60:E0,-21,11,0,0,0,0,0,0,0,0,0,-95,0,6,2,3974771,0,66,0,0,3.68427,128,[0 0 0 0 0 0 0 0 0 0 0 0 -11 10 -11 11 -10 11 -10 11 -10 10 -10 10 -9 10 -9 11 -9 11 -8 10 -8 11 -8 11 -8 11 -7 11 -7 11 -7 11 -7 11 -6 11 -6 12 -6 12 -6 12 -6 12 -5 12 -5 12 -5 13 -5 13 0 0 -5 13 -5 13 -6 13 -6 13 -6 13 -6 13 -6 13 -7 12 -7 12 -7 12 -7 11 -7 11 -8 11 -8 10 -8 10 -8 9 -8 9 -8 8 -8 8 -8 8 -8 7 -8 7 -8 6 -8 6 -8 5 -9 5 0 0 0 0 0 0 0 0 0 0 ]
CSI_DATA,AP,10:B4:1D:CC:60:E0,-20,11,0,0,0,0,0,0,0,0,0,-95,0,6,2,4671103,0,66,0,0,4.38061,128,[0 0 0 0 0 0 0 0 0 0 0 0 -10 12 -10 11 -10 12 -9 11 -9 12 -9 11 -9 11 -8 11 -8 11 -7 12 -7 12 -7 11 -7 12 -6 12 -6 12 -6 12 -5 12 -5 12 -5 12 -5 12 -4 12 -4 13 -4 13 -4 13 -4 13 -4 13 0 0 -4 13 -4 14 -4 13 -4 14 -4 13 -5 13 -5 13 -5 13 -5 13 -5 13 -5 13 -6 12 -6 11 -6 11 -6 11 -6 10 -6 10 -6 9 -6 9 -7 9 -7 8 -7 8 -7 8 -7 7 -7 6 -7 6 0 0 0 0 0 0 0 0 0 0 ]
CSI_DATA,AP,10:B4:1D:CC:60:E0,-20,11,0,0,0,0,0,0,0,0,0,-95,0,6,2,4703998,0,37,0,0,4.48717,128,[0 0 0 0 0 0 0 0 0 0 0 0 -15 5 -15 5 -15 5 -14 5 -15 5 -14 5 -14 5 -14 5 -13 6 -13 6 -13 6 -13 6 -12 6 -12 7 -12 7 -12 7 -11 7 -12 8 -11 8 -11 8 -11 8 -11 8 -11 9 -11 9 -11 9 -11 9 0 0 -11 9 -11 10 -11 9 -12 9 -11 9 -12 9 -12 8 -12 8 -12 8 -12 8 -12 7 -12 7 -12 6 -11 6 -12 6 -11 5 -12 5 -11 4 -11 4 -11 3 -11 3 -11 3 -11 2 -11 2 -10 1 -10 1 0 0 0 0 0 0 0 0 0 0 ]
CSI_DATA,AP,10:B4:1D:CC:60:E0,-26,11,1,7,1,1,1,0,0,0,1,-95,0,6,2,4704261,0,68,0,0,4.52704,384,[0 0 0 0 0 0 0 0 0 0 0 0 7 8 7 8 7 8 7 7 7 7 7 7 7 7 7 6 7 6 7 6 7 6 8 5 8 5 8 5 8 5 8 4 8 4 8 4 8 4 8 4 8 4 8 4 9 4 9 3 9 3 9 3 0 0 9 4 9 3 9 4 9 4 9 4 9 4 9 4 9 4 8 4 8 5 8 4 8 5 8 5 7 5 7 5 7 5 6 5 6 5 6 5 5 5 5 5 5 5 4 5 4 5 4 5 3 5 0 0 0 0 0 0 0 0 0 0 ]
CSI_DATA,AP,10:B4:1D:CC:60:E0,-20,11,0,0,0,0,0,0,0,0,0,-95,0,6,2,4704916,0,37,0,0,4.55774,128,[0 0 0 0 0 0 0 0 0 0 0 0 2 -16 2 -16 2 -16 2 -16 2 -15 1 -15 1 -15 1 -15 0 -15 0 -14 0 -14 -1 -14 -1 -14 -1 -15 -1 -14 -2 -14 -2 -14 -2 -14 -2 -14 -3 -14 -3 -14 -3 -14 -3 -14 -4 -14 -4 -14 -4 -14 0 0 -4 -15 -4 -15 -4 -15 -4 -15 -3 -15 -3 -15 -3 -15 -2 -15 -2 -15 -2 -15 -2 -14 -1 -14 -1 -14 -1 -14 0 -13 0 -13 0 -13 0 -12 1 -12 1 -12 2 -11 2 -11 2 -11 2 -10 3 -10 3 -9 0 0 0 0 0 0 0 0 0 0 ]
CSI_DATA,AP,10:B4:1D:CC:60:E0,-26,11,1,7,1,1,1,0,0,0,1,-95,0,6,2,4770401,0,68,0,0,4.59996,384,[0 0 0 0 0 0 0 0 0 0 0 0 -2 -12 -2 -12 -2 -12 -2 -11 -2 -11 -2 -11 -2 -11 -2 -11 -3 -11 -3 -10 -3 -10 -3 -10 -3 -10 -4 -10 -4 -10 -4 -10 -4 -9 -4 -9 -5 -10 -5 -10 -5 -9 -5 -9 -5 -9 -5 -9 -6 -9 -6 -9 0 0 -5 -10 -6 -10 -6 -10 -5 -10 -6 -10 -5 -10 -5 -10 -5 -10 -5 -10 -4 -10 -4 -10 -4 -10 -3 -10 -3 -10 -3 -9 -3 -9 -2 -9 -2 -9 -2 -9 -1 -8 -1 -9 -1 -9 -1 -8 0 -8 0 -8 1 -7 0 0 0 0 0 0 0 0 0 0 ]
CSI_DATA,AP,10:B4:1D:CC:60:E0,-26,11,1,7,1,1,1,0,0,0,1,-95,0,6,2,4860278,0,68,0,0,4.64221,384,[0 0 0 0 0 0 0 0 0 0 0 0 3 -11 3 -11 3 -11 3 -11 2 -11 2 -11 2 -11 2 -11 2 -10 1 -11 1 -10 1 -10 0 -10 0 -11 0 -11 0 -10 0 -10 -1 -10 -1 -10 -1 -10 -1 -10 -2 -10 -2 -10 -2 -11 -2 -11 -2 -11 0 0 -2 -11 -2 -11 -2 -11 -1 -11 -2 -11 -2 -11 -1 -11 -1 -11 -1 -11 0 -11 0 -10 0 -11 0 -10 0 -10 1 -9 1 -9 1 -9 1 -9 1 -9 1 -8 2 -8 2 -8 2 -8 2 -7 3 -7 3 -6 0 0 0 0 0 0 0 0 0 0 ]
CSI_DATA,AP,10:B4:1D:CC:60:E0,-26,11,1,7,1,1,1,0,0,0,1,-95,0,6,2,4950525,0,68,0,0,4.68422,384,[0 0 0 0 0 0 0 0 0 0 0 0 -6 9 -6 9 -6 9 -6 9 -6 9 -5 9 -5 9 -5 9 -5 9 -4 9 -4 9 -4 9 -4 9 -4 9 -3 9 -3 9 -3 9 -3 9 -2 9 -2 9 -2 9 -2 9 -2 9 -2 9 -2 10 -2 10 0 0 -2 10 -2 10 -2 10 -2 10 -2 10 -2 10 -2 10 -3 10 -3 9 -3 10 -3 9 -3 9 -3 9 -4 8 -4 8 -4 8 -4 8 -4 7 -4 7 -4 6 -4 6 -5 6 -5 6 -5 5 -5 5 -5 4 0 0 0 0 0 0 0 0 0 0 ]
CSI_DATA,AP,10:B4:1D:CC:60:E0,-20,11,0,0,0,0,0,0,0,0,0,-95,0,6,2,4974754,0,66,0,0,4.71913,128,[0 0 0 0 0 0 0 0 0 0 0 0 13 7 13 7 12 6 13 6 12 6 12 6 12 5 12 5 12 5 12 4 12 4 12 4 12 3 12 3 12 3 12 3 12 2 12 2 12 2 12 1 13 1 12 1 13 0 13 0 13 0 13 0 0 0 13 0 13 0 13 1 13 1 13 1 13 1 13 1 13 2 13 2 13 2 13 2 12 2 12 3 12 3 11 3 11 3 10 3 10 4 10 4 9 4 9 4 9 4 8 4 8 5 7 5 7 5 0 0 0 0 0 0 0 0 0 0 ]
CSI_DATA,AP,10:B4:1D:CC:60:E0,-26,11,1,7,1,1,1,1,0,0,1,-95,0,6,2,5040413,0,68,0,0,4.79348,384,[0 0 0 0 0 0 0 0 0 0 0 0 -3 10 -3 11 -3 10 -3 11 -3 10 -3 10 -3 10 -2 10 -2 10 -1 10 -1 10 -1 10 0 9 0 10 -1 10 0 9 0 10 0 9 1 10 1 9 1 10 1 10 1 9 2 9 2 10 2 10 0 0 2 10 2 10 2 10 2 10 1 10 1 10 1 10 1 10 0 10 0 9 0 9 0 10 0 9 -1 9 -1 9 -1 9 -1 8 -1 8 -2 8 -2 7 -2 7 -2 7 -2 7 -3 7 -3 6 -4 6 0 0 0 0 0 0 0 0 0 0 ]
CSI_DATA,AP,10:B4:1D:CC:60:E0,-27,11,1,7,1,1,1,1,0,0,1,-95,0,6,2,5130777,0,68,0,0,4.84021,384,[0 0 0 0 0 0 0 0 0 0 0 0 -10 6 -10 6 -9 6 -9 6 -9 6 -9 6 -9 6 -9 6 -8 6 -8 6 -8 6 -8 6 -8 7 -7 7 -7 7 -7 7 -7 7 -7 7 -6 8 -6 7 -6 7 -6 8 -6 8 -6 8 -6 8 -6 8 0 0 -6 8 -6 8 -6 8 -6 8 -7 8 -7 8 -7 8 -7 8 -7 7 -7 7 -7 7 -7 7 -7 6 -7 6 -7 5 -7 5 -7 5 -7 5 -7 4 -7 4 -7 4 -7 3 -7 3 -7 2 -7 2 -7 1 0 0 0 0 0 0 0 0 0 0 ]
CSI_DATA,AP,10:B4:1D:CC:60:E0,-27,11,1,7,1,1,1,1,0,0,1,-95,0,6,2,5220299,0,68,0,0,4.92971,384,[0 0 0 0 0 0 0 0 0 0 0 0 -9 -8 -9 -8 -9 -7 -9 -7 -9 -7 -9 -7 -9 -7 -9 -6 -9 -6 -9 -6 -9 -6 -9 -5 -9 -5 -10 -5 -10 -5 -10 -5 -10 -4 -10 -4 -10 -4 -10 -4 -10 -4 -10 -4 -10 -3 -11 -3 -10 -3 -11 -3 0 0 -11 -3 -11 -3 -11 -3 -11 -3 -11 -3 -11 -4 -11 -4 -10 -4 -10 -4 -10 -4 -10 -4 -10 -4 -9 -5 -9 -5 -9 -5 -8 -5 -8 -5 -8 -5 -8 -5 -7 -5 -7 -5 -6 -5 -6 -5 -6 -6 -5 -6 -5 -6 0 0 0 0 0 0 0 0 0 0 ]
CSI_DATA,AP,10:B4:1D:CC:60:E0,-27,11,1,7,1,1,1,1,0,0,1,-95,0,6,2,5310634,0,68,0,0,5.02006,384,[0 0 0 0 0 0 0 0 0 0 0 0 3 10 3 10 3 10 3 10 3 10 3 9 3 10 3 9 3 9 3 9 4 9 4 8 4 8 4 8 4 8 4 8 4 8 5 8 5 8 5 8 5 8 5 8 5 8 6 8 6 8 6 7 0 0 5 8 6 8 6 8 6 8 5 8 5 8 5 9 5 9 4 9 4 9 4 8 4 8 3 8 3 8 3 8 2 8 2 8 2 7 1 7 1 7 1 7 0 7 0 7 0 7 -1 7 -1 6 0 0 0 0 0 0 0 0 0 0 ]
CSI_DATA,AP,10:B4:1D:CC:60:E0,-27,11,1,7,1,1,1,1,0,0,1,-95,0,6,2,5400308,0,68,0,0,5.10973,384,[0 0 0 0 0 0 0 0 0 0 0 0 -11 3 -11 3 -11 4 -11 3 -11 4 -10 3 -10 4 -10 4 -10 4 -9 4 -9 4 -9 5 -9 5 -9 5 -9 5 -8 5 -8 5 -8 6 -8 6 -8 6 -8 6 -8 6 -8 6 -8 6 -8 7 -8 7 0 0 -8 7 -8 7 -8 7 -8 7 -8 7 -8 7 -8 6 -8 6 -8 6 -9 5 -8 6 -9 5 -8 5 -8 4 -8 4 -8 4 -8 4 -8 3 -8 3 -8 3 -8 2 -8 2 -8 2 -8 1 -8 1 -7 0 0 0 0 0 0 0 0 0 0 0 ]
CSI_DATA,AP,10:B4:1D:CC:60:E0,-27,11,1,7,1,1,1,1,0,0,1,-95,0,6,2,5490511,0,68,0,0,5.19995,384,[0 0 0 0 0 0 0 0 0 0 0 0 -10 -7 -9 -7 -10 -7 -9 -6 -9 -6 -9 -6 -9 -6 -9 -6 -9 -5 -9 -5 -9 -5 -9 -5 -9 -4 -10 -4 -9 -4 -10 -4 -10 -3 -10 -3 -10 -3 -10 -3 -10 -3 -10 -3 -10 -3 -10 -2 -10 -2 -10 -2 0 0 -11 -3 -11 -3 -10 -3 -11 -3 -11 -3 -10 -3 -10 -3 -11 -4 -10 -4 -10 -4 -10 -4 -9 -4 -9 -4 -9 -4 -9 -4 -8 -5 -8 -5 -8 -5 -7 -5 -7 -5 -7 -5 -6 -5 -6 -5 -6 -5 -5 -5 -5 -6 0 0 0 0 0 0 0 0 0 0 ]
CSI_DATA,AP,10:B4:1D:CC:60:E0,-27,11,1,7,1,1,1,1,0,0,1,-95,0,6,2,5580320,0,68,0,0,5.28974,384,[0 0 0 0 0 0 0 0 0 0 0 0 -8 8 -8 8 -7 8 -7 8 -7 8 -7 8 -7 8 -7 8 -6 8 -6 8 -6 8 -5 8 -5 8 -5 8 -5 8 -5 8 -4 8 -4 8 -4 9 -4 9 -4 9 -4 9 -3 9 -3 9 -3 9 -3 9 0 0 -3 10 -3 9 -3 9 -4 9 -3 9 -4 10 -4 9 -4 9 -5 9 -5 8 -4 8 -5 8 -5 8 -5 8 -5 7 -5 7 -5 7 -5 6 -5 6 -5 6 -5 5 -6 5 -6 5 -6 4 -6 4 -6 3 0 0 0 0 0 0 0 0 0 0 ]
CSI_DATA,AP,10:B4:1D:CC:60:E0,-27,11,1,7,1,1,1,1,0,0,1,-95,0,6,2,5670346,0,68,0,0,5.37977,384,[0 0 0 0 0 0 0 0 0 0 0 0 -5 10 -5 9 -5 9 -5 9 -4 9 -4 9 -4 9 -4 9 -4 9 -4 9 -3 9 -3 9 -3 9 -3 9 -2 9 -2 9 -2 9 -2 9 -2 9 -1 9 -1 9 -1 9 -1 9 -1 9 -1 9 -1 9 0 0 -1 9 -1 9 -1 10 -1 9 -1 10 -2 10 -2 9 -2 9 -2 9 -2 9 -2 9 -3 9 -3 8 -3 8 -3 8 -3 8 -3 8 -4 7 -4 7 -4 6 -4 6 -4 6 -4 6 -4 5 -5 5 -5 4 0 0 0 0 0 0 0 0 0 0 ]
CSI_DATA,AP,10:B4:1D:CC:60:E0,-26,11,1,7,1,1,1,1,0,0,1,-95,0,6,2,5760383,0,68,0,0,5.4698,384,[0 0 0 0 0 0 0 0 0 0 0 0 -6 9 -6 9 -5 9 -5 9 -5 9 -5 9 -5 9 -5 9 -5 9 -4 9 -4 9 -4 9 -3 9 -3 9 -3 9 -3 9 -2 9 -2 9 -2 9 -2 9 -2 9 -2 9 -2 9 -1 9 -1 9 -1 9 0 0 -1 9 -1 10 -1 9 -1 10 -1 10 -2 10 -2 10 -2 10 -2 9 -3 9 -3 9 -3 9 -3 9 -3 8 -3 8 -3 7 -4 8 -4 7 -4 7 -4 6 -4 6 -4 6 -4 6 -5 5 -5 5 -5 4 0 0 0 0 0 0 0 0 0 0 ]
CSI_DATA,AP,10:B4:1D:CC:60:E0,-26,11,1,7,1,1,1,1,0,0,1,-95,0,6,2,5850794,0,68,0,0,5.56021,384,[0 0 0 0 0 0 0 0 0 0 0 0 8 -8 8 -8 8 -8 8 -7 7 -8 7 -8 7 -8 7 -8 7 -8 6 -8 6 -8 6 -8 5 -8 5 -8 5 -8 5 -8 5 -9 4 -9 4 -9 4 -9 4 -9 4 -9 4 -9 4 -9 4 -9 4 -10 0 0 4 -9 4 -10 4 -9 4 -10 5 -10 5 -9 5 -9 5 -9 5 -9 5 -8 5 -8 5 -8 5 -8 5 -7 5 -7 5 -7 5 -7 5 -6 5 -6 5 -5 5 -5 6 -5 6 -5 5 -4 6 -4 5 -3 0 0 0 0 0 0 0 0 0 0 ]
CSI_DATA,AP,10:B4:1D:CC:60:E0,-26,11,1,7,1,1,1,1,0,0,1,-95,0,6,2,5940396,0,68,0,0,5.64981,384,[0 0 0 0 0 0 0 0 0 0 0 0 -8 -9 -8 -8 -8 -8 -8 -8 -8 -8 -8 -8 -8 -7 -8 -7 -8 -7 -8 -7 -8 -6 -8 -6 -8 -6 -8 -6 -9 -6 -9 -5 -9 -5 -9 -5 -9 -5 -9 -5 -9 -5 -9 -5 -9 -5 -10 -4 -9 -4 -9 -4 0 0 -10 -4 -10 -5 -10 -5 -10 -5 -10 -5 -10 -5 -9 -5 -9 -5 -9 -5 -9 -5 -9 -5 -8 -6 -8 -6 -8 -6 -7 -6 -7 -6 -7 -6 -6 -6 -6 -6 -6 -6 -6 -6 -5 -6 -5 -6 -4 -6 -4 -6 -4 -6 0 0 0 0 0 0 0 0 0 0 ]
CSI_DATA,AP,10:B4:1D:CC:60:E0,-21,11,0,0,0,0,0,0,0,0,0,-95,0,6,2,5975122,0,66,0,0,5.68462,128,[0 0 0 0 0 0 0 0 0 0 0 0 11 -12 11 -11 11 -12 10 -12 10 -11 10 -11 9 -11 9 -12 9 -11 8 -12 8 -12 7 -12 7 -12 7 -12 7 -12 6 -12 6 -12 6 -12 6 -12 5 -13 5 -13 5 -13 5 -13 4 -13 5 -14 5 -14 0 0 5 -14 5 -14 5 -14 5 -14 5 -13 6 -14 6 -13 6 -13 6 -13 6 -13 6 -12 6 -12 7 -11 6 -11 7 -10 7 -10 7 -10 7 -9 7 -9 7 -8 7 -8 7 -8 7 -7 7 -7 7 -6 7 -5 0 0 0 0 0 0 0 0 0 0 ]
CSI_DATA,AP,10:B4:1D:CC:60:E0,-26,11,1,7,1,1,1,1,0,0,1,-95,0,6,2,6030335,0,68,0,0,5.73974,384,[0 0 0 0 0 0 0 0 0 0 0 0 5 -10 5 -10 4 -10 4 -10 4 -10 4 -10 4 -10 4 -10 3 -10 3 -10 3 -10 2 -10 2 -10 2 -9 2 -10 2 -10 1 -10 1 -9 1 -10 1 -10 1 -10 1 -10 1 -10 0 -10 0 -10 0 -10 0 0 0 -10 0 -10 0 -10 0 -10 0 -10 1 -10 1 -10 1 -10 1 -10 1 -10 1 -10 1 -10 2 -9 2 -9 2 -8 2 -9 2 -8 2 -8 3 -7 3 -7 3 -7 3 -7 3 -6 3 -6 3 -6 4 -5 0 0 0 0 0 0 0 0 0 0 ]
CSI_DATA,AP,10:B4:1D:CC:60:E0,-26,11,1,7,1,1,1,1,0,0,1,-95,0,6,2,6120382,0,68,0,0,5.82981,384,[0 0 0 0 0 0 0 0 0 0 0 0 -11 4 -11 4 -10 4 -10 4 -10 4 -10 4 -10 4 -10 4 -9 4 -9 4 -9 4 -9 5 -9 5 -8 5 -8 5 -8 5 -8 5 -7 6 -8 6 -7 6 -7 6 -7 6 -7 6 -7 7 -7 7 -7 7 0 0 -7 7 -7 7 -7 7 -7 7 -7 7 -8 7 -8 6 -8 6 -8 6 -8 6 -8 6 -8 6 -8 5 -8 5 -8 4 -7 4 -8 4 -7 4 -7 3 -7 3 -7 3 -7 3 -7 2 -7 2 -7 1 -7 1 0 0 0 0 0 0 0 0 0 0 ]
CSI_DATA,AP,10:B4:1D:CC:60:E0,-26,11,1,7,1,1,1,1,0,0,1,-95,0,6,2,6210315,0,68,0,0,5.91974,384,[0 0 0 0 0 0 0 0 0 0 0 0 -11 3 -12 3 -11 3 -11 3 -11 3 -11 3 -10 3 -10 3 -10 3 -9 4 -10 4 -9 4 -9 4 -9 4 -9 5 -9 4 -9 5 -8 5 -9 5 -9 5 -8 5 -8 5 -8 6 -8 6 -8 6 -8 6 0 0 -9 6 -8 6 -8 6 -8 6 -9 6 -9 6 -9 5 -9 5 -9 5 -9 5 -9 5 -9 4 -9 4 -9 4 -9 3 -9 3 -8 3 -8 2 -8 2 -8 2 -8 2 -8 1 -8 1 -7 1 -7 0 -7 0 0 0 0 0 0 0 0 0 0 0 ]
CSI_DATA,AP,10:B4:1D:CC:60:E0,-25,11,1,7,1,1,1,1,0,0,1,-95,0,6,2,6300295,0,68,0,0,6.00972,384,[0 0 0 0 0 0 0 0 0 0 0 0 -1 11 -1 10 0 11 0 10 0 10 0 10 0 10 0 10 0 10 1 10 1 9 1 9 1 9 2 9 2 9 2 9 2 9 2 9 3 9 3 9 3 9 3 9 3 9 4 9 4 9 3 8 0 0 3 9 4 9 3 9 3 9 3 9 3 9 3 9 3 9 3 9 2 9 2 9 2 9 2 9 1 9 1 8 1 8 1 8 1 8 0 7 0 7 0 7 -1 7 -1 7 -1 7 -1 6 -2 6 0 0 0 0 0 0 0 0 0 0 ]
CSI_DATA,AP,10:B4:1D:CC:60:E0,-25,11,1,7,1,1,1,1,0,0,1,-95,0,6,2,6390264,0,68,0,0,6.09969,384,[0 0 0 0 0 0 0 0 0 0 0 0 4 9 4 9 4 9 4 9 4 9 4 9 4 9 4 9 4 8 4 8 4 8 5 8 5 7 5 7 5 7 5 7 5 7 5 7 6 7 6 7 6 7 6 6 6 6 7 6 6 6 7 6 0 0 6 7 7 7 6 7 7 7 6 7 6 7 6 7 6 7 6 7 5 7 5 7 5 7 4 7 4 7 4 7 4 7 3 7 3 7 3 7 2 7 2 7 2 7 1 6 1 7 1 6 0 6 0 0 0 0 0 0 0 0 0 0 ]
CSI_DATA,AP,10:B4:1D:CC:60:E0,-25,11,1,7,1,1,1,1,0,0,1,-95,0,6,2,6480288,0,68,0,0,6.18972,384,[0 0 0 0 0 0 0 0 0 0 0 0 9 -6 9 -6 9 -6 8 -6 8 -6 8 -6 8 -6 8 -6 7 -7 7 -7 7 -7 7 -7 7 -7 6 -7 6 -7 6 -8 6 -8 5 -8 5 -8 5 -8 5 -8 5 -8 5 -8 5 -9 5 -9 5 -9 0 0 5 -9 5 -9 5 -9 5 -9 5 -9 5 -9 6 -9 6 -8 6 -8 6 -8 6 -8 6 -7 6 -7 6 -7 6 -6 6 -6 6 -6 6 -6 6 -5 6 -5 6 -5 6 -4 6 -4 6 -4 6 -3 6 -3 0 0 0 0 0 0 0 0 0 0 ]
CSI_DATA,AP,10:B4:1D:CC:60:E0,-25,11,1,7,1,1,1,1,0,0,1,-95,0,6,2,6570493,0,68,0,0,6.27991,384,[0 0 0 0 0 0 0 0 0 0 0 0 7 -10 7 -9 6 -10 6 -9 6 -9 6 -9 6 -9 6 -9 5 -9 5 -9 4 -9 5 -9 4 -9 4 -10 4 -9 4 -10 4 -10 3 -9 3 -10 3 -10 3 -10 2 -10 3 -10 2 -10 2 -10 2 -10 0 0 2 -10 3 -10 2 -10 3 -10 3 -10 3 -10 3 -10 3 -10 3 -10 4 -9 4 -9 4 -9 4 -9 4 -9 4 -8 4 -8 4 -8 4 -7 4 -7 4 -7 5 -6 5 -6 5 -6 5 -5 5 -5 5 -4 0 0 0 0 0 0 0 0 0 0 ]
CSI_DATA,AP,10:B4:1D:CC:60:E0,-23,11,1,7,0,1,1,1,0,0,1,-95,0,6,2,6663546,0,68,0,0,6.37298,256,[0 0 0 0 0 0 0 0 0 0 0 0 1 -16 0 -16 0 -16 0 -16 0 -15 0 -15 -1 -15 -1 -15 -1 -15 -1 -15 -2 -14 -2 -14 -2 -14 -3 -14 -3 -14 -3 -14 -3 -14 -4 -14 -4 -14 -4 -14 -5 -14 -5 -14 -5 -13 -5 -13 -5 -14 -5 -14 0 0 -6 -14 -5 -14 -5 -14 -5 -14 -5 -14 -5 -14 -5 -14 -5 -14 -4 -14 -4 -14 -3 -14 -3 -14 -3 -14 -2 -14 -2 -13 -2 -13 -1 -13 -1 -12 -1 -12 0 -12 0 -12 0 -11 1 -11 1 -11 1 -10 2 -10 0 0 0 0 0 0 0 0 0 0 ]
CSI_DATA,AP,10:B4:1D:CC:60:E0,-26,11,1,7,1,1,1,1,0,0,1,-95,0,6,2,6750288,0,68,0,0,6.4597,384,[0 0 0 0 0 0 0 0 0 0 0 0 -1 11 -1 10 -1 10 -1 10 -1 10 -1 10 -1 10 -1 10 -1 10 0 10 0 9 0 9 1 9 1 9 1 9 1 9 1 9 2 9 2 9 2 9 2 9 2 9 2 9 3 9 3 9 3 9 0 0 2 9 2 9 2 10 2 9 2 10 2 10 2 10 1 10 1 10 1 9 1 9 1 9 0 9 0 9 0 9 -1 8 -1 8 -1 8 -1 7 -2 7 -2 7 -2 7 -2 7 -2 6 -3 6 -3 6 0 0 0 0 0 0 0 0 0 0 ]
CSI_DATA,AP,10:B4:1D:CC:60:E0,-27,11,1,7,1,1,1,1,0,0,1,-95,0,6,2,6840343,0,68,0,0,6.54976,384,[0 0 0 0 0 0 0 0 0 0 0 0 3 -11 3 -11 2 -11 3 -11 2 -11 2 -11 2 -11 2 -11 1 -10 1 -11 1 -11 1 -10 1 -10 0 -10 0 -10 0 -10 0 -10 -1 -10 -1 -10 -1 -11 -1 -10 -1 -10 -1 -11 -2 -11 -2 -11 -2 -11 0 0 -2 -11 -2 -11 -2 -11 -2 -11 -2 -11 -1 -11 -1 -11 -1 -11 -1 -11 0 -11 0 -11 0 -10 1 -10 1 -10 0 -10 1 -9 1 -9 1 -9 1 -8 2 -8 2 -8 2 -8 2 -8 3 -7 3 -7 3 -6 0 0 0 0 0 0 0 0 0 0 ]
CSI_DATA,AP,10:B4:1D:CC:60:E0,-25,11,1,7,1,1,1,1,0,0,1,-95,0,6,2,6930289,0,68,0,0,6.63971,384,[0 0 0 0 0 0 0 0 0 0 0 0 -3 -12 -3 -12 -3 -12 -3 -11 -3 -11 -3 -11 -3 -11 -3 -11 -4 -10 -4 -10 -4 -10 -4 -10 -5 -10 -5 -9 -5 -9 -5 -9 -5 -9 -5 -9 -6 -9 -6 -9 -6 -9 -6 -9 -6 -8 -7 -9 -7 -9 -7 -8 0 0 -7 -8 -7 -9 -7 -9 -7 -9 -7 -9 -7 -9 -6 -9 -6 -9 -6 -9 -6 -9 -5 -9 -5 -9 -5 -9 -5 -9 -4 -9 -4 -8 -4 -9 -4 -8 -3 -8 -3 -8 -2 -8 -2 -8 -2 -8 -2 -8 -2 -7 -1 -7 0 0 0 0 0 0 0 0 0 0 ]
CSI_DATA,AP,10:B4:1D:CC:60:E0,-19,11,0,0,0,0,0,0,0,0,0,-95,0,6,2,6974814,0,66,0,0,6.68431,128,[0 0 0 0 0 0 0 0 0 0 0 0 -9 -14 -9 -14 -9 -14 -9 -13 -9 -13 -9 -12 -9 -13 -9 -12 -10 -12 -10 -12 -10 -11 -10 -11 -10 -11 -10 -10 -10 -10 -11 -10 -10 -9 -11 -10 -11 -9 -11 -9 -11 -9 -11 -8 -12 -9 -12 -9 -12 -9 -12 -8 0 0 -12 -9 -13 -8 -12 -8 -12 -9 -12 -9 -12 -9 -12 -9 -11 -10 -11 -9 -11 -9 -10 -10 -10 -10 -9 -10 -9 -9 -9 -9 -8 -9 -8 -10 -8 -9 -7 -9 -7 -9 -6 -9 -6 -9 -5 -9 -5 -9 -4 -9 -4 -9 0 0 0 0 0 0 0 0 0 0 ]
CSI_DATA,AP,10:B4:1D:CC:60:E0,-26,11,1,7,1,1,1,1,0,0,1,-95,0,6,2,7020308,0,68,0,0,6.72971,384,[0 0 0 0 0 0 0 0 0 0 0 0 7 8 7 9 7 8 7 8 7 8 7 8 7 8 7 7 7 7 7 7 7 7 7 6 7 6 8 6 8 6 8 5 8 5 8 5 8 5 8 5 8 4 8 4 8 4 9 4 9 4 9 4 0 0 9 4 9 4 10 4 9 4 9 4 9 5 9 5 9 5 9 5 8 5 8 5 8 5 8 5 7 5 7 5 7 5 6 5 6 5 6 5 5 5 5 5 5 5 4 5 4 5 4 5 3 5 0 0 0 0 0 0 0 0 0 0 ]
CSI_DATA,AP,10:B4:1D:CC:60:E0,-31,11,1,7,1,1,1,1,0,0,1,-95,0,6,2,7110361,0,68,0,0,6.81978,384,[0 0 0 0 0 0 0 0 0 0 0 0 -11 -4 -11 -3 -11 -3 -11 -3 -11 -3 -11 -3 -11 -3 -11 -3 -10 -3 -10 -2 -11 -2 -10 -2 -10 -1 -10 -1 -10 -1 -10 -1 -10 -1 -10 0 -10 0 -10 0 -10 0 -10 0 -10 0 -10 0 -10 1 -11 1 0 0 -11 0 -11 0 -11 0 -11 0 -11 0 -11 0 -11 -1 -10 -1 -11 -1 -10 -1 -10 -1 -10 -1 -10 -1 -9 -2 -9 -2 -9 -2 -9 -2 -9 -2 -8 -3 -8 -3 -8 -3 -7 -3 -7 -3 -7 -3 -7 -4 -6 -4 0 0 0 0 0 0 0 0 0 0 ]
CSI_DATA,AP,10:B4:1D:CC:60:E0,-27,11,1,7,1,1,1,1,0,0,1,-95,0,6,2,7201536,0,68,0,0,6.91096,384,[0 0 0 0 0 0 0 0 0 0 0 0 -9 7 -9 7 -8 6 -8 6 -8 7 -8 7 -8 7 -8 7 -7 7 -7 7 -7 7 -7 7 -7 7 -6 7 -6 7 -6 7 -6 7 -5 7 -5 8 -5 8 -5 8 -5 8 -5 8 -5 8 -5 8 -5 8 0 0 -5 8 -5 8 -5 8 -5 8 -5 9 -5 8 -5 8 -5 8 -6 8 -6 7 -6 7 -6 7 -6 7 -6 7 -6 6 -6 6 -6 6 -6 5 -6 5 -6 5 -6 4 -6 4 -6 4 -6 3 -6 3 -6 3 0 0 0 0 0 0 0 0 0 0 ]
CSI_DATA,AP,10:B4:1D:CC:60:E0,-25,11,1,7,1,1,1,1,0,0,1,-95,0,6,2,7290309,0,68,0,0,6.99973,384,[0 0 0 0 0 0 0 0 0 0 0 0 6 -9 6 -9 6 -9 6 -9 6 -9 5 -9 5 -9 5 -9 5 -9 4 -9 4 -9 4 -9 4 -9 3 -9 3 -9 3 -9 3 -9 2 -9 3 -9 2 -9 2 -9 2 -10 2 -9 2 -10 2 -10 2 -10 0 0 2 -10 2 -10 2 -10 2 -10 2 -10 2 -10 2 -10 3 -10 3 -9 3 -9 3 -9 3 -9 3 -9 3 -8 3 -8 4 -8 4 -8 4 -7 4 -7 4 -6 4 -6 4 -6 4 -6 4 -6 4 -5 5 -5 0 0 0 0 0 0 0 0 0 0 ]
CSI_DATA,AP,10:B4:1D:CC:60:E0,-25,11,1,7,1,1,1,1,0,0,1,-95,0,6,2,7380231,0,68,0,0,7.08965,384,[0 0 0 0 0 0 0 0 0 0 0 0 -1 -12 -1 -11 -1 -12 -1 -11 -1 -11 -1 -11 -1 -11 -1 -11 -2 -10 -2 -10 -2 -10 -2 -10 -2 -10 -2 -10 -3 -10 -3 -10 -3 -9 -3 -10 -3 -9 -4 -9 -4 -9 -4 -9 -4 -9 -4 -10 -4 -9 -4 -9 0 0 -4 -9 -4 -10 -4 -9 -4 -10 -4 -10 -4 -10 -3 -10 -3 -10 -3 -10 -3 -10 -3 -10 -2 -10 -2 -9 -2 -9 -2 -9 -1 -9 -1 -9 -1 -8 -1 -8 0 -8 0 -8 0 -8 1 -8 1 -7 1 -7 1 -7 0 0 0 0 0 0 0 0 0 0 ]
CSI_DATA,AP,10:B4:1D:CC:60:E0,-25,11,1,7,1,1,1,1,0,0,1,-95,0,6,2,7470168,0,68,0,0,7.17959,384,[0 0 0 0 0 0 0 0 0 0 0 0 -12 -1 -12 -1 -11 -1 -11 -1 -11 -1 -11 0 -11 0 -11 0 -11 0 -10 0 -10 1 -10 1 -10 1 -10 1 -10 1 -10 2 -10 2 -9 2 -10 2 -10 2 -9 2 -9 2 -9 3 -10 3 -10 3 -9 3 0 0 -10 3 -10 3 -10 3 -10 3 -10 3 -10 2 -10 2 -10 2 -10 2 -10 1 -10 1 -9 1 -9 1 -9 1 -9 0 -9 0 -8 0 -8 0 -8 -1 -8 -1 -8 -1 -8 -1 -7 -1 -7 -2 -7 -2 -7 -2 0 0 0 0 0 0 0 0 0 0 ]
CSI_DATA,AP,10:B4:1D:CC:60:E0,-26,11,1,7,1,1,1,1,0,0,1,-95,0,6,2,7560554,0,68,0,0,7.26997,384,[0 0 0 0 0 0 0 0 0 0 0 0 -10 6 -9 6 -9 7 -9 6 -9 6 -8 6 -9 6 -8 6 -8 7 -8 7 -8 6 -7 7 -7 7 -7 7 -7 7 -7 7 -6 7 -6 7 -6 7 -6 7 -6 7 -6 8 -6 8 -6 8 -6 8 -6 8 0 0 -6 8 -6 8 -6 8 -6 8 -6 8 -6 8 -6 8 -6 7 -6 8 -7 7 -7 7 -7 7 -7 6 -7 6 -7 6 -7 5 -7 5 -7 5 -7 4 -7 4 -7 4 -7 4 -7 3 -7 3 -7 2 -7 2 0 0 0 0 0 0 0 0 0 0 ]
CSI_DATA,AP,10:B4:1D:CC:60:E0,-26,11,1,7,1,1,1,1,0,0,1,-95,0,6,2,7650206,0,68,0,0,7.35963,384,[0 0 0 0 0 0 0 0 0 0 0 0 3 10 3 10 3 10 3 10 3 9 3 9 3 9 3 9 3 9 4 9 4 8 4 8 4 8 4 8 5 8 5 8 5 7 5 7 5 7 5 7 5 7 6 7 6 7 6 7 6 7 6 7 0 0 6 7 6 7 6 7 6 7 6 7 6 7 6 8 5 8 5 8 5 7 5 7 4 8 4 8 4 8 4 7 3 7 3 7 3 7 2 7 2 7 2 7 1 7 1 7 1 6 1 6 0 6 0 0 0 0 0 0 0 0 0 0 ]
CSI_DATA,AP,10:B4:1D:CC:60:E0,-27,11,1,7,1,1,1,1,0,0,1,-95,0,6,2,7740457,0,68,0,0,7.44988,384,[0 0 0 0 0 0 0 0 0 0 0 0 -12 -3 -11 -2 -12 -2 -11 -2 -11 -2 -11 -2 -11 -2 -11 -2 -11 -1 -10 -1 -11 -1 -11 -1 -10 0 -10 0 -10 0 -10 0 -10 0 -10 1 -10 1 -10 1 -10 1 -10 1 -10 1 -10 2 -10 1 -10 2 0 0 -10 1 -10 1 -10 1 -11 1 -10 1 -10 1 -11 1 -10 0 -10 0 -10 0 -10 0 -10 0 -10 0 -9 -1 -9 -1 -9 -1 -9 -1 -9 -1 -8 -2 -8 -2 -8 -2 -8 -2 -7 -3 -7 -3 -7 -3 -6 -3 0 0 0 0 0 0 0 0 0 0 ]
CSI_DATA,AP,10:B4:1D:CC:60:E0,-27,11,1,7,1,1,1,1,0,0,1,-95,0,6,2,7830286,0,68,0,0,7.53971,384,[0 0 0 0 0 0 0 0 0 0 0 0 -12 -2 -11 -2 -11 -1 -11 -2 -11 -1 -11 -1 -11 -1 -11 -1 -11 -1 -11 0 -10 0 -10 0 -10 0 -10 0 -10 1 -10 1 -10 1 -10 1 -10 1 -10 2 -10 2 -10 2 -10 2 -10 2 -10 2 -10 2 0 0 -10 2 -10 2 -10 2 -10 2 -10 2 -10 2 -10 2 -10 2 -10 1 -10 1 -10 1 -10 1 -9 0 -9 0 -9 0 -9 0 -9 0 -8 0 -8 -1 -8 -1 -8 -1 -8 -1 -7 -2 -7 -2 -7 -2 -7 -3 0 0 0 0 0 0 0 0 0 0 ]
CSI_DATA,AP,10:B4:1D:CC:60:E0,-27,11,1,7,1,1,1,1,0,0,1,-95,0,6,2,7920400,0,68,0,0,7.62982,384,[0 0 0 0 0 0 0 0 0 0 0 0 -11 3 -11 3 -11 3 -11 3 -10 3 -10 3 -10 3 -10 3 -10 4 -10 4 -9 4 -9 4 -9 4 -9 4 -8 5 -9 5 -8 5 -8 5 -8 5 -8 5 -8 5 -8 5 -8 6 -7 6 -8 6 -8 6 0 0 -8 6 -8 6 -8 6 -8 6 -8 6 -8 6 -8 5 -9 5 -8 5 -9 5 -8 5 -8 4 -8 4 -8 4 -8 4 -8 3 -8 3 -8 3 -8 2 -7 2 -8 2 -7 2 -8 1 -7 1 -7 0 -7 0 0 0 0 0 0 0 0 0 0 0 ]
CSI_DATA,AP,10:B4:1D:CC:60:E0,-27,11,1,7,1,1,1,1,0,0,1,-95,0,6,2,8010312,0,68,0,0,7.71973,384,[0 0 0 0 0 0 0 0 0 0 0 0 -4 10 -4 10 -4 10 -4 10 -4 10 -4 9 -3 9 -3 9 -3 9 -3 9 -2 9 -2 9 -2 9 -2 9 -2 9 -1 9 -1 9 -1 9 0 9 -1 9 0 9 0 9 0 9 0 9 0 9 0 9 0 0 0 9 0 9 0 9 0 9 0 10 0 10 0 9 -1 9 -1 9 -1 9 -1 9 -1 9 -1 9 -1 9 -2 8 -2 8 -2 8 -2 7 -2 7 -2 7 -3 6 -3 6 -3 6 -3 6 -3 6 -4 5 0 0 0 0 0 0 0 0 0 0 ]
CSI_DATA,AP,10:B4:1D:CC:60:E0,-27,11,1,7,1,1,1,1,0,0,1,-95,0,6,2,8100442,0,68,0,0,7.80986,384,[0 0 0 0 0 0 0 0 0 0 0 0 -3 10 -3 10 -3 10 -3 10 -3 10 -3 10 -3 10 -3 9 -2 9 -2 9 -1 9 -1 9 -1 9 -1 9 -1 9 0 9 0 9 0 9 0 9 0 9 0 9 0 9 1 9 1 9 1 9 1 9 0 0 1 9 1 9 1 9 1 9 1 9 0 9 0 9 0 9 0 9 0 9 0 9 0 8 -1 8 -1 8 -1 8 -1 8 -1 8 -2 7 -2 7 -2 7 -2 7 -3 6 -3 6 -3 6 -3 6 -4 5 0 0 0 0 0 0 0 0 0 0 ]
CSI_DATA,AP,10:B4:1D:CC:60:E0,-27,11,1,7,1,1,1,1,0,0,1,-95,0,6,2,8190246,0,68,0,0,7.89966,384,[0 0 0 0 0 0 0 0 0 0 0 0 -12 -2 -12 -2 -12 -2 -11 -2 -11 -2 -11 -2 -11 -2 -11 -1 -11 -1 -10 -1 -11 -1 -10 -1 -10 0 -10 0 -10 0 -10 0 -10 0 -10 1 -10 1 -10 1 -10 1 -10 1 -10 1 -10 2 -10 2 -10 2 0 0 -10 1 -10 1 -10 1 -10 1 -11 1 -11 1 -10 1 -10 1 -10 0 -10 0 -10 0 -10 0 -10 -1 -9 -1 -9 -1 -9 -1 -9 -1 -9 -2 -8 -2 -8 -2 -8 -2 -8 -3 -7 -3 -7 -3 -7 -3 -7 -3 0 0 0 0 0 0 0 0 0 0 ]
CSI_DATA,AP,10:B4:1D:CC:60:E0,-27,11,1,7,1,1,1,1,0,0,1,-95,0,6,2,8280838,0,68,0,0,7.99026,384,[0 0 0 0 0 0 0 0 0 0 0 0 -10 -7 -9 -7 -9 -7 -9 -7 -9 -7 -9 -7 -9 -7 -9 -6 -9 -6 -9 -6 -9 -5 -9 -5 -9 -5 -9 -5 -9 -5 -9 -4 -9 -4 -9 -4 -9 -4 -9 -4 -9 -4 -10 -4 -10 -3 -10 -3 -10 -3 -10 -3 0 0 -10 -3 -10 -3 -10 -3 -10 -4 -10 -4 -10 -4 -10 -4 -9 -5 -10 -5 -10 -4 -9 -4 -9 -4 -9 -5 -8 -5 -8 -5 -8 -5 -8 -5 -7 -5 -7 -5 -6 -6 -6 -6 -6 -6 -5 -5 -5 -6 -5 -6 -4 -6 0 0 0 0 0 0 0 0 0 0 ]
CSI_DATA,AP,10:B4:1D:CC:60:E0,-27,11,1,7,1,1,1,1,0,0,1,-95,0,6,2,8370252,0,68,0,0,8.07967,384,[0 0 0 0 0 0 0 0 0 0 0 0 -11 5 -10 5 -10 5 -10 5 -10 5 -10 5 -9 5 -9 5 -9 5 -9 5 -9 5 -8 6 -8 6 -8 6 -8 6 -8 6 -7 6 -7 6 -7 7 -7 7 -7 6 -7 7 -7 7 -7 7 -7 7 -7 7 0 0 -7 7 -7 7 -7 7 -7 7 -7 7 -7 7 -7 7 -7 6 -8 6 -8 6 -8 6 -8 5 -8 5 -8 5 -8 5 -8 4 -8 4 -7 4 -7 3 -7 3 -7 3 -7 3 -7 2 -7 2 -7 1 -7 1 0 0 0 0 0 0 0 0 0 0 ]
CSI_DATA,AP,10:B4:1D:CC:60:E0,-27,11,1,7,1,1,1,1,0,0,1,-95,0,6,2,8460296,0,68,0,0,8.16972,384,[0 0 0 0 0 0 0 0 0 0 0 0 -4 -11 -4 -11 -4 -11 -4 -11 -4 -10 -4 -10 -4 -10 -4 -10 -4 -10 -5 -9 -5 -9 -5 -9 -5 -9 -5 -9 -6 -9 -5 -8 -5 -9 -6 -8 -6 -8 -6 -8 -6 -8 -6 -8 -6 -8 -6 -8 -7 -8 -7 -8 0 0 -7 -8 -7 -8 -7 -9 -6 -8 -6 -8 -6 -9 -5 -9 -5 -9 -5 -9 -5 -9 -5 -8 -5 -9 -4 -9 -4 -9 -4 -8 -3 -8 -3 -8 -3 -8 -2 -8 -2 -8 -2 -8 -1 -8 -2 -8 -1 -7 -1 -7 0 -7 0 0 0 0 0 0 0 0 0 0 ]
CSI_DATA,AP,10:B4:1D:CC:60:E0,-27,11,1,7,1,1,1,1,0,0,1,-95,0,6,2,8550395,0,68,0,0,8.25982,384,[0 0 0 0 0 0 0 0 0 0 0 0 9 -6 9 -6 9 -6 9 -6 9 -6 8 -6 8 -6 8 -6 8 -6 8 -6 7 -7 7 -7 7 -7 7 -7 7 -7 7 -7 6 -7 6 -7 6 -7 6 -7 6 -7 6 -8 6 -8 6 -8 6 -8 6 -8 0 0 6 -8 6 -8 6 -8 6 -8 6 -8 6 -8 7 -8 6 -8 7 -7 7 -7 6 -7 6 -7 6 -6 6 -6 6 -6 6 -5 6 -5 6 -5 6 -4 6 -4 6 -4 6 -4 6 -3 6 -3 6 -2 6 -2 0 0 0 0 0 0 0 0 0 0 ]
CSI_DATA,AP,10:B4:1D:CC:60:E0,-27,11,1,7,1,1,1,1,0,0,1,-95,0,6,2,8640273,0,68,0,0,8.3497,384,[0 0 0 0 0 0 0 0 0 0 0 0 11 0 11 0 11 0 10 0 10 0 10 0 10 -1 10 -1 10 -1 10 -1 9 -1 9 -1 9 -2 9 -2 9 -2 9 -2 9 -3 9 -3 9 -3 9 -3 9 -3 9 -3 9 -3 9 -4 9 -4 9 -4 0 0 9 -4 9 -4 9 -3 9 -4 9 -3 9 -3 9 -3 9 -3 9 -3 9 -3 9 -2 9 -2 9 -2 8 -2 8 -1 8 -1 8 -1 8 -1 7 -1 7 0 7 0 7 0 6 0 6 0 6 1 6 1 0 0 0 0 0 0 0 0 0 0 ]
CSI_DATA,AP,10:B4:1D:CC:60:E0,-27,11,1,7,1,1,1,1,0,0,1,-95,0,6,2,8730355,0,68,0,0,8.43978,384,[0 0 0 0 0 0 0 0 0 0 0 0 -8 8 -8 8 -7 8 -7 8 -7 8 -7 8 -7 8 -7 8 -7 8 -6 8 -6 8 -6 8 -6 8 -5 8 -5 8 -5 8 -5 8 -5 8 -4 8 -4 8 -4 8 -4 9 -4 9 -4 9 -4 9 -4 9 0 0 -4 9 -4 9 -4 9 -4 9 -4 8 -4 9 -4 9 -5 9 -5 8 -5 8 -5 8 -5 8 -5 7 -5 7 -5 7 -5 6 -6 6 -5 6 -5 5 -6 5 -6 5 -6 5 -6 4 -6 4 -6 3 -6 3 0 0 0 0 0 0 0 0 0 0 ]
CSI_DATA,AP,10:B4:1D:CC:60:E0,-27,11,1,7,1,1,1,1,0,0,1,-95,0,6,2,8820525,0,68,0,0,8.52995,384,[0 0 0 0 0 0 0 0 0 0 0 0 -12 0 -12 0 -11 0 -11 0 -11 0 -11 0 -11 0 -11 0 -11 0 -10 1 -10 1 -10 1 -10 2 -10 2 -10 2 -10 2 -10 2 -10 2 -10 3 -10 2 -9 2 -10 3 -9 3 -9 3 -9 3 -10 3 0 0 -10 3 -10 3 -10 3 -10 3 -10 3 -10 3 -10 2 -10 2 -10 2 -10 1 -10 2 -10 1 -10 1 -9 1 -9 0 -9 0 -9 0 -9 0 -8 -1 -8 -1 -8 -1 -8 -2 -8 -1 -7 -2 -7 -2 -7 -2 0 0 0 0 0 0 0 0 0 0 ]
CSI_DATA,AP,10:B4:1D:CC:60:E0,-27,11,1,7,1,1,1,1,0,0,1,-95,0,6,2,8910317,0,68,0,0,8.61973,384,[0 0 0 0 0 0 0 0 0 0 0 0 0 11 1 10 1 10 1 10 1 10 1 10 1 10 1 9 1 9 1 9 2 9 2 9 2 9 2 9 2 9 2 8 2 9 3 8 3 8 3 8 3 8 3 8 3 8 3 8 3 8 3 8 0 0 3 9 3 8 3 9 3 9 3 9 3 9 2 9 2 9 2 9 2 8 2 8 1 9 1 8 1 8 1 8 0 8 0 8 0 7 -1 7 -1 7 -1 7 -2 7 -1 6 -2 6 -2 6 -2 5 0 0 0 0 0 0 0 0 0 0 ]
CSI_DATA,AP,10:B4:1D:CC:60:E0,-28,11,1,7,1,1,1,1,0,0,1,-95,0,6,2,9000257,0,68,0,0,8.70968,384,[0 0 0 0 0 0 0 0 0 0 0 0 11 2 11 2 10 2 10 2 10 1 10 1 10 1 10 1 10 1 10 0 10 0 9 0 10 -1 10 -1 10 -1 9 -1 9 -2 9 -2 9 -2 9 -2 9 -2 9 -2 9 -3 9 -3 10 -3 9 -3 0 0 10 -3 10 -3 10 -3 10 -4 10 -3 10 -3 10 -3 10 -3 10 -2 10 -2 10 -2 10 -2 9 -1 9 -2 9 -1 9 -1 9 -1 9 -1 8 0 8 0 8 0 8 1 7 1 7 1 7 2 7 2 0 0 0 0 0 0 0 0 0 0 ]
CSI_DATA,AP,10:B4:1D:CC:60:E0,-27,11,1,7,1,1,1,1,0,0,1,-95,0,6,2,9090402,0,68,0,0,8.79982,384,[0 0 0 0 0 0 0 0 0 0 0 0 10 5 9 4 10 4 9 4 9 4 9 4 9 3 9 3 9 3 9 3 9 3 9 2 9 2 9 2 9 2 9 2 9 1 9 1 9 1 9 1 9 1 10 1 10 0 10 0 10 1 10 0 0 0 10 1 10 0 10 1 10 1 10 1 10 1 10 1 10 1 9 2 9 2 9 2 9 2 9 2 8 3 8 2 8 3 8 3 7 3 7 3 7 3 6 3 6 4 6 4 5 4 5 4 5 5 0 0 0 0 0 0 0 0 0 0 ]
CSI_DATA,AP,10:B4:1D:CC:60:E0,-25,11,1,7,1,1,1,1,0,0,1,-95,0,6,2,9180346,0,68,0,0,8.88977,384,[0 0 0 0 0 0 0 0 0 0 0 0 11 0 11 0 11 0 10 -1 10 -1 10 -1 10 -1 10 -1 10 -1 10 -2 10 -2 9 -2 9 -2 9 -3 9 -3 9 -3 9 -3 9 -3 9 -4 9 -4 9 -4 9 -4 9 -4 9 -5 9 -5 9 -5 0 0 9 -5 9 -5 9 -5 9 -5 9 -5 9 -5 9 -4 9 -4 9 -4 10 -4 9 -4 9 -3 9 -3 9 -3 9 -3 9 -2 8 -2 8 -2 8 -2 8 -1 8 -1 8 -1 7 0 7 0 7 0 7 1 0 0 0 0 0 0 0 0 0 0 ]
CSI_DATA,AP,10:B4:1D:CC:60:E0,-25,11,1,7,1,1,1,1,0,0,1,-95,0,6,2,9270263,0,68,0,0,8.97968,384,[0 0 0 0 0 0 0 0 0 0 0 0 11 2 10 2 10 2 10 1 10 1 10 1 10 1 10 1 10 1 10 1 9 0 9 0 9 0 9 -1 9 -1 9 -1 9 -1 9 -2 9 -2 9 -2 9 -2 9 -2 9 -2 9 -3 9 -3 9 -3 0 0 10 -3 10 -3 9 -3 10 -3 10 -2 10 -2 10 -2 10 -2 10 -2 10 -2 10 -1 9 -1 9 -1 9 0 9 0 8 0 8 0 8 0 8 0 7 1 7 1 7 1 7 1 7 2 6 2 6 2 0 0 0 0 0 0 0 0 0 0 ]
CSI_DATA,AP,10:B4:1D:CC:60:E0,-26,11,1,7,1,1,1,1,0,0,1,-95,0,6,2,9360371,0,68,0,0,9.06979,384,[0 0 0 0 0 0 0 0 0 0 0 0 6 8 6 8 6 8 6 8 6 8 6 7 6 8 6 7 6 7 6 7 6 7 7 6 7 6 7 6 7 6 7 6 7 5 7 5 8 5 8 5 8 5 8 5 8 5 8 5 8 5 8 4 0 0 8 5 8 5 8 5 8 5 8 5 8 6 8 6 8 6 8 6 8 6 7 6 7 6 6 6 6 6 6 6 6 6 5 6 5 6 4 6 4 6 4 6 3 6 3 6 3 6 2 6 2 6 0 0 0 0 0 0 0 0 0 0 ]
CSI_DATA,AP,10:B4:1D:CC:60:E0,-27,11,1,7,1,1,1,1,0,0,1,-95,0,6,2,9450342,0,68,0,0,9.15976,384,[0 0 0 0 0 0 0 0 0 0 0 0 0 -11 -1 -11 -1 -11 -1 -11 -1 -11 -1 -11 -1 -11 -1 -10 -2 -10 -2 -10 -2 -10 -2 -10 -3 -10 -3 -10 -3 -10 -3 -10 -4 -10 -4 -9 -4 -10 -4 -10 -4 -9 -5 -9 -4 -9 -5 -10 -5 -10 -5 -9 0 0 -5 -10 -5 -10 -5 -10 -5 -10 -5 -10 -5 -10 -5 -10 -4 -10 -4 -10 -4 -10 -4 -10 -3 -10 -3 -10 -3 -10 -3 -9 -2 -9 -2 -9 -2 -9 -1 -8 -1 -8 -1 -8 -1 -8 0 -8 0 -8 0 -7 1 -7 0 0 0 0 0 0 0 0 0 0 ]
CSI_DATA,AP,10:B4:1D:CC:60:E0,-27,11,1,7,1,1,1,1,0,0,1,-95,0,6,2,9540351,0,68,0,0,9.24977,384,[0 0 0 0 0 0 0 0 0 0 0 0 3 10 3 10 3 10 3 10 3 10 3 10 4 9 4 9 4 9 4 9 4 8 4 8 5 8 5 8 5 8 5 8 5 8 5 7 6 8 6 8 6 7 6 7 6 7 7 7 7 7 7 7 0 0 7 8 7 8 7 8 7 8 6 8 6 8 6 8 6 8 6 8 5 8 5 8 5 8 5 8 4 8 4 8 3 8 3 8 3 8 3 7 2 7 2 7 1 7 1 7 1 7 0 7 0 7 0 0 0 0 0 0 0 0 0 0 ]
CSI_DATA,AP,10:B4:1D:CC:60:E0,-26,11,1,7,1,1,1,1,0,0,1,-95,0,6,2,9633365,0,68,0,0,9.34279,384,[0 0 0 0 0 0 0 0 0 0 0 0 -8 -9 -8 -9 -8 -8 -8 -8 -8 -8 -8 -8 -8 -8 -8 -8 -8 -7 -8 -7 -9 -7 -8 -7 -9 -6 -9 -6 -9 -6 -9 -5 -9 -6 -9 -5 -9 -5 -10 -5 -10 -5 -10 -5 -10 -4 -10 -4 -10 -4 -11 -4 0 0 -11 -4 -10 -4 -11 -5 -10 -4 -11 -5 -10 -5 -10 -5 -10 -5 -10 -6 -10 -6 -10 -5 -9 -6 -9 -6 -9 -6 -8 -6 -8 -6 -8 -6 -8 -6 -7 -6 -7 -6 -6 -6 -6 -6 -6 -6 -5 -6 -5 -6 -4 -7 0 0 0 0 0 0 0 0 0 0 ]
CSI_DATA,AP,10:B4:1D:CC:60:E0,-27,11,1,7,1,1,1,1,0,0,1,-95,0,6,2,9720249,0,68,0,0,9.42966,384,[0 0 0 0 0 0 0 0 0 0 0 0 -12 1 -12 1 -11 1 -11 2 -11 2 -11 2 -11 2 -11 2 -11 2 -10 2 -10 2 -10 3 -10 3 -10 3 -10 3 -10 3 -10 4 -10 4 -9 4 -9 4 -9 4 -9 5 -9 5 -10 5 -9 5 -10 5 0 0 -10 5 -10 5 -10 5 -10 5 -10 5 -10 5 -10 5 -10 4 -10 4 -10 3 -10 3 -10 3 -10 3 -10 2 -9 2 -10 2 -9 2 -9 1 -9 1 -9 1 -9 0 -8 0 -8 0 -8 -1 -8 -1 -8 -2 0 0 0 0 0 0 0 0 0 0 ]
CSI_DATA,AP,10:B4:1D:CC:60:E0,-27,11,1,7,1,1,1,1,0,0,1,-95,0,6,2,9810308,0,68,0,0,9.51973,384,[0 0 0 0 0 0 0 0 0 0 0 0 -7 -10 -7 -9 -7 -10 -7 -9 -7 -9 -7 -9 -7 -9 -7 -9 -7 -8 -8 -8 -7 -8 -7 -8 -8 -7 -8 -7 -8 -7 -8 -7 -8 -6 -9 -6 -9 -6 -9 -6 -9 -6 -9 -6 -10 -6 -9 -6 -10 -6 -10 -6 0 0 -10 -6 -10 -6 -10 -6 -10 -6 -10 -6 -10 -6 -10 -6 -9 -7 -9 -7 -9 -7 -8 -7 -9 -7 -8 -7 -8 -7 -8 -7 -7 -7 -7 -7 -6 -7 -6 -7 -6 -7 -6 -7 -5 -7 -5 -7 -4 -7 -4 -7 -3 -7 0 0 0 0 0 0 0 0 0 0 ]
CSI_DATA,AP,10:B4:1D:CC:60:E0,-27,11,1,7,1,1,1,1,0,0,1,-95,0,6,2,9900206,0,68,0,0,9.60963,384,[0 0 0 0 0 0 0 0 0 0 0 0 -12 1 -11 1 -11 1 -11 1 -11 1 -11 1 -11 1 -11 1 -10 1 -10 2 -10 2 -10 3 -10 3 -10 3 -10 3 -10 3 -10 3 -9 4 -9 4 -10 4 -9 4 -9 4 -9 4 -9 5 -9 5 -10 5 0 0 -10 5 -10 5 -9 5 -10 5 -10 5 -10 4 -10 4 -10 4 -10 3 -10 3 -10 3 -10 3 -10 3 -10 2 -10 2 -10 2 -9 1 -9 1 -9 1 -9 0 -9 0 -8 0 -8 0 -8 -1 -8 -1 -7 -2 0 0 0 0 0 0 0 0 0 0 ]
CSI_DATA,AP,10:B4:1D:CC:60:E0,-26,11,1,7,1,1,1,1,0,0,1,-95,0,6,2,9990436,0,68,0,0,9.69986,384,[0 0 0 0 0 0 0 0 0 0 0 0 8 7 8 7 8 7 8 6 8 6 7 6 8 6 8 6 8 5 8 5 8 5 8 4 8 4 8 4 8 4 8 4 8 3 9 3 9 3 9 3 9 3 9 3 9 2 9 2 9 2 9 2 0 0 10 2 10 2 9 2 10 2 10 2 10 3 10 3 9 3 9 3 9 3 9 3 9 4 8 4 8 4 8 4 7 4 7 4 7 4 7 4 6 4 6 4 6 5 5 5 5 5 4 5 4 5 0 0 0 0 0 0 0 0 0 0 ]
CSI_DATA,AP,10:B4:1D:CC:60:E0,-26,11,1,7,1,1,1,1,0,0,1,-95,0,6,2,10080441,0,68,0,0,9.78986,384,[0 0 0 0 0 0 0 0 0 0 0 0 -5 -10 -5 -10 -6 -11 -6 -10 -6 -10 -6 -10 -5 -10 -6 -9 -6 -9 -6 -9 -6 -8 -6 -8 -7 -8 -7 -8 -7 -8 -7 -8 -7 -8 -7 -7 -8 -7 -8 -7 -8 -7 -8 -7 -8 -7 -9 -7 -9 -7 -8 -7 0 0 -9 -7 -9 -7 -9 -7 -9 -7 -9 -7 -8 -8 -8 -8 -8 -8 -8 -8 -8 -8 -8 -8 -7 -8 -7 -8 -6 -8 -6 -8 -6 -8 -5 -8 -5 -8 -5 -8 -4 -8 -4 -8 -4 -8 -3 -8 -3 -8 -3 -8 -2 -7 0 0 0 0 0 0 0 0 0 0 ]
CSI_DATA,AP,10:B4:1D:CC:60:E0,-27,11,1,7,1,1,1,1,0,0,1,-95,0,6,2,10172535,0,68,0,0,9.88196,384,[0 0 0 0 0 0 0 0 0 0 0 0 11 0 10 0 10 0 10 0 10 0 10 -1 10 -1 10 -1 10 -1 9 -1 9 -2 9 -2 9 -2 9 -2 9 -3 9 -3 9 -3 9 -3 9 -4 9 -4 9 -4 9 -4 9 -4 9 -4 9 -4 9 -4 0 0 9 -5 9 -4 9 -4 9 -4 9 -4 9 -4 9 -4 9 -4 9 -3 9 -3 9 -3 9 -3 9 -2 9 -2 9 -2 8 -1 8 -1 8 -1 8 -1 7 0 7 0 7 0 7 0 7 1 6 1 6 1 0 0 0 0 0 0 0 0 0 0 ]
CSI_DATA,AP,10:B4:1D:CC:60:E0,-26,11,1,6,1,1,1,1,0,0,0,-95,0,6,2,10263075,0,68,0,0,9.9725,384,[0 0 0 0 0 0 0 0 0 0 0 0 -11 -1 -11 -1 -11 -1 -11 -1 -11 -1 -11 -1 -10 0 -10 0 -10 0 -10 0 -10 0 -10 1 -10 1 -10 1 -10 1 -9 2 -10 2 -9 2 -10 2 -10 2 -9 2 -9 3 -9 3 -10 3 -9 3 -9 3 0 0 -10 3 -10 3 -10 3 -10 3 -10 3 -10 3 -10 3 -10 2 -10 2 -10 2 -10 2 -10 1 -10 1 -9 1 -9 1 -9 1 -9 0 -9 0 -9 0 -8 0 -8 -1 -8 -1 -8 -1 -7 -1 -7 -2 -7 -2 0 0 0 0 0 0 0 0 0 0 ]
CSI_DATA,AP,10:B4:1D:CC:60:E0,-25,11,1,7,1,1,1,1,0,0,1,-95,0,6,2,10350377,0,68,0,0,10.0598,384,[0 0 0 0 0 0 0 0 0 0 0 0 6 -10 6 -10 6 -9 5 -9 5 -9 5 -9 5 -9 5 -9 4 -9 4 -9 4 -9 4 -9 3 -9 3 -9 3 -9 3 -9 3 -10 3 -9 2 -10 2 -10 2 -10 2 -10 2 -10 2 -10 1 -10 2 -10 0 0 2 -10 2 -11 2 -11 2 -11 2 -10 2 -10 2 -10 3 -10 3 -10 3 -10 3 -9 3 -9 3 -9 3 -9 4 -8 4 -8 4 -8 4 -8 4 -7 4 -7 4 -7 4 -6 4 -6 5 -6 5 -5 5 -5 0 0 0 0 0 0 0 0 0 0 ]
CSI_DATA,AP,10:B4:1D:CC:60:E0,-25,11,1,7,1,1,1,1,0,0,1,-95,0,6,2,10440153,0,68,0,0,10.1496,384,[0 0 0 0 0 0 0 0 0 0 0 0 -7 9 -7 9 -7 9 -6 8 -6 9 -6 8 -6 9 -5 8 -5 8 -5 8 -5 8 -4 8 -4 8 -4 8 -4 8 -4 8 -3 8 -3 9 -3 9 -3 9 -2 9 -2 9 -2 9 -2 9 -2 9 -2 9 0 0 -2 9 -2 9 -2 9 -2 9 -2 9 -2 9 -3 9 -3 9 -3 9 -3 9 -4 8 -4 8 -4 8 -4 8 -4 8 -4 7 -4 7 -4 7 -4 6 -4 6 -5 6 -5 6 -5 5 -5 5 -5 5 -5 4 0 0 0 0 0 0 0 0 0 0 ]
CSI_DATA,AP,10:B4:1D:CC:60:E0,-26,11,1,7,1,1,1,1,0,0,1,-95,0,6,2,10530319,0,68,0,0,10.2397,384,[0 0 0 0 0 0 0 0 0 0 0 0 3 10 3 10 3 10 3 10 3 10 3 9 3 9 4 9 3 9 4 9 4 8 4 8 4 8 5 8 5 8 5 7 5 7 5 7 5 7 5 7 5 7 6 7 6 7 6 7 6 7 6 7 0 0 6 7 6 7 6 7 6 7 6 7 6 8 6 8 6 8 5 8 5 8 5 7 5 8 4 8 4 8 4 7 3 7 3 7 3 7 2 7 2 7 2 7 1 7 1 7 1 7 0 6 0 6 0 0 0 0 0 0 0 0 0 0 ]
CSI_DATA,AP,10:B4:1D:CC:60:E0,-28,11,1,7,1,1,1,1,0,0,1,-95,0,6,2,10620225,0,68,0,0,10.3297,384,[0 0 0 0 0 0 0 0 0 0 0 0 9 5 9 4 9 4 9 4 9 4 9 4 9 4 9 3 9 3 9 3 9 3 9 3 9 2 9 2 9 2 9 1 9 1 9 1 9 1 9 1 9 1 9 0 10 0 10 0 10 0 10 0 0 0 10 0 10 0 10 0 10 0 10 1 10 1 10 1 10 1 10 1 10 2 9 2 9 2 9 2 8 2 8 2 8 2 8 3 7 3 7 3 7 3 6 3 6 3 6 4 5 4 5 4 5 4 0 0 0 0 0 0 0 0 0 0 ]
CSI_DATA,AP,10:B4:1D:CC:60:E0,-27,11,1,7,1,1,1,1,0,0,1,-95,0,6,2,10710225,0,68,0,0,10.4196,384,[0 0 0 0 0 0 0 0 0 0 0 0 9 -6 9 -6 8 -6 8 -7 8 -6 8 -7 8 -6 7 -6 7 -7 7 -7 7 -7 7 -7 6 -7 6 -7 6 -7 6 -7 6 -8 6 -8 5 -8 5 -8 5 -8 5 -8 5 -8 5 -9 5 -9 5 -9 0 0 6 -9 5 -9 5 -9 5 -9 6 -9 6 -9 6 -9 6 -8 6 -8 6 -8 6 -8 6 -8 6 -7 6 -7 6 -6 6 -6 6 -6 6 -6 6 -5 6 -5 6 -4 6 -4 6 -4 6 -4 6 -3 6 -3 0 0 0 0 0 0 0 0 0 0 ]
CSI_DATA,AP,10:B4:1D:CC:60:E0,-28,11,1,7,1,1,1,1,0,0,1,-95,0,6,2,10800293,0,68,0,0,10.5097,384,[0 0 0 0 0 0 0 0 0 0 0 0 -7 9 -7 9 -6 9 -6 9 -6 9 -6 9 -6 9 -5 9 -5 9 -5 9 -5 9 -4 9 -4 9 -4 9 -4 9 -4 9 -4 9 -3 9 -3 9 -3 9 -3 9 -3 9 -3 9 -2 10 -2 10 -2 9 0 0 -3 10 -3 10 -3 10 -3 10 -3 10 -3 10 -4 10 -4 10 -4 9 -4 9 -4 9 -4 9 -5 9 -5 9 -5 8 -5 8 -5 7 -5 7 -6 6 -5 6 -6 6 -6 6 -6 5 -6 5 -6 4 -6 4 0 0 0 0 0 0 0 0 0 0 ]
CSI_DATA,AP,10:B4:1D:CC:60:E0,-28,11,1,7,1,1,1,1,0,0,1,-95,0,6,2,10890373,0,68,0,0,10.5998,384,[0 0 0 0 0 0 0 0 0 0 0 0 3 -11 4 -11 3 -11 3 -11 3 -11 3 -11 3 -10 2 -11 2 -10 2 -11 1 -11 1 -10 1 -10 0 -10 0 -11 0 -10 0 -11 0 -10 -1 -11 -1 -11 -1 -10 -1 -11 -1 -10 -2 -10 -2 -11 -2 -11 0 0 -1 -11 -2 -11 -2 -11 -2 -11 -2 -11 -1 -11 -1 -11 -1 -11 -1 -11 0 -11 -1 -11 -1 -11 0 -11 0 -10 0 -10 1 -10 1 -9 1 -9 1 -9 1 -8 2 -8 2 -8 2 -8 2 -8 2 -8 3 -7 0 0 0 0 0 0 0 0 0 0 ]
CSI_DATA,AP,10:B4:1D:CC:60:E0,-28,11,1,7,1,1,1,1,0,0,1,-95,0,6,2,10980390,0,68,0,0,10.6898,384,[0 0 0 0 0 0 0 0 0 0 0 0 -11 -1 -12 -1 -11 -1 -11 -1 -11 -1 -11 -1 -11 0 -11 0 -11 0 -11 0 -11 0 -10 1 -10 1 -10 1 -10 1 -10 1 -10 2 -10 2 -10 2 -10 2 -10 2 -10 3 -10 3 -10 3 -10 3 -10 3 0 0 -10 3 -10 3 -11 3 -11 3 -11 3 -11 3 -11 3 -11 2 -11 2 -11 2 -11 2 -10 1 -10 1 -10 1 -10 1 -10 0 -10 0 -9 0 -9 0 -9 -1 -9 -1 -9 -1 -8 -2 -8 -2 -8 -2 -8 -3 0 0 0 0 0 0 0 0 0 0 ]
CSI_DATA,AP,10:B4:1D:CC:60:E0,-28,11,1,7,1,1,1,1,0,0,1,-95,0,6,2,11070426,0,68,0,0,10.7798,384,[0 0 0 0 0 0 0 0 0 0 0 0 0 11 0 11 0 11 0 10 0 10 0 10 0 10 0 10 0 10 1 10 1 9 1 9 2 9 2 9 2 9 2 9 2 9 2 9 3 9 3 9 3 9 3 9 3 9 4 9 4 9 4 9 0 0 4 9 4 9 4 9 4 9 3 9 3 10 3 10 3 9 2 9 2 9 2 9 2 9 2 9 1 9 1 8 1 8 1 8 0 8 0 8 0 8 -1 8 -1 8 -1 7 -2 7 -2 7 -2 6 0 0 0 0 0 0 0 0 0 0 ]
CSI_DATA,AP,10:B4:1D:CC:60:E0,-28,11,1,7,1,1,1,1,0,0,1,-95,0,6,2,11160258,0,68,0,0,10.8697,384,[0 0 0 0 0 0 0 0 0 0 0 0 11 -4 10 -3 10 -3 10 -4 10 -3 10 -4 9 -4 9 -4 9 -4 9 -4 9 -4 9 -5 8 -5 8 -5 8 -5 8 -6 8 -6 8 -6 8 -6 8 -6 8 -6 8 -6 8 -6 7 -7 7 -7 8 -7 0 0 8 -7 8 -7 8 -7 8 -7 8 -7 8 -7 8 -6 8 -6 8 -6 9 -6 8 -6 8 -5 8 -5 8 -5 8 -5 8 -4 8 -4 8 -4 8 -3 8 -3 8 -3 7 -2 7 -2 7 -2 7 -1 7 -1 0 0 0 0 0 0 0 0 0 0 ]
CSI_DATA,AP,10:B4:1D:CC:60:E0,-28,11,1,7,1,1,1,1,0,0,1,-95,0,6,2,11250267,0,68,0,0,10.9597,384,[0 0 0 0 0 0 0 0 0 0 0 0 10 -3 10 -3 10 -3 10 -3 10 -4 10 -4 9 -3 9 -4 9 -4 9 -4 9 -4 8 -5 8 -5 8 -5 8 -5 8 -5 8 -5 8 -6 7 -6 7 -6 7 -6 7 -6 8 -7 7 -7 7 -7 7 -7 0 0 8 -7 7 -7 7 -7 8 -7 8 -7 8 -7 8 -6 8 -6 8 -6 8 -6 8 -6 8 -6 8 -5 8 -5 8 -4 8 -4 7 -4 7 -4 7 -3 7 -3 7 -3 7 -2 7 -2 7 -2 7 -2 6 -1 0 0 0 0 0 0 0 0 0 0 ]
CSI_DATA,AP,10:B4:1D:CC:60:E0,-28,11,1,7,1,1,1,1,0,0,1,-95,0,6,2,11340202,0,68,0,0,11.0496,384,[0 0 0 0 0 0 0 0 0 0 0 0 -6 9 -6 9 -6 9 -5 9 -5 9 -5 9 -5 9 -5 9 -5 9 -4 9 -4 9 -4 9 -3 9 -3 9 -3 9 -3 9 -3 9 -2 9 -2 9 -2 9 -2 9 -2 9 -2 9 -1 10 -1 10 -1 9 0 0 -2 9 -2 10 -2 9 -2 10 -2 10 -2 10 -2 10 -3 10 -3 9 -3 9 -3 9 -3 9 -3 9 -4 8 -4 8 -4 8 -4 8 -4 7 -4 7 -4 7 -5 6 -5 6 -5 6 -5 6 -5 5 -5 4 0 0 0 0 0 0 0 0 0 0 ]
CSI_DATA,AP,10:B4:1D:CC:60:E0,-28,11,1,7,1,1,1,1,0,0,1,-95,0,6,2,11430259,0,68,0,0,11.1397,384,[0 0 0 0 0 0 0 0 0 0 0 0 1 10 1 10 1 10 2 10 1 10 2 10 2 9 2 9 2 9 2 9 2 9 3 9 3 9 3 8 3 9 4 8 4 8 4 8 4 8 4 8 4 8 4 8 5 8 5 8 5 8 5 8 0 0 5 8 5 8 5 8 5 8 5 8 5 9 5 9 4 9 4 8 4 9 4 8 4 9 3 8 3 8 3 8 2 8 2 8 2 8 2 7 1 7 1 7 1 7 1 7 0 7 0 7 -1 6 0 0 0 0 0 0 0 0 0 0 ]
CSI_DATA,AP,10:B4:1D:CC:60:E0,-28,11,1,7,1,1,1,1,0,0,1,-96,0,6,2,11520329,0,68,0,0,11.2298,384,[0 0 0 0 0 0 0 0 0 0 0 0 5 9 6 9 5 9 6 9 6 8 5 8 5 8 5 8 6 8 6 7 6 7 6 7 7 7 7 7 7 6 7 6 7 6 7 5 8 6 8 6 7 5 8 5 8 5 8 5 8 5 8 5 0 0 8 5 8 5 9 5 9 5 8 5 8 6 8 6 8 6 8 6 7 6 7 5 7 6 7 6 6 6 7 6 6 6 6 6 6 6 5 6 4 6 4 6 4 6 3 6 4 6 3 6 3 6 0 0 0 0 0 0 0 0 0 0 ]
CSI_DATA,AP,10:B4:1D:CC:60:E0,-28,11,1,7,1,1,1,1,0,0,1,-96,0,6,2,11610292,0,68,0,0,11.3197,384,[0 0 0 0 0 0 0 0 0 0 0 0 -12 -2 -12 -1 -12 -1 -11 -1 -11 -1 -11 -1 -11 -1 -11 -1 -11 0 -11 0 -11 0 -11 0 -11 1 -10 1 -10 1 -10 1 -10 1 -10 2 -10 2 -10 2 -10 2 -10 2 -10 3 -10 3 -10 3 -10 3 0 0 -11 3 -11 3 -10 3 -11 3 -11 2 -11 2 -11 2 -11 2 -11 2 -11 1 -11 1 -10 1 -10 1 -10 1 -10 0 -10 0 -9 0 -9 0 -9 0 -9 -1 -9 -1 -8 -1 -8 -2 -8 -2 -8 -2 -7 -3 0 0 0 0 0 0 0 0 0 0 ]
CSI_DATA,AP,10:B4:1D:CC:60:E0,-28,11,1,7,1,1,1,1,0,0,1,-96,0,6,2,11700238,0,68,0,0,11.4097,384,[0 0 0 0 0 0 0 0 0 0 0 0 9 -5 9 -5 9 -5 8 -5 9 -6 8 -5 8 -6 8 -6 8 -6 8 -6 7 -6 7 -6 7 -6 7 -6 6 -7 7 -7 6 -7 6 -7 6 -7 6 -8 6 -8 6 -8 6 -8 6 -8 6 -8 6 -8 0 0 6 -8 6 -9 6 -8 6 -9 6 -8 6 -8 6 -8 6 -8 6 -8 7 -8 7 -7 7 -7 7 -6 6 -6 7 -6 6 -6 6 -6 6 -5 6 -5 6 -5 6 -4 6 -4 6 -4 6 -3 6 -3 6 -2 0 0 0 0 0 0 0 0 0 0 ]
CSI_DATA,AP,10:B4:1D:CC:60:E0,-28,11,1,7,1,1,1,1,0,0,1,-96,0,6,2,11790391,0,68,0,0,11.4998,384,[0 0 0 0 0 0 0 0 0 0 0 0 -12 -2 -11 -1 -11 -1 -11 -1 -11 -1 -11 -1 -11 -1 -11 -1 -11 0 -11 0 -11 0 -10 0 -10 1 -10 1 -10 1 -10 1 -10 1 -10 2 -10 2 -10 2 -10 2 -10 2 -10 2 -10 3 -10 3 -10 3 0 0 -11 3 -10 3 -11 3 -11 3 -11 2 -11 2 -11 2 -11 2 -10 1 -10 1 -11 1 -10 1 -10 1 -10 0 -10 0 -10 0 -9 0 -9 0 -9 -1 -9 -1 -9 -1 -8 -2 -8 -2 -8 -2 -8 -3 -7 -3 0 0 0 0 0 0 0 0 0 0 ]
CSI_DATA,AP,10:B4:1D:CC:60:E0,-28,11,1,7,1,1,1,1,0,0,1,-96,0,6,2,11880297,0,68,0,0,11.5897,384,[0 0 0 0 0 0 0 0 0 0 0 0 11 1 10 1 11 1 10 1 10 1 10 1 10 0 10 0 10 0 10 0 10 0 9 -1 9 -1 9 -1 9 -1 9 -1 9 -2 9 -2 9 -2 9 -2 9 -3 9 -3 9 -3 9 -3 9 -3 9 -3 0 0 9 -3 10 -3 9 -3 10 -3 10 -3 10 -3 10 -2 10 -2 10 -2 10 -2 9 -2 9 -1 9 -1 9 -1 9 -1 8 -1 9 0 8 0 8 0 8 0 8 1 7 1 7 1 7 2 7 2 6 2 0 0 0 0 0 0 0 0 0 0 ]
CSI_DATA,AP,10:B4:1D:CC:60:E0,-28,11,1,7,1,1,1,1,0,0,1,-96,0,6,2,11970167,0,68,0,0,11.6796,384,[0 0 0 0 0 0 0 0 0 0 0 0 -7 -10 -7 -10 -6 -10 -6 -10 -6 -9 -7 -9 -6 -9 -7 -9 -6 -9 -7 -8 -7 -8 -7 -8 -7 -8 -8 -7 -8 -8 -8 -7 -8 -7 -8 -7 -8 -7 -8 -7 -8 -7 -8 -7 -8 -6 -9 -6 -9 -6 -9 -6 0 0 -9 -6 -9 -6 -9 -6 -9 -6 -9 -6 -9 -7 -9 -7 -9 -7 -8 -7 -8 -7 -8 -7 -8 -7 -8 -7 -8 -8 -7 -7 -7 -7 -6 -7 -6 -7 -5 -7 -5 -7 -5 -7 -5 -7 -4 -7 -4 -7 -4 -7 -3 -7 0 0 0 0 0 0 0 0 0 0 ]
CSI_DATA,AP,10:B4:1D:CC:60:E0,-28,11,1,7,1,1,1,1,0,0,1,-96,0,6,2,12060895,0,68,0,0,11.7703,384,[0 0 0 0 0 0 0 0 0 0 0 0 2 -11 2 -11 2 -11 1 -11 1 -11 1 -11 1 -11 1 -11 1 -11 0 -11 0 -10 0 -10 -1 -10 -1 -10 -1 -10 -1 -10 -1 -10 -2 -10 -2 -10 -2 -10 -2 -10 -2 -10 -2 -10 -3 -11 -3 -10 -3 -10 0 0 -3 -11 -3 -11 -3 -11 -3 -11 -3 -11 -2 -11 -2 -11 -2 -11 -2 -11 -2 -11 -2 -10 -1 -10 -1 -10 -1 -10 -1 -10 -1 -9 0 -10 0 -9 0 -9 1 -9 1 -9 1 -8 1 -8 1 -8 2 -7 2 -7 0 0 0 0 0 0 0 0 0 0 ]
CSI_DATA,AP,10:B4:1D:CC:60:E0,-28,11,1,7,1,1,1,1,0,0,1,-96,0,6,2,12150350,0,68,0,0,11.8598,384,[0 0 0 0 0 0 0 0 0 0 0 0 10 -2 10 -2 10 -2 10 -2 10 -2 10 -2 10 -2 9 -2 9 -2 9 -3 9 -3 9 -3 9 -3 8 -4 9 -4 8 -4 8 -4 8 -4 8 -5 8 -5 8 -5 8 -5 8 -5 8 -6 8 -6 8 -6 0 0 8 -6 8 -6 8 -6 8 -6 8 -6 9 -6 8 -5 9 -5 9 -5 9 -5 8 -5 8 -4 8 -4 8 -4 8 -3 8 -3 8 -3 8 -3 7 -2 7 -2 7 -2 7 -1 7 -1 7 -1 6 0 6 0 0 0 0 0 0 0 0 0 0 0 ]
CSI_DATA,AP,10:B4:1D:CC:60:E0,-28,11,1,7,1,1,1,1,0,0,1,-96,0,6,2,12240436,0,68,0,0,11.9499,384,[0 0 0 0 0 0 0 0 0 0 0 0 -4 -11 -4 -10 -4 -11 -4 -10 -4 -10 -4 -10 -4 -10 -4 -10 -5 -9 -5 -9 -5 -9 -5 -9 -5 -9 -5 -9 -5 -9 -6 -8 -6 -8 -6 -8 -6 -8 -7 -8 -7 -8 -7 -8 -7 -8 -7 -8 -7 -8 -7 -8 0 0 -7 -8 -7 -8 -7 -8 -7 -8 -7 -8 -7 -9 -7 -9 -7 -9 -6 -8 -6 -9 -6 -9 -6 -9 -5 -9 -5 -9 -5 -9 -4 -8 -4 -9 -4 -8 -3 -8 -3 -8 -3 -8 -2 -8 -2 -8 -2 -8 -2 -8 -1 -7 0 0 0 0 0 0 0 0 0 0 ]
CSI_DATA,AP,10:B4:1D:CC:60:E0,-27,11,1,7,1,1,1,1,0,0,1,-96,0,6,2,12330397,0,68,0,0,12.0398,384,[0 0 0 0 0 0 0 0 0 0 0 0 4 -10 4 -10 4 -10 4 -10 3 -10 4 -10 4 -10 3 -10 3 -10 3 -10 2 -10 2 -10 2 -10 2 -10 1 -10 1 -10 1 -10 1 -10 1 -10 0 -10 0 -10 0 -10 0 -10 0 -10 -1 -10 0 -10 0 0 0 -11 0 -11 0 -11 0 -11 0 -11 0 -11 0 -11 1 -11 1 -10 1 -10 1 -10 1 -10 1 -10 2 -10 2 -9 2 -9 2 -9 2 -9 2 -8 3 -8 3 -8 3 -7 3 -7 3 -7 3 -7 4 -6 0 0 0 0 0 0 0 0 0 0 ]
CSI_DATA,AP,10:B4:1D:CC:60:E0,-29,11,1,7,1,1,1,1,0,0,1,-96,0,6,2,12420328,0,68,0,0,12.1297,384,[0 0 0 0 0 0 0 0 0 0 0 0 10 1 10 1 11 1 10 1 10 1 10 0 10 1 10 1 10 0 9 0 10 -1 9 -1 9 -1 9 -1 9 -1 9 -2 9 -2 9 -2 9 -2 10 -3 9 -2 9 -3 9 -3 10 -3 9 -3 10 -4 0 0 10 -3 10 -3 10 -4 10 -3 10 -3 10 -3 11 -3 10 -2 10 -2 10 -2 10 -2 10 -2 10 -1 10 -1 10 -1 9 0 9 0 9 0 9 0 8 1 8 1 8 1 7 1 7 2 7 2 7 2 0 0 0 0 0 0 0 0 0 0 ]
CSI_DATA,AP,10:B4:1D:CC:60:E0,-25,11,1,7,1,1,1,1,0,0,1,-96,0,6,2,12510311,0,68,0,0,12.2197,384,[0 0 0 0 0 0 0 0 0 0 0 0 6 9 6 9 6 8 6 8 6 8 6 8 6 8 6 7 6 7 6 7 6 6 6 6 6 7 6 6 7 6 6 6 7 6 7 5 7 6 7 5 7 5 7 5 7 5 8 5 8 5 8 5 0 0 8 5 7 5 8 5 8 5 8 6 8 6 7 6 7 6 7 6 6 6 6 6 6 6 6 6 6 6 5 6 5 6 5 6 4 6 4 6 4 6 3 6 3 6 3 6 2 6 2 6 2 6 0 0 0 0 0 0 0 0 0 0 ]
CSI_DATA,AP,10:B4:1D:CC:60:E0,-26,11,1,7,1,1,1,1,0,0,1,-96,0,6,2,12601288,0,68,0,0,12.3107,384,[0 0 0 0 0 0 0 0 0 0 0 0 -9 6 -9 6 -9 6 -9 6 -9 6 -9 6 -9 6 -8 6 -8 6 -7 6 -7 6 -7 7 -7 7 -7 7 -6 7 -6 7 -6 7 -6 7 -6 8 -6 8 -5 8 -6 8 -5 8 -5 8 -5 8 -5 8 0 0 -6 9 -5 8 -5 8 -6 8 -6 8 -6 8 -6 8 -6 8 -6 8 -7 7 -6 7 -7 7 -6 7 -7 6 -7 6 -7 6 -7 6 -7 5 -7 5 -7 4 -7 4 -7 4 -7 4 -7 3 -7 3 -7 2 0 0 0 0 0 0 0 0 0 0 ]
CSI_DATA,AP,10:B4:1D:CC:60:E0,-27,11,1,7,1,1,1,1,0,0,1,-96,0,6,2,12690199,0,68,0,0,12.3996,384,[0 0 0 0 0 0 0 0 0 0 0 0 0 -11 0 -11 0 -11 -1 -11 -1 -11 -1 -11 -1 -10 -1 -11 -1 -10 -2 -10 -2 -10 -2 -10 -2 -10 -3 -10 -3 -10 -3 -10 -3 -10 -4 -9 -4 -10 -4 -10 -4 -10 -4 -10 -4 -9 -4 -10 -5 -10 -5 -10 0 0 -5 -10 -5 -10 -5 -10 -4 -10 -4 -10 -4 -10 -4 -10 -4 -10 -3 -10 -3 -10 -3 -10 -3 -10 -3 -10 -2 -10 -2 -9 -2 -9 -2 -9 -1 -9 -1 -9 -1 -8 -1 -8 0 -8 0 -8 0 -8 1 -7 1 -7 0 0 0 0 0 0 0 0 0 0 ]
CSI_DATA,AP,10:B4:1D:CC:60:E0,-26,11,1,7,1,1,1,1,0,0,1,-96,0,6,2,12780306,0,68,0,0,12.4897,384,[0 0 0 0 0 0 0 0 0 0 0 0 -10 6 -10 6 -9 6 -9 6 -9 6 -9 6 -9 6 -9 6 -8 6 -8 6 -8 7 -8 6 -7 7 -7 7 -7 7 -7 7 -6 7 -7 7 -6 8 -6 8 -6 7 -6 8 -6 8 -6 8 -6 8 -6 8 0 0 -6 8 -6 8 -6 8 -6 8 -6 8 -7 8 -7 8 -7 8 -7 7 -7 7 -7 7 -7 7 -7 6 -7 6 -7 6 -7 5 -7 5 -7 5 -7 4 -7 4 -7 4 -7 3 -7 3 -7 3 -7 2 -7 1 0 0 0 0 0 0 0 0 0 0 ]
CSI_DATA,AP,10:B4:1D:CC:60:E0,-27,11,1,7,1,1,1,1,0,0,1,-95,0,6,2,12870246,0,68,0,0,12.5797,384,[0 0 0 0 0 0 0 0 0 0 0 0 1 -12 1 -12 1 -12 0 -11 0 -11 0 -11 0 -11 0 -11 0 -11 -1 -11 -1 -11 -1 -10 -1 -10 -2 -10 -2 -10 -2 -10 -2 -10 -3 -10 -3 -10 -3 -10 -3 -10 -3 -10 -3 -10 -3 -10 -4 -10 -4 -10 0 0 -3 -10 -4 -11 -4 -10 -4 -11 -3 -11 -3 -11 -3 -11 -3 -11 -2 -10 -2 -10 -2 -10 -2 -10 -1 -10 -1 -10 -1 -10 -1 -9 -1 -10 0 -9 0 -9 0 -8 0 -8 1 -8 1 -8 1 -8 1 -7 2 -7 0 0 0 0 0 0 0 0 0 0 ]
CSI_DATA,AP,10:B4:1D:CC:60:E0,-27,11,1,7,1,1,1,1,0,0,1,-95,0,6,2,12960234,0,68,0,0,12.6697,384,[0 0 0 0 0 0 0 0 0 0 0 0 -7 -9 -7 -9 -7 -9 -7 -9 -7 -9 -7 -9 -7 -9 -7 -8 -7 -8 -7 -8 -7 -8 -7 -8 -7 -7 -8 -7 -8 -7 -8 -7 -8 -7 -8 -6 -8 -6 -8 -6 -8 -6 -8 -6 -8 -6 -8 -6 -9 -6 -9 -6 0 0 -9 -6 -9 -6 -9 -6 -9 -6 -9 -7 -9 -7 -8 -7 -8 -7 -8 -7 -8 -7 -8 -7 -7 -7 -7 -7 -6 -7 -6 -7 -6 -7 -6 -7 -5 -7 -5 -7 -5 -7 -4 -7 -4 -7 -4 -7 -3 -7 -3 -7 -2 -7 0 0 0 0 0 0 0 0 0 0 ]
CSI_DATA,AP,10:B4:1D:CC:60:E0,-27,11,1,7,1,1,1,1,0,0,1,-95,0,6,2,13050413,0,68,0,0,12.7598,384,[0 0 0 0 0 0 0 0 0 0 0 0 -5 -11 -5 -11 -5 -10 -5 -10 -5 -10 -5 -10 -5 -10 -5 -10 -5 -9 -6 -9 -6 -9 -6 -9 -6 -9 -6 -9 -7 -8 -6 -8 -7 -8 -7 -8 -7 -8 -7 -8 -7 -8 -7 -8 -7 -7 -8 -8 -8 -8 -8 -7 0 0 -8 -8 -8 -8 -8 -8 -8 -8 -8 -8 -8 -8 -8 -8 -7 -8 -7 -8 -7 -8 -7 -8 -6 -8 -6 -8 -6 -8 -5 -8 -5 -8 -5 -8 -4 -8 -4 -8 -4 -8 -4 -8 -3 -8 -3 -7 -2 -7 -2 -7 -1 -7 0 0 0 0 0 0 0 0 0 0 ]
CSI_DATA,AP,10:B4:1D:CC:60:E0,-27,11,1,7,1,1,1,1,0,0,1,-95,0,6,2,13140735,0,68,0,0,12.8502,384,[0 0 0 0 0 0 0 0 0 0 0 0 0 11 0 11 0 10 1 10 1 10 1 10 1 10 1 10 1 10 1 9 2 9 2 9 2 9 2 9 2 9 2 9 3 9 3 8 3 9 3 9 3 8 4 9 4 8 4 9 4 9 4 9 0 0 4 9 4 9 4 9 4 9 4 9 4 9 3 9 3 9 3 9 3 9 3 9 2 9 2 9 2 8 1 8 1 8 1 8 1 8 0 8 0 7 0 7 -1 7 -1 7 -1 7 -1 6 -2 6 0 0 0 0 0 0 0 0 0 0 ]
CSI_DATA,AP,10:B4:1D:CC:60:E0,-27,11,1,7,1,1,1,1,0,0,1,-95,0,6,2,13230384,0,68,0,0,12.9398,384,[0 0 0 0 0 0 0 0 0 0 0 0 1 -12 1 -12 0 -11 0 -11 0 -11 0 -11 0 -11 -1 -11 -1 -11 -1 -11 -1 -11 -1 -10 -1 -11 -1 -10 -2 -10 -2 -10 -2 -10 -2 -10 -3 -10 -3 -10 -3 -10 -3 -10 -3 -10 -3 -10 -3 -10 -3 -10 0 0 -3 -11 -4 -11 -3 -11 -3 -11 -3 -11 -3 -11 -3 -11 -3 -11 -2 -10 -2 -10 -1 -10 -1 -10 -1 -10 -1 -10 -1 -10 -1 -9 0 -9 0 -9 0 -8 0 -8 1 -8 1 -8 1 -8 2 -7 2 -7 2 -7 0 0 0 0 0 0 0 0 0 0 ]
CSI_DATA,AP,10:B4:1D:CC:60:E0,-27,11,1,7,1,1,1,1,0,0,1,-95,0,6,2,13320525,0,68,0,0,13.0299,384,[0 0 0 0 0 0 0 0 0 0 0 0 -11 -3 -12 -3 -11 -2 -11 -2 -11 -2 -11 -2 -11 -2 -11 -2 -11 -1 -10 -1 -10 0 -10 0 -10 0 -10 0 -11 0 -10 0 -10 1 -10 1 -11 1 -10 1 -10 1 -10 1 -10 2 -10 2 -10 2 -11 2 0 0 -11 2 -10 2 -11 2 -10 2 -11 2 -11 2 -11 1 -11 1 -11 1 -10 1 -10 1 -10 0 -10 0 -10 0 -10 -1 -10 -1 -9 -1 -9 -1 -9 -1 -8 -2 -8 -2 -8 -2 -7 -2 -7 -3 -7 -3 -7 -3 0 0 0 0 0 0 0 0 0 0 ]
CSI_DATA,AP,10:B4:1D:CC:60:E0,-27,11,1,7,1,1,1,1,0,0,1,-95,0,6,2,13410284,0,68,0,0,13.1197,384,[0 0 0 0 0 0 0 0 0 0 0 0 2 -11 2 -11 2 -11 2 -11 2 -11 1 -11 2 -11 1 -11 1 -11 1 -11 1 -11 0 -11 0 -10 0 -10 -1 -10 -1 -10 -1 -10 -1 -10 -2 -10 -2 -10 -2 -10 -2 -10 -2 -10 -2 -11 -2 -11 -2 -11 0 0 -2 -11 -3 -11 -3 -11 -2 -11 -2 -11 -2 -11 -2 -11 -2 -11 -1 -11 -1 -11 -1 -11 -1 -10 0 -10 0 -10 0 -10 0 -9 0 -9 1 -9 1 -9 1 -8 1 -8 1 -8 2 -8 2 -7 2 -7 3 -7 0 0 0 0 0 0 0 0 0 0 ]
CSI_DATA,AP,10:B4:1D:CC:60:E0,-27,11,1,7,1,1,1,1,0,0,1,-95,0,6,2,13500210,0,68,0,0,13.2096,384,[0 0 0 0 0 0 0 0 0 0 0 0 -6 9 -5 9 -5 9 -5 9 -5 9 -5 9 -5 9 -5 9 -4 9 -4 9 -4 9 -4 9 -3 9 -3 9 -3 9 -3 9 -3 9 -2 9 -2 9 -2 10 -2 10 -2 10 -2 10 -1 10 -1 10 -2 10 0 0 -2 10 -2 10 -2 10 -2 10 -2 10 -2 10 -2 10 -3 10 -3 10 -3 9 -3 9 -3 9 -4 9 -4 9 -4 8 -4 8 -4 8 -4 7 -5 7 -5 7 -5 6 -5 6 -5 6 -5 5 -5 5 -6 4 0 0 0 0 0 0 0 0 0 0 ]
CSI_DATA,AP,10:B4:1D:CC:60:E0,-27,11,1,7,1,1,1,1,0,0,1,-95,0,6,2,13590199,0,68,0,0,13.2996,384,[0 0 0 0 0 0 0 0 0 0 0 0 -11 -3 -11 -3 -11 -2 -11 -2 -11 -2 -11 -2 -11 -2 -11 -1 -10 -1 -10 -1 -10 -1 -10 -1 -10 0 -10 0 -10 0 -10 0 -10 0 -10 1 -10 1 -10 1 -10 1 -10 2 -10 2 -10 2 -10 2 -10 2 0 0 -11 2 -11 2 -11 2 -11 2 -11 2 -11 2 -11 1 -11 1 -11 1 -11 1 -10 0 -10 0 -10 0 -10 0 -10 -1 -10 -1 -9 -1 -9 -1 -9 -1 -9 -2 -8 -2 -8 -2 -8 -2 -8 -3 -7 -3 -7 -3 0 0 0 0 0 0 0 0 0 0 ]
CSI_DATA,AP,10:B4:1D:CC:60:E0,-26,11,1,7,1,1,1,1,0,0,1,-95,0,6,2,13680296,0,68,0,0,13.3897,384,[0 0 0 0 0 0 0 0 0 0 0 0 -1 11 -1 11 -1 10 0 10 -1 10 0 10 0 10 0 10 0 10 1 10 1 10 1 9 1 9 2 9 2 9 2 9 2 9 2 9 3 9 3 9 3 9 3 9 3 9 3 9 4 9 4 9 0 0 4 9 4 9 4 9 4 9 4 10 3 10 3 10 3 10 3 9 2 9 2 9 2 10 2 9 2 9 1 9 1 9 1 8 0 8 0 8 0 8 0 8 -1 8 -1 7 -1 7 -2 7 -2 6 0 0 0 0 0 0 0 0 0 0 ]
CSI_DATA,AP,10:B4:1D:CC:60:E0,-28,11,1,7,1,1,1,1,0,0,1,-95,0,6,2,13770277,0,68,0,0,13.4797,384,[0 0 0 0 0 0 0 0 0 0 0 0 -11 3 -11 3 -10 3 -10 3 -10 3 -10 3 -10 3 -10 3 -9 4 -9 4 -9 4 -9 4 -9 4 -9 4 -8 5 -8 5 -8 5 -8 5 -8 5 -8 6 -7 6 -7 6 -7 6 -8 6 -7 6 -7 6 0 0 -8 6 -8 6 -7 6 -8 7 -8 6 -8 6 -8 6 -8 6 -8 6 -8 5 -8 5 -8 5 -8 5 -8 4 -8 4 -8 4 -8 3 -8 3 -8 3 -8 3 -8 2 -8 2 -7 1 -7 1 -7 1 -7 0 0 0 0 0 0 0 0 0 0 0 ]
CSI_DATA,AP,10:B4:1D:CC:60:E0,-28,11,1,7,1,1,1,1,0,0,1,-95,0,6,2,13860330,0,68,0,0,13.5698,384,[0 0 0 0 0 0 0 0 0 0 0 0 -7 8 -7 8 -7 8 -7 8 -7 8 -7 8 -7 7 -6 8 -6 8 -5 8 -5 8 -5 8 -5 8 -5 8 -5 8 -5 8 -5 8 -4 8 -4 8 -4 8 -4 8 -4 8 -3 8 -3 9 -3 9 -3 9 0 0 -4 9 -3 9 -4 9 -4 9 -4 9 -4 9 -4 9 -4 9 -5 8 -4 8 -5 8 -5 8 -5 8 -5 7 -5 7 -5 7 -5 6 -5 6 -5 6 -5 5 -6 5 -6 5 -5 4 -6 4 -6 4 -6 3 0 0 0 0 0 0 0 0 0 0 ]
CSI_DATA,AP,10:B4:1D:CC:60:E0,-28,11,1,7,1,1,1,1,0,0,1,-95,0,6,2,13950332,0,68,0,0,13.6598,384,[0 0 0 0 0 0 0 0 0 0 0 0 1 10 2 10 2 10 2 10 2 10 2 10 2 9 2 9 2 9 2 9 3 9 3 8 3 8 3 8 3 8 3 8 4 8 4 8 4 8 4 8 4 8 4 8 5 7 5 8 5 8 5 8 0 0 5 8 5 8 5 8 5 8 5 8 5 8 5 8 4 9 4 8 4 8 3 9 3 8 3 8 3 8 3 8 2 8 2 8 2 8 1 7 1 7 1 7 0 7 0 7 0 7 -1 6 -1 6 0 0 0 0 0 0 0 0 0 0 ]
CSI_DATA,AP,10:B4:1D:CC:60:E0,-22,11,1,7,1,1,1,1,0,0,1,-95,0,6,2,14040351,0,68,0,0,13.7498,384,[0 0 0 0 0 0 0 0 0 0 0 0 10 3 10 3 10 3 10 3 10 3 10 3 10 3 10 2 10 2 10 2 10 2 9 1 10 1 9 1 10 1 9 0 9 0 9 0 10 0 9 0 9 -1 9 -1 9 -1 10 -1 9 -1 10 -1 0 0 10 -1 10 -1 10 -1 10 -1 10 -1 10 0 10 0 10 0 10 0 9 0 9 0 9 0 9 1 9 1 8 1 8 1 8 1 8 2 7 2 7 2 7 2 6 2 6 2 6 3 6 3 5 3 0 0 0 0 0 0 0 0 0 0 ]
CSI_DATA,AP,10:B4:1D:CC:60:E0,-35,11,1,7,1,1,1,1,0,0,1,-95,0,6,2,14130310,0,68,0,0,13.8397,384,[0 0 0 0 0 0 0 0 0 0 0 0 6 -9 6 -9 5 -9 5 -9 5 -10 5 -10 5 -10 5 -10 4 -10 4 -10 3 -10 3 -10 3 -10 3 -10 3 -11 2 -11 2 -11 2 -11 1 -11 2 -11 1 -12 1 -12 1 -12 0 -12 1 -12 0 -13 0 0 1 -13 1 -13 1 -13 1 -13 1 -13 1 -13 1 -13 2 -13 2 -13 2 -13 2 -13 2 -13 2 -12 3 -12 3 -12 3 -11 3 -11 3 -11 4 -10 4 -10 4 -10 4 -9 4 -9 4 -9 5 -8 5 -8 0 0 0 0 0 0 0 0 0 0 ]
CSI_DATA,AP,10:B4:1D:CC:60:E0,-28,11,1,7,1,1,1,1,0,0,1,-95,0,6,2,14220381,0,68,0,0,13.9298,384,[0 0 0 0 0 0 0 0 0 0 0 0 -5 10 -5 10 -5 10 -5 9 -4 9 -4 9 -4 9 -4 9 -4 9 -4 9 -3 9 -3 9 -3 9 -3 9 -2 9 -2 9 -2 9 -1 9 -1 9 -1 9 -1 9 -1 10 -1 10 0 9 0 9 0 10 0 0 0 10 0 10 0 10 0 10 0 10 -1 10 -1 10 -1 10 -1 9 -2 9 -2 9 -2 9 -2 9 -2 8 -2 8 -3 8 -3 8 -3 8 -3 7 -3 7 -3 7 -4 6 -4 6 -4 6 -4 6 -5 5 0 0 0 0 0 0 0 0 0 0 ]
CSI_DATA,AP,10:B4:1D:CC:60:E0,-29,11,1,7,1,1,1,1,0,0,1,-95,0,6,2,14310208,0,68,0,0,14.0196,384,[0 0 0 0 0 0 0 0 0 0 0 0 -10 -7 -9 -6 -10 -6 -9 -6 -9 -6 -9 -6 -9 -5 -9 -5 -9 -5 -9 -5 -9 -5 -9 -4 -9 -4 -9 -4 -9 -4 -9 -3 -9 -3 -10 -3 -9 -3 -10 -3 -10 -3 -10 -2 -10 -2 -10 -2 -10 -2 -10 -2 0 0 -10 -2 -10 -2 -10 -2 -11 -2 -10 -3 -10 -3 -10 -3 -10 -3 -10 -3 -10 -3 -10 -3 -9 -4 -9 -4 -9 -4 -9 -4 -8 -4 -8 -4 -8 -4 -7 -4 -7 -5 -7 -5 -6 -5 -6 -5 -6 -5 -6 -5 -5 -6 0 0 0 0 0 0 0 0 0 0 ]
CSI_DATA,AP,10:B4:1D:CC:60:E0,-28,11,1,7,1,1,1,1,0,0,1,-95,0,6,2,14400262,0,68,0,0,14.1097,384,[0 0 0 0 0 0 0 0 0 0 0 0 10 -5 10 -5 9 -5 9 -5 9 -5 9 -5 9 -5 9 -6 8 -5 8 -6 8 -6 8 -6 8 -6 7 -6 7 -6 7 -7 7 -7 7 -7 7 -7 7 -7 6 -8 6 -8 6 -8 6 -8 6 -8 6 -9 0 0 7 -9 6 -8 6 -9 7 -9 7 -9 7 -9 7 -8 7 -8 7 -8 7 -7 7 -7 7 -7 7 -7 7 -6 8 -6 7 -6 7 -5 7 -5 7 -5 7 -4 7 -4 7 -4 7 -4 7 -3 7 -3 7 -2 0 0 0 0 0 0 0 0 0 0 ]
CSI_DATA,AP,10:B4:1D:CC:60:E0,-35,11,1,7,1,1,1,1,0,0,1,-95,0,6,2,14490500,0,68,0,0,14.1999,384,[0 0 0 0 0 0 0 0 0 0 0 0 6 -8 7 -7 6 -8 6 -7 6 -7 6 -8 5 -8 5 -7 5 -7 5 -7 4 -7 4 -7 4 -8 4 -8 4 -8 3 -8 3 -8 3 -8 3 -8 3 -8 3 -8 3 -8 3 -8 2 -9 2 -9 2 -8 0 0 2 -9 2 -9 2 -9 3 -9 2 -9 3 -9 3 -9 3 -8 3 -8 3 -8 3 -8 3 -8 4 -8 4 -7 4 -7 4 -7 4 -7 4 -6 4 -6 4 -6 4 -6 4 -5 4 -5 4 -5 4 -4 4 -4 0 0 0 0 0 0 0 0 0 0 ]
CSI_DATA,AP,10:B4:1D:CC:60:E0,-35,11,1,7,1,1,1,1,0,0,1,-95,0,6,2,14580308,0,68,0,0,14.2897,384,[0 0 0 0 0 0 0 0 0 0 0 0 -3 -10 -4 -10 -3 -10 -3 -10 -3 -9 -3 -9 -3 -9 -4 -9 -4 -8 -4 -8 -4 -8 -4 -8 -4 -8 -4 -8 -5 -8 -4 -7 -5 -7 -5 -7 -5 -7 -5 -7 -5 -7 -5 -7 -5 -7 -5 -7 -6 -7 -6 -7 0 0 -5 -7 -6 -7 -6 -7 -5 -7 -5 -7 -5 -7 -5 -7 -5 -7 -5 -7 -5 -7 -4 -7 -4 -7 -4 -7 -4 -7 -4 -7 -3 -7 -3 -7 -3 -6 -3 -6 -3 -6 -2 -6 -2 -6 -2 -6 -1 -6 -1 -6 -1 -6 0 0 0 0 0 0 0 0 0 0 ]
CSI_DATA,AP,10:B4:1D:CC:60:E0,-35,11,1,7,1,1,1,1,0,0,1,-95,0,6,2,14670316,0,68,0,0,14.3797,384,[0 0 0 0 0 0 0 0 0 0 0 0 -7 -8 -7 -8 -7 -8 -7 -8 -7 -7 -7 -7 -7 -7 -7 -7 -7 -7 -7 -6 -7 -6 -7 -6 -7 -6 -7 -6 -7 -6 -7 -5 -7 -5 -7 -5 -7 -5 -7 -5 -7 -5 -7 -4 -7 -4 -8 -4 -8 -4 -8 -4 0 0 -8 -4 -7 -4 -8 -4 -8 -4 -8 -5 -7 -5 -7 -5 -7 -5 -7 -5 -7 -5 -7 -5 -6 -5 -6 -5 -6 -6 -5 -5 -5 -5 -5 -5 -5 -5 -5 -5 -4 -5 -4 -6 -4 -5 -3 -5 -3 -5 -3 -5 -2 -5 0 0 0 0 0 0 0 0 0 0 ]
CSI_DATA,AP,10:B4:1D:CC:60:E0,-36,11,1,7,1,1,1,1,0,0,1,-95,0,6,2,14760396,0,68,0,0,14.4698,384,[0 0 0 0 0 0 0 0 0 0 0 0 -8 6 -8 6 -7 7 -7 7 -7 7 -7 6 -7 6 -6 6 -6 6 -6 6 -6 7 -5 6 -5 6 -5 6 -5 6 -5 7 -4 7 -4 7 -4 7 -4 7 -4 7 -4 7 -4 7 -4 7 -3 7 -4 7 0 0 -4 7 -3 7 -4 7 -4 7 -4 7 -4 7 -4 7 -4 7 -4 7 -4 7 -4 6 -4 6 -5 6 -5 6 -5 5 -5 5 -5 5 -5 5 -5 4 -5 4 -5 4 -5 4 -5 4 -5 3 -5 3 -5 2 0 0 0 0 0 0 0 0 0 0 ]
CSI_DATA,AP,10:B4:1D:CC:60:E0,-36,11,1,7,1,1,1,1,0,0,1,-95,0,6,2,14850356,0,68,0,0,14.5598,384,[0 0 0 0 0 0 0 0 0 0 0 0 3 -10 3 -10 2 -9 2 -9 2 -9 2 -9 2 -9 2 -9 2 -9 1 -9 1 -9 1 -9 1 -9 0 -9 0 -9 0 -8 0 -8 0 -8 0 -8 0 -9 0 -8 0 -8 0 -8 -1 -8 -1 -8 -1 -9 0 0 -1 -9 -1 -9 -1 -9 -1 -9 0 -9 0 -9 0 -9 0 -9 0 -9 1 -8 0 -8 0 -8 1 -8 1 -8 1 -8 1 -7 1 -7 1 -7 2 -7 2 -6 2 -6 2 -6 3 -6 3 -6 3 -5 3 -5 0 0 0 0 0 0 0 0 0 0 ]
CSI_DATA,AP,10:B4:1D:CC:60:E0,-36,11,1,7,1,1,1,1,0,0,1,-95,0,6,2,14940258,0,68,0,0,14.6497,384,[0 0 0 0 0 0 0 0 0 0 0 0 -5 8 -5 8 -5 8 -4 8 -5 8 -4 8 -4 8 -4 8 -4 8 -4 8 -3 7 -3 7 -3 7 -3 7 -2 7 -3 7 -2 7 -2 7 -2 7 -1 8 -1 7 -1 8 -2 7 -1 8 -1 8 -1 8 0 0 -1 8 -1 8 -1 8 -1 8 -2 8 -1 8 -2 8 -2 8 -2 8 -2 8 -2 7 -3 8 -3 7 -3 7 -3 6 -3 6 -3 7 -3 6 -3 6 -4 6 -4 5 -4 5 -4 5 -5 5 -4 4 -5 4 0 0 0 0 0 0 0 0 0 0 ]
CSI_DATA,AP,10:B4:1D:CC:60:E0,-35,11,1,7,1,1,1,1,0,0,1,-95,0,6,2,15031328,0,68,0,0,14.7407,384,[0 0 0 0 0 0 0 0 0 0 0 0 -2 9 -2 9 -1 9 -1 9 -1 8 -1 8 -1 8 -1 8 -1 8 0 8 0 8 0 8 0 8 0 7 0 7 0 7 1 7 1 7 1 7 1 7 1 7 1 7 1 7 2 7 2 7 2 7 0 0 1 7 2 7 2 8 2 8 2 8 1 8 1 8 1 8 1 8 0 8 1 7 0 8 0 7 0 7 0 7 0 7 -1 7 -1 6 -1 6 -1 6 -2 6 -2 6 -2 6 -2 6 -2 5 -3 5 0 0 0 0 0 0 0 0 0 0 ]
CSI_DATA,AP,10:B4:1D:CC:60:E0,-35,11,1,7,1,1,1,1,0,0,1,-95,0,6,2,15120469,0,68,0,0,14.8299,384,[0 0 0 0 0 0 0 0 0 0 0 0 7 -7 7 -7 7 -7 6 -6 6 -6 6 -7 6 -7 6 -7 6 -6 6 -7 5 -6 5 -7 5 -7 4 -7 4 -7 4 -7 4 -7 4 -7 4 -7 4 -7 4 -7 4 -7 4 -7 3 -8 3 -8 3 -8 0 0 4 -8 3 -8 4 -8 4 -8 4 -8 4 -8 4 -7 4 -7 4 -7 5 -7 5 -6 5 -7 5 -6 5 -6 5 -6 5 -5 5 -5 5 -5 5 -5 5 -4 5 -4 5 -4 5 -4 5 -3 5 -3 5 -2 0 0 0 0 0 0 0 0 0 0 ]
CSI_DATA,AP,10:B4:1D:CC:60:E0,-35,11,1,7,1,1,1,1,0,0,1,-95,0,6,2,15210372,0,68,0,0,14.9198,384,[0 0 0 0 0 0 0 0 0 0 0 0 -10 2 -10 3 -9 3 -10 3 -9 3 -9 3 -9 3 -9 3 -9 3 -8 3 -9 3 -8 3 -8 3 -8 3 -8 4 -7 4 -7 4 -7 4 -7 4 -7 4 -7 4 -7 5 -7 4 -7 5 -7 5 -7 5 0 0 -7 5 -7 5 -7 5 -7 5 -7 5 -8 5 -7 4 -8 4 -8 4 -8 3 -7 4 -7 3 -7 3 -8 3 -7 3 -7 2 -7 2 -7 2 -7 1 -7 1 -7 1 -7 1 -7 1 -7 0 -7 0 -6 -1 0 0 0 0 0 0 0 0 0 0 ]
CSI_DATA,AP,10:B4:1D:CC:60:E0,-35,11,1,7,1,1,1,1,0,0,1,-95,0,6,2,15300364,0,68,0,0,15.0098,384,[0 0 0 0 0 0 0 0 0 0 0 0 -4 -10 -4 -10 -4 -10 -4 -9 -4 -9 -4 -9 -4 -9 -4 -9 -4 -9 -4 -8 -4 -8 -4 -8 -4 -8 -5 -8 -5 -8 -5 -7 -5 -7 -5 -7 -6 -7 -5 -7 -6 -7 -6 -7 -6 -7 -6 -7 -6 -7 -6 -7 0 0 -6 -7 -6 -7 -6 -7 -6 -7 -6 -7 -6 -7 -6 -8 -5 -7 -5 -7 -5 -7 -5 -7 -5 -7 -4 -7 -4 -7 -4 -7 -4 -7 -3 -7 -3 -7 -3 -7 -3 -7 -2 -7 -2 -6 -2 -7 -2 -7 -1 -6 -1 -6 0 0 0 0 0 0 0 0 0 0 ]
CSI_DATA,AP,10:B4:1D:CC:60:E0,-34,11,1,7,1,1,1,1,0,0,1,-95,0,6,2,15390266,0,68,0,0,15.0997,384,[0 0 0 0 0 0 0 0 0 0 0 0 -1 10 -1 10 0 9 0 9 0 9 0 9 0 9 0 9 0 8 1 8 1 8 1 8 1 8 1 8 1 8 1 7 2 8 2 7 2 8 2 8 2 7 2 7 3 7 3 7 3 7 3 7 0 0 3 8 3 7 3 8 3 7 2 8 2 8 2 8 2 8 2 8 2 7 2 7 1 7 1 7 1 7 1 6 0 7 0 6 0 6 0 6 0 6 -1 6 -1 6 -1 6 -1 6 -2 5 -2 5 0 0 0 0 0 0 0 0 0 0 ]
CSI_DATA,AP,10:B4:1D:CC:60:E0,-32,11,1,7,1,1,1,1,0,0,1,-96,0,6,2,15480272,0,68,0,0,15.1897,384,[0 0 0 0 0 0 0 0 0 0 0 0 -10 3 -10 3 -10 3 -10 3 -10 3 -10 3 -9 4 -9 3 -9 4 -9 4 -8 4 -8 4 -8 4 -8 4 -8 4 -8 4 -7 4 -7 5 -7 5 -7 5 -7 5 -7 5 -7 5 -7 5 -7 5 -7 5 0 0 -7 5 -7 5 -7 5 -7 5 -7 5 -7 5 -7 5 -8 4 -8 4 -7 4 -7 4 -7 4 -7 4 -7 3 -7 3 -7 2 -7 2 -7 2 -7 2 -7 1 -7 1 -7 1 -6 1 -6 1 -6 0 -6 0 0 0 0 0 0 0 0 0 0 0 ]
CSI_DATA,AP,10:B4:1D:CC:60:E0,-29,11,1,7,1,1,1,1,0,0,1,-96,0,6,2,15570488,0,68,0,0,15.2799,384,[0 0 0 0 0 0 0 0 0 0 0 0 -2 -11 -1 -11 -2 -11 -2 -11 -2 -10 -2 -10 -2 -10 -2 -10 -2 -10 -3 -10 -3 -10 -3 -10 -3 -10 -4 -9 -4 -9 -4 -9 -4 -9 -4 -9 -5 -9 -4 -9 -5 -9 -5 -9 -5 -9 -5 -9 -5 -9 -5 -9 0 0 -5 -9 -5 -9 -5 -9 -5 -9 -5 -10 -5 -10 -5 -10 -4 -10 -4 -10 -4 -9 -4 -9 -4 -9 -3 -9 -3 -9 -3 -9 -2 -9 -2 -9 -2 -8 -1 -8 -1 -8 -1 -8 0 -8 0 -8 0 -8 0 -7 1 -7 0 0 0 0 0 0 0 0 0 0 ]
CSI_DATA,AP,10:B4:1D:CC:60:E0,-28,11,1,7,1,1,1,1,0,0,1,-96,0,6,2,15660213,0,68,0,0,15.3696,384,[0 0 0 0 0 0 0 0 0 0 0 0 6 -10 6 -9 6 -9 6 -9 6 -9 5 -9 5 -9 5 -9 5 -9 4 -9 4 -9 4 -9 4 -10 3 -10 3 -10 3 -10 3 -10 2 -10 2 -10 2 -10 2 -10 2 -10 2 -10 1 -11 1 -11 1 -10 0 0 1 -11 1 -11 1 -11 1 -11 1 -11 2 -11 2 -11 2 -11 2 -11 2 -11 2 -10 3 -10 3 -10 3 -10 3 -9 3 -9 3 -9 4 -9 4 -8 4 -8 4 -8 4 -7 4 -7 4 -7 5 -6 5 -6 0 0 0 0 0 0 0 0 0 0 ]
CSI_DATA,AP,10:B4:1D:CC:60:E0,-25,11,1,7,1,1,1,1,0,0,1,-95,0,6,2,15750231,0,68,0,0,15.4597,384,[0 0 0 0 0 0 0 0 0 0 0 0 -4 -12 -4 -12 -4 -11 -4 -11 -4 -11 -4 -11 -4 -10 -4 -10 -4 -10 -5 -10 -5 -10 -5 -10 -5 -10 -5 -9 -5 -9 -5 -9 -5 -9 -6 -9 -6 -9 -6 -9 -6 -9 -6 -9 -6 -9 -7 -9 -7 -9 -7 -9 0 0 -7 -9 -7 -9 -7 -9 -7 -9 -6 -9 -6 -10 -6 -10 -6 -10 -6 -10 -5 -9 -5 -9 -5 -10 -4 -10 -4 -10 -4 -9 -4 -9 -3 -9 -3 -9 -3 -9 -2 -8 -2 -8 -2 -8 -1 -8 -1 -8 -1 -8 0 -8 0 0 0 0 0 0 0 0 0 0 ]
CSI_DATA,AP,10:B4:1D:CC:60:E0,-27,11,1,7,1,1,1,1,0,0,1,-95,0,6,2,15843476,0,68,0,0,15.5529,384,[0 0 0 0 0 0 0 0 0 0 0 0 -3 -12 -3 -11 -3 -11 -3 -11 -4 -11 -4 -11 -4 -10 -4 -10 -4 -10 -4 -10 -4 -10 -4 -9 -5 -9 -5 -9 -5 -9 -5 -9 -5 -9 -5 -9 -6 -9 -6 -9 -6 -9 -6 -9 -6 -8 -7 -8 -7 -9 -7 -8 0 0 -7 -9 -7 -9 -7 -9 -7 -9 -6 -9 -6 -9 -6 -9 -6 -9 -5 -9 -5 -9 -5 -9 -5 -9 -5 -9 -4 -9 -4 -9 -4 -9 -3 -9 -3 -8 -3 -8 -2 -8 -2 -8 -2 -8 -2 -8 -1 -8 -1 -8 0 -7 0 0 0 0 0 0 0 0 0 0 ]
CSI_DATA,AP,10:B4:1D:CC:60:E0,-27,11,1,7,1,1,1,1,0,0,1,-95,0,6,2,15930348,0,68,0,0,15.6398,384,[0 0 0 0 0 0 0 0 0 0 0 0 9 -6 9 -7 9 -6 8 -6 8 -6 8 -7 8 -6 8 -7 7 -6 7 -7 7 -7 6 -7 6 -7 6 -8 6 -8 6 -7 6 -8 5 -8 5 -8 5 -8 5 -8 5 -8 5 -9 5 -9 5 -9 5 -9 0 0 5 -9 5 -9 5 -9 5 -9 5 -9 6 -9 6 -8 6 -8 6 -8 6 -8 6 -8 6 -8 6 -8 6 -7 6 -6 6 -6 6 -6 6 -6 6 -5 6 -4 6 -5 6 -4 6 -4 6 -4 6 -3 6 -3 0 0 0 0 0 0 0 0 0 0 ]
CSI_DATA,AP,10:B4:1D:CC:60:E0,-27,11,1,7,1,1,1,1,0,0,1,-95,0,6,2,16020259,0,68,0,0,15.7297,384,[0 0 0 0 0 0 0 0 0 0 0 0 11 3 10 2 10 2 10 2 10 2 10 2 10 2 10 2 10 1 10 1 10 1 9 1 10 0 10 0 9 0 10 0 9 -1 10 -1 9 -1 9 -1 10 -1 10 -1 10 -2 10 -2 10 -2 10 -2 0 0 10 -2 10 -2 10 -2 10 -2 10 -2 10 -1 10 -1 10 -1 10 -1 10 -1 10 -1 10 0 9 0 9 0 9 0 9 1 8 1 8 1 8 1 8 2 7 2 7 2 7 2 7 3 6 3 6 3 0 0 0 0 0 0 0 0 0 0 ]
CSI_DATA,AP,10:B4:1D:CC:60:E0,-27,11,1,7,1,1,1,1,0,0,1,-95,0,6,2,16110500,0,68,0,0,15.8199,384,[0 0 0 0 0 0 0 0 0 0 0 0 5 -10 4 -11 4 -10 4 -11 4 -10 4 -10 4 -10 3 -10 3 -10 3 -10 3 -10 3 -10 2 -10 2 -10 2 -10 2 -10 2 -10 1 -10 1 -11 1 -11 1 -10 0 -11 0 -11 0 -11 0 -11 0 -11 0 0 0 -11 0 -11 0 -11 0 -11 1 -11 1 -11 1 -11 1 -11 2 -11 2 -10 2 -10 2 -10 2 -10 2 -10 3 -9 3 -9 3 -9 3 -8 3 -8 3 -8 3 -7 4 -7 3 -7 4 -7 4 -6 4 -6 0 0 0 0 0 0 0 0 0 0 ]
CSI_DATA,AP,10:B4:1D:CC:60:E0,-26,11,1,7,1,1,1,1,0,0,1,-95,0,6,2,16200386,0,68,0,0,15.9098,384,[0 0 0 0 0 0 0 0 0 0 0 0 11 -1 11 -1 11 -1 11 -1 10 -1 10 -1 10 -1 10 -1 10 -2 10 -2 10 -2 9 -2 9 -3 9 -3 9 -3 9 -3 9 -3 9 -4 9 -4 9 -4 9 -4 9 -4 9 -4 9 -5 9 -5 9 -5 0 0 9 -5 9 -5 9 -5 9 -5 9 -5 9 -4 9 -4 9 -4 9 -4 9 -3 9 -3 9 -3 9 -3 9 -2 9 -2 8 -2 8 -2 8 -1 8 -1 7 -1 7 -1 7 0 7 0 7 0 6 0 6 1 0 0 0 0 0 0 0 0 0 0 ]
CSI_DATA,AP,10:B4:1D:CC:60:E0,-27,11,1,7,1,1,1,1,0,0,1,-95,0,6,2,16290379,0,68,0,0,15.9998,384,[0 0 0 0 0 0 0 0 0 0 0 0 4 -11 5 -11 4 -11 4 -10 4 -10 4 -10 4 -10 3 -10 3 -10 3 -10 2 -10 2 -10 2 -10 2 -10 1 -10 1 -10 1 -10 1 -10 0 -10 0 -11 0 -11 0 -10 0 -11 0 -11 0 -11 0 -11 0 0 0 -11 0 -11 0 -11 0 -11 0 -11 0 -11 0 -11 0 -11 1 -11 1 -11 1 -10 1 -10 1 -10 1 -10 2 -9 2 -9 2 -9 2 -9 2 -8 2 -8 3 -8 3 -7 3 -7 3 -7 3 -6 4 -6 0 0 0 0 0 0 0 0 0 0 ]
CSI_DATA,AP,10:B4:1D:CC:60:E0,-27,11,1,7,1,1,1,1,0,0,1,-95,0,6,2,16380233,0,68,0,0,16.0896,384,[0 0 0 0 0 0 0 0 0 0 0 0 11 2 11 2 11 2 10 2 10 2 10 2 10 2 10 1 10 1 10 1 10 0 10 0 10 0 9 0 10 0 10 -1 10 -1 10 -1 10 -1 10 -1 10 -1 10 -2 10 -2 10 -2 10 -2 10 -2 0 0 10 -2 10 -2 10 -2 10 -2 10 -2 10 -2 10 -1 10 -1 10 -1 10 -1 10 0 10 0 9 0 9 0 9 1 9 1 8 1 8 1 8 1 8 2 7 2 7 2 7 2 6 2 6 3 6 3 0 0 0 0 0 0 0 0 0 0 ]
CSI_DATA,AP,10:B4:1D:CC:60:E0,-27,11,1,7,1,1,1,1,0,0,1,-95,0,6,2,16470290,0,68,0,0,16.1797,384,[0 0 0 0 0 0 0 0 0 0 0 0 -11 3 -11 4 -11 4 -10 4 -10 4 -10 4 -10 4 -10 4 -9 4 -9 4 -9 5 -9 5 -9 5 -8 5 -8 5 -8 6 -8 6 -8 6 -8 6 -8 6 -7 6 -8 6 -7 7 -7 7 -7 7 -7 7 0 0 -8 7 -7 7 -8 7 -8 7 -8 7 -8 7 -8 7 -8 7 -8 6 -8 6 -8 6 -8 5 -8 5 -8 5 -8 5 -8 4 -8 4 -8 4 -8 3 -7 3 -8 3 -7 2 -7 2 -7 2 -7 1 -7 1 0 0 0 0 0 0 0 0 0 0 ]
CSI_DATA,AP,10:B4:1D:CC:60:E0,-26,11,1,7,1,1,1,1,0,0,1,-95,0,6,2,16560220,0,68,0,0,16.2696,384,[0 0 0 0 0 0 0 0 0 0 0 0 -9 7 -9 7 -8 7 -8 7 -8 7 -8 7 -8 7 -7 7 -7 7 -7 7 -7 7 -7 7 -7 7 -6 7 -6 8 -6 8 -6 8 -5 8 -5 8 -5 8 -5 8 -5 8 -5 8 -5 9 -5 9 -5 9 0 0 -5 9 -5 9 -5 9 -5 9 -5 9 -5 9 -5 9 -5 8 -6 8 -6 8 -6 7 -6 7 -6 7 -6 7 -6 6 -6 6 -6 6 -6 5 -6 5 -6 5 -6 4 -6 4 -6 4 -6 3 -7 3 -6 2 0 0 0 0 0 0 0 0 0 0 ]
CSI_DATA,AP,10:B4:1D:CC:60:E0,-26,11,1,7,1,1,1,1,0,0,1,-95,0,6,2,16650314,0,68,0,0,16.3597,384,[0 0 0 0 0 0 0 0 0 0 0 0 -3 -12 -3 -11 -3 -12 -3 -11 -3 -11 -3 -11 -3 -11 -3 -10 -4 -10 -4 -10 -4 -10 -4 -10 -4 -10 -5 -10 -5 -9 -5 -9 -5 -9 -5 -9 -6 -9 -6 -9 -6 -9 -6 -9 -6 -9 -6 -9 -7 -9 -7 -8 0 0 -7 -9 -7 -9 -7 -9 -7 -9 -6 -9 -7 -9 -7 -9 -6 -9 -6 -9 -6 -10 -5 -9 -5 -9 -5 -9 -4 -9 -4 -9 -4 -9 -4 -9 -3 -8 -3 -8 -3 -8 -3 -8 -2 -8 -2 -8 -1 -8 -1 -8 -1 -7 0 0 0 0 0 0 0 0 0 0 ]
CSI_DATA,AP,10:B4:1D:CC:60:E0,-26,11,1,7,1,1,1,1,0,0,1,-95,0,6,2,16740491,0,68,0,0,16.4499,384,[0 0 0 0 0 0 0 0 0 0 0 0 -2 -12 -2 -11 -2 -12 -2 -11 -2 -11 -2 -11 -2 -11 -2 -11 -3 -11 -3 -11 -3 -10 -3 -10 -3 -10 -4 -10 -4 -10 -4 -9 -4 -9 -4 -9 -5 -9 -5 -9 -5 -9 -5 -9 -5 -9 -6 -9 -6 -9 -5 -9 0 0 -5 -9 -6 -9 -6 -9 -6 -9 -6 -10 -5 -10 -5 -10 -5 -10 -5 -10 -4 -10 -4 -9 -4 -10 -4 -9 -3 -9 -3 -9 -3 -9 -3 -9 -2 -8 -2 -8 -2 -8 -2 -8 -1 -8 -1 -8 -1 -8 0 -7 0 -7 0 0 0 0 0 0 0 0 0 0 ]
CSI_DATA,AP,10:B4:1D:CC:60:E0,-26,11,1,7,1,1,1,1,0,0,1,-95,0,6,2,16830346,0,68,0,0,16.5398,384,[0 0 0 0 0 0 0 0 0 0 0 0 10 1 10 1 10 1 10 1 10 1 10 1 10 1 10 1 10 0 10 0 10 0 9 0 9 0 9 -1 9 -1 9 -1 9 -1 9 -2 9 -2 9 -2 9 -2 9 -2 9 -2 9 -3 9 -3 9 -3 0 0 10 -2 9 -2 9 -2 10 -2 10 -2 10 -2 10 -2 10 -1 10 -1 9 -1 9 -1 9 -1 9 0 9 0 8 0 8 0 8 1 8 1 8 1 7 1 7 2 7 2 7 2 6 2 6 2 6 3 0 0 0 0 0 0 0 0 0 0 ]
CSI_DATA,AP,10:B4:1D:CC:60:E0,-26,11,1,7,1,1,1,1,0,0,1,-95,0,6,2,16920267,0,68,0,0,16.6297,384,[0 0 0 0 0 0 0 0 0 0 0 0 7 8 7 8 7 8 7 8 7 7 6 7 7 7 6 7 7 7 7 6 7 6 7 6 7 6 7 5 7 5 8 5 8 5 8 4 8 4 8 4 8 4 8 4 9 4 9 4 9 4 9 4 0 0 9 4 9 4 9 4 9 4 9 4 9 4 9 4 9 4 8 4 8 5 8 4 8 5 7 5 7 5 7 5 7 5 6 5 6 5 6 5 5 5 5 5 5 5 4 5 4 5 4 5 3 5 0 0 0 0 0 0 0 0 0 0 ]
CSI_DATA,AP,10:B4:1D:CC:60:E0,-27,11,1,7,1,1,1,1,0,0,1,-95,0,6,2,17010319,0,68,0,0,16.7197,384,[0 0 0 0 0 0 0 0 0 0 0 0 5 -11 4 -11 4 -11 4 -11 4 -11 4 -11 3 -11 3 -10 3 -10 3 -11 2 -11 2 -10 2 -11 1 -10 1 -10 1 -10 1 -11 1 -10 0 -11 0 -11 0 -11 0 -11 0 -11 -1 -11 -1 -11 0 -11 0 0 0 -11 -1 -11 -1 -11 0 -11 0 -12 0 -12 0 -11 1 -11 1 -11 1 -11 1 -11 1 -10 1 -10 2 -10 1 -10 2 -9 2 -9 2 -9 2 -9 2 -8 3 -8 3 -8 3 -8 3 -7 3 -7 4 -6 0 0 0 0 0 0 0 0 0 0 ]
CSI_DATA,AP,10:B4:1D:CC:60:E0,-27,11,1,7,1,1,1,1,0,0,1,-95,0,6,2,17100500,0,68,0,0,16.8099,384,[0 0 0 0 0 0 0 0 0 0 0 0 7 -10 6 -10 6 -10 6 -10 6 -10 6 -9 5 -10 5 -10 5 -9 5 -10 5 -10 4 -10 4 -10 4 -10 4 -10 3 -10 3 -10 3 -10 3 -10 3 -10 2 -10 2 -10 2 -10 2 -11 2 -11 2 -11 0 0 2 -11 2 -11 2 -11 3 -11 3 -11 3 -11 3 -11 3 -11 3 -10 4 -10 3 -10 4 -10 4 -10 4 -9 4 -9 4 -8 4 -8 4 -8 4 -8 5 -7 5 -7 5 -7 5 -6 5 -6 5 -6 5 -5 0 0 0 0 0 0 0 0 0 0 ]
CSI_DATA,AP,10:B4:1D:CC:60:E0,-28,11,1,7,1,1,1,1,0,0,1,-95,0,6,2,17190393,0,68,0,0,16.8998,384,[0 0 0 0 0 0 0 0 0 0 0 0 8 7 8 7 8 7 8 7 8 6 8 6 8 6 8 6 8 5 8 5 8 5 8 5 8 4 8 4 9 4 9 4 9 4 9 3 9 3 9 3 9 3 9 3 9 2 10 2 10 2 10 2 0 0 10 3 10 2 10 3 10 2 10 3 10 3 10 3 9 3 9 3 9 4 9 4 8 4 8 4 8 4 8 4 7 4 7 4 7 4 6 4 6 4 6 4 5 5 5 5 5 5 5 5 4 5 0 0 0 0 0 0 0 0 0 0 ]
CSI_DATA,AP,10:B4:1D:CC:60:E0,-27,11,1,7,1,1,1,1,0,0,1,-95,0,6,2,17280188,0,68,0,0,16.9896,384,[0 0 0 0 0 0 0 0 0 0 0 0 4 -11 4 -11 4 -11 3 -11 3 -11 3 -11 3 -11 3 -10 3 -10 2 -10 2 -10 2 -10 1 -10 1 -10 1 -10 1 -10 1 -10 0 -10 0 -10 0 -10 0 -10 0 -10 0 -10 -1 -11 -1 -11 -1 -11 0 0 0 -11 -1 -11 -1 -11 0 -11 0 -11 0 -11 0 -11 0 -11 1 -11 1 -11 1 -10 1 -10 1 -10 2 -10 2 -9 2 -9 2 -9 2 -8 2 -8 3 -8 3 -7 3 -7 3 -7 3 -7 3 -6 4 -6 0 0 0 0 0 0 0 0 0 0 ]
CSI_DATA,AP,10:B4:1D:CC:60:E0,-27,11,1,7,1,1,1,1,0,0,1,-95,0,6,2,17370333,0,68,0,0,17.0798,384,[0 0 0 0 0 0 0 0 0 0 0 0 -3 11 -3 11 -2 11 -2 11 -2 10 -2 10 -2 10 -2 10 -2 10 -1 10 -1 10 -1 10 0 10 0 10 0 10 0 9 1 9 1 9 1 10 1 10 1 9 2 9 2 9 2 9 2 10 2 9 0 0 2 10 2 10 2 10 2 10 2 10 1 10 1 10 1 10 1 10 0 10 1 9 0 9 0 9 0 9 -1 9 -1 8 -1 8 -1 8 -1 7 -2 7 -2 7 -2 7 -2 7 -3 7 -3 6 -3 6 0 0 0 0 0 0 0 0 0 0 ]
CSI_DATA,AP,10:B4:1D:CC:60:E0,-26,11,1,7,1,1,1,1,0,0,1,-95,0,6,2,17460208,0,68,0,0,17.1696,384,[0 0 0 0 0 0 0 0 0 0 0 0 8 -9 7 -9 7 -9 7 -8 7 -9 7 -8 6 -9 6 -9 6 -9 6 -9 6 -9 5 -9 5 -9 5 -9 5 -9 4 -9 4 -9 4 -9 3 -10 3 -10 3 -10 3 -10 3 -10 3 -10 3 -10 3 -10 0 0 3 -10 3 -11 3 -11 3 -11 3 -10 4 -11 4 -11 4 -10 4 -10 4 -10 4 -9 4 -9 5 -9 5 -9 4 -8 5 -8 5 -8 5 -7 5 -7 5 -7 5 -6 5 -6 5 -6 5 -5 5 -5 5 -4 0 0 0 0 0 0 0 0 0 0 ]
CSI_DATA,AP,10:B4:1D:CC:60:E0,-27,11,1,7,1,1,1,1,0,0,1,-95,0,6,2,17550237,0,68,0,0,17.2597,384,[0 0 0 0 0 0 0 0 0 0 0 0 10 -4 10 -4 10 -4 10 -4 9 -5 9 -5 9 -5 9 -5 9 -5 8 -5 8 -5 8 -5 8 -6 8 -6 8 -6 8 -6 7 -6 7 -6 7 -6 7 -7 7 -7 7 -7 7 -7 7 -7 7 -7 7 -7 0 0 7 -8 7 -8 7 -7 7 -8 7 -7 7 -7 8 -7 7 -7 7 -7 8 -6 8 -6 7 -6 8 -6 7 -5 7 -5 7 -5 7 -4 7 -4 7 -4 7 -4 7 -3 7 -3 7 -3 6 -2 7 -2 6 -1 0 0 0 0 0 0 0 0 0 0 ]
CSI_DATA,AP,10:B4:1D:CC:60:E0,-26,11,1,7,1,1,1,1,0,0,1,-95,0,6,2,17640295,0,68,0,0,17.3497,384,[0 0 0 0 0 0 0 0 0 0 0 0 6 -9 6 -9 6 -9 6 -9 6 -9 5 -9 5 -9 5 -9 5 -9 5 -9 4 -9 4 -9 4 -9 3 -9 3 -9 3 -9 3 -9 3 -9 2 -10 2 -10 2 -10 2 -10 2 -10 2 -10 1 -10 2 -10 0 0 2 -10 2 -10 2 -10 2 -11 2 -10 2 -10 2 -10 2 -10 3 -10 3 -10 3 -9 3 -9 3 -9 3 -9 3 -8 4 -8 3 -8 4 -8 4 -7 4 -7 4 -7 4 -6 4 -6 4 -6 4 -6 4 -5 0 0 0 0 0 0 0 0 0 0 ]
CSI_DATA,AP,10:B4:1D:CC:60:E0,-25,11,1,7,1,1,1,1,0,0,1,-95,0,6,2,17730250,0,68,0,0,17.4397,384,[0 0 0 0 0 0 0 0 0 0 0 0 -1 11 -1 11 -1 11 -1 11 0 11 -1 10 0 10 0 10 0 10 0 10 0 10 1 10 1 10 1 10 1 9 2 9 2 9 2 9 2 9 2 9 2 9 3 9 3 9 3 9 3 9 3 9 0 0 3 9 3 10 3 9 3 10 3 10 2 10 2 10 2 10 2 9 1 10 1 9 1 9 1 9 0 9 0 8 0 8 0 8 0 8 -1 7 -1 7 -1 7 -2 7 -2 7 -2 7 -2 6 -3 6 0 0 0 0 0 0 0 0 0 0 ]
CSI_DATA,AP,10:B4:1D:CC:60:E0,-24,11,1,7,1,1,1,1,0,0,1,-95,0,6,2,17820338,0,68,0,0,17.5298,384,[0 0 0 0 0 0 0 0 0 0 0 0 1 11 1 11 1 11 1 10 1 10 1 10 1 10 1 10 2 10 2 10 2 9 2 9 3 9 3 9 3 9 3 9 3 8 3 8 4 9 4 8 4 8 4 9 4 8 5 8 5 8 5 8 0 0 4 8 5 9 5 9 5 9 5 9 4 9 4 9 4 9 3 9 3 9 3 9 3 9 2 9 2 8 2 8 2 8 1 8 1 8 1 7 0 7 0 7 0 7 0 7 0 7 -1 6 -1 6 0 0 0 0 0 0 0 0 0 0 ]
CSI_DATA,AP,10:B4:1D:CC:60:E0,-24,11,1,7,1,1,1,1,0,0,1,-95,0,6,2,17910685,0,68,0,0,17.6201,384,[0 0 0 0 0 0 0 0 0 0 0 0 10 4 10 4 10 4 10 4 10 4 10 3 10 3 10 3 10 3 10 3 10 2 9 2 9 2 10 2 9 2 10 1 9 1 10 1 9 1 10 0 10 0 10 0 10 0 10 0 10 0 10 0 0 0 10 0 10 0 10 0 10 0 10 0 10 0 10 1 10 1 10 1 10 1 9 2 9 2 9 2 8 2 8 2 8 2 8 3 7 2 7 3 7 3 6 3 6 3 6 4 5 3 5 4 4 4 0 0 0 0 0 0 0 0 0 0 ]
CSI_DATA,AP,10:B4:1D:CC:60:E0,-24,11,1,7,1,1,1,1,0,0,1,-95,0,6,2,18000207,0,68,0,0,17.7096,384,[0 0 0 0 0 0 0 0 0 0 0 0 3 10 3 10 4 10 4 10 3 10 4 10 3 9 3 9 3 9 4 9 4 8 4 8 5 8 5 8 5 8 5 8 5 8 5 7 5 8 5 8 5 7 6 8 6 7 6 7 6 7 6 7 0 0 6 8 6 8 6 8 6 7 6 8 6 8 5 8 5 8 5 8 5 8 5 8 4 8 4 8 4 8 3 8 3 7 3 7 2 7 2 7 1 7 1 7 1 7 1 7 0 7 0 6 0 6 0 0 0 0 0 0 0 0 0 0 ]
CSI_DATA,AP,10:B4:1D:CC:60:E0,-24,11,1,7,1,1,1,1,0,0,1,-95,0,6,2,18090407,0,68,0,0,17.7998,384,[0 0 0 0 0 0 0 0 0 0 0 0 -7 -10 -7 -10 -7 -10 -7 -10 -7 -10 -7 -9 -7 -9 -7 -9 -7 -9 -7 -8 -7 -8 -7 -8 -7 -8 -8 -8 -8 -8 -8 -7 -8 -7 -8 -7 -8 -7 -8 -7 -9 -7 -9 -7 -9 -7 -9 -7 -9 -7 -9 -6 0 0 -9 -7 -9 -7 -9 -7 -9 -7 -9 -7 -9 -7 -9 -7 -8 -7 -8 -7 -8 -7 -8 -7 -7 -8 -7 -8 -7 -8 -6 -7 -6 -7 -6 -7 -5 -7 -5 -7 -5 -7 -5 -7 -4 -7 -4 -7 -3 -7 -3 -7 -3 -7 0 0 0 0 0 0 0 0 0 0 ]
